Title,URL,Description,Details,ShortDetails,Resource,Type,Identifiers,Db,EntrezUID,Properties
"Validation of Photograph-Based Toxicity Score for Topical 5-Fluorouracil Cream Application.","/pubmed/27207349","Pomerantz H, Korgavkar K, Lee KC, Lew R, Weinstock MA; VAKCC Trial Group..","J Cutan Med Surg. 2016 Sep;20(5):458-66. doi: 10.1177/1203475416643952.","J Cutan Med Surg.  2016","PubMed","citation","PMID:27207349","pubmed","27207349","create date:2016/05/22 | first author:Pomerantz H",
"Partnering with health system operations leadership to develop a controlled implementation trial.","/pubmed/26912342","Bauer MS, Miller C, Kim B, Lew R, Weaver K, Coldwell C, Henderson K, Holmes S, Seibert MN, Stolzmann K, Elwy AR, Kirchner J.","Implement Sci. 2016 Feb 24;11:22. doi: 10.1186/s13012-016-0385-7.","Implement Sci.  2016","PubMed","citation","PMID:26912342 | PMCID:PMC4765154","pubmed","26912342","create date:2016/02/26 | first author:Bauer MS",
"Statistical considerations for stopping systemic lupus erythematosus clinical trials earlier.","/pubmed/26634344","Lew RA, Liang MH, Doros G.","Arthritis Res Ther. 2015 Dec 4;17:345. doi: 10.1186/s13075-015-0874-0. Review.","Arthritis Res Ther.  2015","PubMed","citation","PMID:26634344 | PMCID:PMC4669672","pubmed","26634344","create date:2015/12/05 | first author:Lew RA",
"Long-term Efficacy of Topical Fluorouracil Cream, 5%, for Treating Actinic Keratosis: A Randomized Clinical Trial.","/pubmed/25950503","Pomerantz H, Hogan D, Eilers D, Swetter SM, Chen SC, Jacob SE, Warshaw EM, Stricklin G, Dellavalle RP, Sidhu-Malik N, Konnikov N, Werth VP, Keri J, Lew R, Weinstock MA; Veterans Affairs Keratinocyte Carcinoma Chemoprevention (VAKCC) Trial Group..","JAMA Dermatol. 2015 Sep;151(9):952-60. doi: 10.1001/jamadermatol.2015.0502.","JAMA Dermatol.  2015","PubMed","citation","PMID:25950503","pubmed","25950503","create date:2015/05/08 | first author:Pomerantz H",
"Pharmacological evaluation of a novel phosphodiesterase 10A inhibitor in models of antipsychotic activity and cognition.","/pubmed/25989044","Jones PG, Hewitt MC, Campbell JE, Quinton MS, Engel S, Lew R, Campbell U, Burdi DF.","Pharmacol Biochem Behav. 2015 Aug;135:46-52. doi: 10.1016/j.pbb.2015.04.017.","Pharmacol Biochem Behav.  2015","PubMed","citation","PMID:25989044","pubmed","25989044","create date:2015/05/20 | first author:Jones PG",
"The impact of missing data on the results of a schizophrenia study.","/pubmed/25327503","Rybin D, Doros G, Rosenheck R, Lew R.","Pharm Stat. 2015 Jan-Feb;14(1):4-10. doi: 10.1002/pst.1651.","Pharm Stat.  2015","PubMed","citation","PMID:25327503","pubmed","25327503","create date:2014/10/21 | first author:Rybin D",
"Diameter of dysplastic nevi is a more robust biomarker of increased melanoma risk than degree of histologic dysplasia: a case-control study.","/pubmed/25454033","Xiong MY, Rabkin MS, Piepkorn MW, Barnhill RL, Argenyi Z, Erickson L, Guitart J, Lowe L, Shea CR, Trotter MJ, Lew RA, Weinstock MA.","J Am Acad Dermatol. 2014 Dec;71(6):1257-1258.e4. doi: 10.1016/j.jaad.2014.07.030. No abstract available. ","J Am Acad Dermatol.  2014","PubMed","citation","PMID:25454033","pubmed","25454033","create date:2014/12/03 | first author:Xiong MY",
"Polymorphous light eruption: a common skin disease uncommonly recognized in the Hispanic population.","/pubmed/25988060","Lew R, Jacob J.","Oxf Med Case Reports. 2014 Nov 18;2014(8):145-7. doi: 10.1093/omcr/omu055.","Oxf Med Case Reports.  2014","PubMed","citation","PMID:25988060 | PMCID:PMC4369994","pubmed","25988060","create date:2015/05/20 | first author:Lew R",
"Measuring the severity of topical 5-fluorouracil toxicity.","/pubmed/25008439","Korgavkar K, Firoz EF, Xiong M, Lew R, Marcolivio K, Burnside N, Dyer R, Weinstock MA; VAKCC Trial Group..","J Cutan Med Surg. 2014 Jul-Aug;18(4):229-35.","J Cutan Med Surg.  2014","PubMed","citation","PMID:25008439","pubmed","25008439","create date:2014/07/11 | first author:Korgavkar K",
"Differences in treatment effect among clinical subgroups in a randomized clinical trial of long-acting injectable risperidone and oral antipsychotics in unstable chronic schizophrenia.","/pubmed/24375206","Leatherman SM, Liang MH, Krystal JH, Lew RA, Valley D, Thwin SS, Rosenheck RA; CSP 555 Investigators..","J Nerv Ment Dis. 2014 Jan;202(1):13-7. doi: 10.1097/NMD.0000000000000069.","J Nerv Ment Dis.  2014","PubMed","citation","PMID:24375206","pubmed","24375206","create date:2014/01/01 | first author:Leatherman SM",
"Assessment of the minimum clinically important difference in quality of life in schizophrenia measured by the Quality of Well-Being Scale and disease-specific measures.","/pubmed/23473656","Thwin SS, Hermes E, Lew R, Barnett P, Liang M, Valley D, Rosenheck R.","Psychiatry Res. 2013 Oct 30;209(3):291-6. doi: 10.1016/j.psychres.2013.01.016.","Psychiatry Res.  2013","PubMed","citation","PMID:23473656","pubmed","23473656","create date:2013/03/12 | first author:Thwin SS",
"Prevention of contrast-induced AKI: a review of published trials and the design of the prevention of serious adverse events following angiography (PRESERVE) trial.","/pubmed/23660180","Weisbord SD, Gallagher M, Kaufman J, Cass A, Parikh CR, Chertow GM, Shunk KA, McCullough PA, Fine MJ, Mor MK, Lew RA, Huang GD, Conner TA, Brophy MT, Lee J, Soliva S, Palevsky PM.","Clin J Am Soc Nephrol. 2013 Sep;8(9):1618-31. doi: 10.2215/CJN.11161012. Review.","Clin J Am Soc Nephrol.  2013","PubMed","citation","PMID:23660180 | PMCID:PMC3805082","pubmed","23660180","create date:2013/05/11 | first author:Weisbord SD",
"Therapies for active rheumatoid arthritis after methotrexate failure.","/pubmed/23755969","O'Dell JR, Mikuls TR, Taylor TH, Ahluwalia V, Brophy M, Warren SR, Lew RA, Cannella AC, Kunkel G, Phibbs CS, Anis AH, Leatherman S, Keystone E; CSP 551 RACAT Investigators..","N Engl J Med. 2013 Jul 25;369(4):307-18. doi: 10.1056/NEJMoa1303006.","N Engl J Med.  2013","PubMed","citation","PMID:23755969","pubmed","23755969","create date:2013/06/13 | first author:O'Dell JR",
"Veteran subjects willingness to participate in schizophrenia clinical trials.","/pubmed/23143523","Hoblyn JC, Rosenheck RA, Leatherman S, Weil L, Lew R; CSP 555 Investigator Group..","Psychiatr Q. 2013 Jun;84(2):209-18. doi: 10.1007/s11126-012-9240-4.","Psychiatr Q.  2013","PubMed","citation","PMID:23143523","pubmed","23143523","create date:2012/11/13 | first author:Hoblyn JC",
"A comprehensive care management program to prevent chronic obstructive pulmonary disease hospitalizations: a randomized, controlled trial.","/pubmed/22586006","Fan VS, Gaziano JM, Lew R, Bourbeau J, Adams SG, Leatherman S, Thwin SS, Huang GD, Robbins R, Sriram PS, Sharafkhaneh A, Mador MJ, Sarosi G, Panos RJ, Rastogi P, Wagner TH, Mazzuca SA, Shannon C, Colling C, Liang MH, Stoller JK, Fiore L, et al.","Ann Intern Med. 2012 May 15;156(10):673-83. doi: 10.7326/0003-4819-156-10-201205150-00003.","Ann Intern Med.  2012","PubMed","citation","PMID:22586006","pubmed","22586006","create date:2012/05/16 | first author:Fan VS",
"A comparison of statistical approaches for physician-randomized trials with survival outcomes.","/pubmed/21924382","Stedman MR, Lew RA, Losina E, Gagnon DR, Solomon DH, Brookhart MA.","Contemp Clin Trials. 2012 Jan;33(1):104-15. doi: 10.1016/j.cct.2011.08.008.","Contemp Clin Trials.  2012","PubMed","citation","PMID:21924382 | PMCID:PMC3849400","pubmed","21924382","create date:2011/09/20 | first author:Stedman MR",
"A SAS macro for a clustered logrank test.","/pubmed/21496938","Stedman MR, Gagnon DR, Lew RA, Jung SH, Losina E, Brookhart MA.","Comput Methods Programs Biomed. 2011 Nov;104(2):266-70. doi: 10.1016/j.cmpb.2011.02.001.","Comput Methods Programs Biomed.  2011","PubMed","citation","PMID:21496938 | PMCID:PMC3140566","pubmed","21496938","create date:2011/04/19 | first author:Stedman MR",
"A point-of-care clinical trial comparing insulin administered using a sliding scale versus a weight-based regimen.","/pubmed/21478329","Fiore LD, Brophy M, Ferguson RE, D'Avolio L, Hermos JA, Lew RA, Doros G, Conrad CH, O'Neil JA Jr, Sabin TP, Kaufman J, Swartz SL, Lawler E, Liang MH, Gaziano JM, Lavori PW.","Clin Trials. 2011 Apr;8(2):183-95. doi: 10.1177/1740774510395635.","Clin Trials.  2011","PubMed","citation","PMID:21478329 | PMCID:PMC3195898","pubmed","21478329","create date:2011/04/12 | first author:Fiore LD",
"Challenges in the design and conduct of controlled clinical effectiveness trials in schizophrenia.","/pubmed/21270143","Rosenheck RA, Krystal JH, Lew R, Barnett PG, Thwin SS, Fiore L, Valley D, Huang GD, Neal C, Vertrees JE, Liang MH; CSP 555 Research Group..","Clin Trials. 2011 Apr;8(2):196-204. doi: 10.1177/1740774510392931.","Clin Trials.  2011","PubMed","citation","PMID:21270143","pubmed","21270143","create date:2011/01/29 | first author:Rosenheck RA",
"Long-acting risperidone and oral antipsychotics in unstable schizophrenia.","/pubmed/21366475","Rosenheck RA, Krystal JH, Lew R, Barnett PG, Fiore L, Valley D, Thwin SS, Vertrees JE, Liang MH; CSP555 Research Group..","N Engl J Med. 2011 Mar 3;364(9):842-51. doi: 10.1056/NEJMoa1005987. Erratum in: N Engl J Med. 2011 Mar 31;364(13):1281. ","N Engl J Med.  2011","PubMed","citation","PMID:21366475","pubmed","21366475","create date:2011/03/04 | first author:Rosenheck RA",
"Observational methods in comparative effectiveness research.","/pubmed/21184862","Concato J, Lawler EV, Lew RA, Gaziano JM, Aslan M, Huang GD.","Am J Med. 2010 Dec;123(12 Suppl 1):e16-23. doi: 10.1016/j.amjmed.2010.10.004. Review.","Am J Med.  2010","PubMed","citation","PMID:21184862","pubmed","21184862","create date:2011/01/12 | first author:Concato J",
"Design, synthesis, and structure-activity relationships of novel bicyclic azole-amines as negative allosteric modulators of metabotropic glutamate receptor 5.","/pubmed/20809633","Burdi DF, Hunt R, Fan L, Hu T, Wang J, Guo Z, Huang Z, Wu C, Hardy L, Detheux M, Orsini MA, Quinton MS, Lew R, Spear K.","J Med Chem. 2010 Oct 14;53(19):7107-18. doi: 10.1021/jm100736h.","J Med Chem.  2010","PubMed","citation","PMID:20809633","pubmed","20809633","create date:2010/09/03 | first author:Burdi DF",
"A SAS macro for a clustered permutation test.","/pubmed/19321221","Stedman MR, Gagnon DR, Lew RA, Solomon DH, Losina E, Alan Brookhart M.","Comput Methods Programs Biomed. 2009 Jul;95(1):89-94. doi: 10.1016/j.cmpb.2009.02.005.","Comput Methods Programs Biomed.  2009","PubMed","citation","PMID:19321221 | PMCID:PMC2674116","pubmed","19321221","create date:2009/03/27 | first author:Stedman MR",
"Effectiveness and safety of transcranial laser therapy for acute ischemic stroke.","/pubmed/19233936","Zivin JA, Albers GW, Bornstein N, Chippendale T, Dahlof B, Devlin T, Fisher M, Hacke W, Holt W, Ilic S, Kasner S, Lew R, Nash M, Perez J, Rymer M, Schellinger P, Schneider D, Schwab S, Veltkamp R, Walker M, Streeter J; NeuroThera Effectiveness and Safety Trial-2 Investigators..","Stroke. 2009 Apr;40(4):1359-64. doi: 10.1161/STROKEAHA.109.547547.","Stroke.  2009","PubMed","citation","PMID:19233936","pubmed","19233936","create date:2009/02/24 | first author:Zivin JA",
"Topical tretinoin therapy and all-cause mortality.","/pubmed/19153339","Weinstock MA, Bingham SF, Lew RA, Hall R, Eilers D, Kirsner R, Naylor M, Kalivas J, Cole G, Marcolivio K, Collins J, Digiovanna JJ, Vertrees JE; Veterans Affairs Topical Tretinoin Chemoprevention (VATTC) Trial Group..","Arch Dermatol. 2009 Jan;145(1):18-24. doi: 10.1001/archdermatol.2008.542.","Arch Dermatol.  2009","PubMed","citation","PMID:19153339","pubmed","19153339","create date:2009/01/21 | first author:Weinstock MA",
"Multivariate models of determinants of health-related quality of life in severe chronic obstructive pulmonary disease.","/pubmed/19882497","Moy ML, Reilly JJ, Ries AL, Mosenifar Z, Kaplan RM, Lew R, Garshick E; National Emphysema Treatment Trial Research Group..","J Rehabil Res Dev. 2009;46(5):643-54.","J Rehabil Res Dev.  2009","PubMed","citation","PMID:19882497 | PMCID:PMC2774920","pubmed","19882497","create date:2009/11/03 | first author:Moy ML",
"Are drug-eluting stents indicated in large coronary arteries? Insights from a multi-centre percutaneous coronary intervention registry.","/pubmed/18706719","Yan BP, Ajani AE, New G, Duffy SJ, Farouque O, Shaw J, Sebastian M, Lew R, Brennan A, Andrianopoulos N, Reid C, Clark DJ; Melbourne Interventional Group Investigators..","Int J Cardiol. 2008 Nov 28;130(3):374-9. doi: 10.1016/j.ijcard.2008.06.046.","Int J Cardiol.  2008","PubMed","citation","PMID:18706719","pubmed","18706719","create date:2008/08/19 | first author:Yan BP",
"Review of tissue plasminogen activator, ischemic stroke, and potential legal issues.","/pubmed/19001160","Liang BA, Lew R, Zivin JA.","Arch Neurol. 2008 Nov;65(11):1429-33. doi: 10.1001/archneur.65.11.1429. Review.","Arch Neurol.  2008","PubMed","citation","PMID:19001160","pubmed","19001160","create date:2008/11/13 | first author:Liang BA",
"Outcomes after percutaneous coronary intervention in contemporary Australian practice: insights from a large multicentre registry.","/pubmed/18928433","Ajani AE, Reid CM, Duffy SJ, Andrianopoulos N, Lefkovits J, Black A, New G, Lew R, Shaw JA, Yan BP, Gurvitch R, Al-Fiadh A, Brennan AL, Clark DJ.","Med J Aust. 2008 Oct 20;189(8):423-8.","Med J Aust.  2008","PubMed","citation","PMID:18928433","pubmed","18928433","create date:2008/10/22 | first author:Ajani AE",
"An evaluation of statistical approaches for analyzing physician-randomized quality improvement interventions.","/pubmed/18571476","Stedman MR, Gagnon DR, Lew RA, Solomon DH, Brookhart MA.","Contemp Clin Trials. 2008 Sep;29(5):687-95. doi: 10.1016/j.cct.2008.04.003.","Contemp Clin Trials.  2008","PubMed","citation","PMID:18571476","pubmed","18571476","create date:2008/06/24 | first author:Stedman MR",
"Rates of stent thrombosis in bare-metal versus drug-eluting stents (from a large Australian multicenter registry).","/pubmed/18549846","Yan BP, Duffy SJ, Clark DJ, Lefkovits J, Warren R, Gurvitch R, Lew R, Sebastian M, Brennan A, Andrianopoulos N, Reid CM, Ajani AE; Melbourne Interventional Group..","Am J Cardiol. 2008 Jun 15;101(12):1716-22. doi: 10.1016/j.amjcard.2008.02.058.","Am J Cardiol.  2008","PubMed","citation","PMID:18549846","pubmed","18549846","create date:2008/06/14 | first author:Yan BP",
"Drug development for sleep therapeutics - A Marcus Evans conference.","/pubmed/18379954","Lew R.","IDrugs. 2008 Apr;11(4):245-9. No abstract available. ","IDrugs.  2008","PubMed","citation","PMID:18379954","pubmed","18379954","create date:2008/04/02 | first author:Lew R",
"The association between statins and cancer incidence in a veterans population.","/pubmed/18182618","Farwell WR, Scranton RE, Lawler EV, Lew RA, Brophy MT, Fiore LD, Gaziano JM.","J Natl Cancer Inst. 2008 Jan 16;100(2):134-9. doi: 10.1093/jnci/djm286.","J Natl Cancer Inst.  2008","PubMed","citation","PMID:18182618","pubmed","18182618","create date:2008/01/10 | first author:Farwell WR",
"Renal impairment is an independent predictor of adverse events post coronary intervention in patients with and without drug-eluting stents.","/pubmed/18928945","Shaw JA, Andrianopoulos N, Duffy S, Walton AS, Clark D, Lew R, Sebastian M, New G, Brennan A, Reid C, Ajani AE; Melbourne Interventional Group..","Cardiovasc Revasc Med. 2008 Oct-Dec;9(4):218-23. doi: 10.1016/j.carrev.2008.05.002.","Cardiovasc Revasc Med.  2008","PubMed","citation","PMID:18928945","pubmed","18928945","create date:2008/10/22 | first author:Shaw JA",
"Accuracy of uniaxial accelerometer in chronic obstructive pulmonary disease.","/pubmed/18712646","Moy ML, Garshick E, Matthess KR, Lew R, Reilly JJ.","J Rehabil Res Dev. 2008;45(4):611-7.","J Rehabil Res Dev.  2008","PubMed","citation","PMID:18712646 | PMCID:PMC2538610","pubmed","18712646","create date:2008/08/21 | first author:Moy ML",
"An evaluation of octogenarians undergoing percutaneous coronary intervention from the Melbourne Interventional Group registry.","/pubmed/18044763","Yan BP, Gurvitch R, Duffy SJ, Clark DJ, Sebastian M, New G, Warren R, Lefkovits J, Lew R, Brennan AL, Reid C, Andrianopoulos N, Ajani AE.","Catheter Cardiovasc Interv. 2007 Dec 1;70(7):928-36.","Catheter Cardiovasc Interv.  2007","PubMed","citation","PMID:18044763","pubmed","18044763","create date:2007/11/30 | first author:Yan BP",
"Shift analysis versus dichotomization of the modified Rankin scale outcome scores in the NINDS and ECASS-II trials.","/pubmed/17975102","Savitz SI, Lew R, Bluhmki E, Hacke W, Fisher M.","Stroke. 2007 Dec;38(12):3205-12.","Stroke.  2007","PubMed","citation","PMID:17975102","pubmed","17975102","create date:2007/11/03 | first author:Savitz SI",
"A cross-sectional measurement of medical student empathy.","/pubmed/17653807","Chen D, Lew R, Hershman W, Orlander J.","J Gen Intern Med. 2007 Oct;22(10):1434-8.","J Gen Intern Med.  2007","PubMed","citation","PMID:17653807 | PMCID:PMC2305857","pubmed","17653807","create date:2007/07/27 | first author:Chen D",
"Effect of treating erectile dysfunction on management of systolic hypertension.","/pubmed/17659929","Scranton RE, Lawler E, Botteman M, Chittamooru S, Gagnon D, Lew R, Harnett J, Gaziano JM.","Am J Cardiol. 2007 Aug 1;100(3):459-63.","Am J Cardiol.  2007","PubMed","citation","PMID:17659929","pubmed","17659929","create date:2007/07/31 | first author:Scranton RE",
"Contemporary treatment of in-stent restenosis and the incidence of recurrent in-stent restenosis in the era of drug-eluting stents.","/pubmed/17419097","Ajani AE, Yan BP, Clark DJ, Eccleston D, Walton A, Lew R, Meehan A, Brennan A, Reid C, Duffy SJ; Melbourne Interventional Group (MIG) Investigators..","Heart Lung Circ. 2007 Aug;16(4):269-73.","Heart Lung Circ.  2007","PubMed","citation","PMID:17419097","pubmed","17419097","create date:2007/04/10 | first author:Ajani AE",
"A controlled trial of a novel primary prevention program for Lyme disease and other tick-borne illnesses.","/pubmed/17468463","Daltroy LH, Phillips C, Lew R, Wright E, Shadick NA, Liang MH.","Health Educ Behav. 2007 Jun;34(3):531-42.","Health Educ Behav.  2007","PubMed","citation","PMID:17468463","pubmed","17468463","create date:2007/05/01 | first author:Daltroy LH",
"Infrared laser therapy for ischemic stroke: a new treatment strategy: results of the NeuroThera Effectiveness and Safety Trial-1 (NEST-1).","/pubmed/17463313","Lampl Y, Zivin JA, Fisher M, Lew R, Welin L, Dahlof B, Borenstein P, Andersson B, Perez J, Caparo C, Ilic S, Oron U.","Stroke. 2007 Jun;38(6):1843-9.","Stroke.  2007","PubMed","citation","PMID:17463313","pubmed","17463313","create date:2007/04/28 | first author:Lampl Y",
"The use of medical hyperspectral technology to evaluate microcirculatory changes in diabetic foot ulcers and to predict clinical outcomes.","/pubmed/17303790","Khaodhiar L, Dinh T, Schomacker KT, Panasyuk SV, Freeman JE, Lew R, Vo T, Panasyuk AA, Lima C, Giurini JM, Lyons TE, Veves A.","Diabetes Care. 2007 Apr;30(4):903-10.","Diabetes Care.  2007","PubMed","citation","PMID:17303790","pubmed","17303790","create date:2007/02/17 | first author:Khaodhiar L",
"Medical hyperspectral imaging to facilitate residual tumor identification during surgery.","/pubmed/17374984","Panasyuk SV, Yang S, Faller DV, Ngo D, Lew RA, Freeman JE, Rogers AE.","Cancer Biol Ther. 2007 Mar;6(3):439-46.","Cancer Biol Ther.  2007","PubMed","citation","PMID:17374984","pubmed","17374984","create date:2007/03/22 | first author:Panasyuk SV",
"Impact of continued hospitalization in patients pre-treated with clopidogrel prior to coronary angiography and undergoing coronary artery bypass grafting.","/pubmed/15640529","Kuchulakanti P, Kapetanakis EI, Lew R, Rha SW, Cheneau E, Satler LF, Suddath WO, Pichard AD, Kent KM, Pakala R, Haile E, Corso P, Waksman R.","J Invasive Cardiol. 2005 Jan;17(1):5-7.","J Invasive Cardiol.  2005","PubMed","citation","PMID:15640529","pubmed","15640529","create date:2005/01/11 | first author:Kuchulakanti P",
"Dehydroepiandrosterone increases endothelial cell proliferation in vitro and improves endothelial function in vivo by mechanisms independent of androgen and estrogen receptors.","/pubmed/15356084","Williams MR, Dawood T, Ling S, Dai A, Lew R, Myles K, Funder JW, Sudhir K, Komesaroff PA.","J Clin Endocrinol Metab. 2004 Sep;89(9):4708-15.","J Clin Endocrinol Metab.  2004","PubMed","citation","PMID:15356084","pubmed","15356084","create date:2004/09/10 | first author:Williams MR",
"Evaluation of methods for improving precision of blood pressure measurements in phase I clinical trials.","/pubmed/15102865","Terra SG, Blum RA, Wei GC, Lew RA, Digenio AG, Rajman I, Kazierad DJ.","J Clin Pharmacol. 2004 May;44(5):457-63.","J Clin Pharmacol.  2004","PubMed","citation","PMID:15102865","pubmed","15102865","create date:2004/04/23 | first author:Terra SG",
"Effects of gamma radiation on the noninjured and unprotected left main.","/pubmed/15065141","Wolfram R, Cheneau E, Lew R, Chan R, Pichard AD, Satler LF, Kent KM, Dilcher C, Pinnow E, Bui A, Waksman R.","Catheter Cardiovasc Interv. 2004 Apr;61(4):477-81.","Catheter Cardiovasc Interv.  2004","PubMed","citation","PMID:15065141","pubmed","15065141","create date:2004/04/06 | first author:Wolfram R",
"Usefulness of periprocedural creatinine phosphokinase-MB release to predict adverse outcomes after intracoronary radiation therapy for in-stent restenosis.","/pubmed/14759380","Ajani AE, Waksman R, Sharma AK, Lew R, Pinnow E, Canos DA, Cheneau E, Castagna M, Cha DH, Leborgne L, Satler LF, Pichard AD, Kent KM, Lindsay J.","Am J Cardiol. 2004 Feb 1;93(3):313-7.","Am J Cardiol.  2004","PubMed","citation","PMID:14759380","pubmed","14759380","create date:2004/02/05 | first author:Ajani AE",
"Endogenous estrogens influence endothelial function in young men.","/pubmed/14592997","Lew R, Komesaroff P, Williams M, Dawood T, Sudhir K.","Circ Res. 2003 Nov 28;93(11):1127-33.","Circ Res.  2003","PubMed","citation","PMID:14592997","pubmed","14592997","create date:2003/11/01 | first author:Lew R",
Title,URL,Description,Details,ShortDetails,Resource,Type,Identifiers,Db,EntrezUID,Properties
"Repeat intracoronary radiation for recurrent in-stent restenosis in patients who failed intracoronary radiation.","/pubmed/12900334","Waksman R, Lew R, Ajani AE, Pichard AD, Satler LF, Kent KM, Chan R, White RL, Suddath WO, Pinnow E, Torguson R, Dilcher C, Wolfram R, Lindsay J.","Circulation. 2003 Aug 12;108(6):654-6.","Circulation.  2003","PubMed","citation","PMID:12900334","pubmed","12900334","create date:2003/08/06 | first author:Waksman R",
"Mechanisms and methods to resolve edge effect.","/pubmed/12777680","Kuchulakanti P, Lew R, Waksman R; Novoste Corporation..","J Invasive Cardiol. 2003 Jun;15(6):363-6. Review.","J Invasive Cardiol.  2003","PubMed","citation","PMID:12777680","pubmed","12777680","create date:2003/06/05 | first author:Kuchulakanti P",
"Association of hospital and surgeon volume of total hip replacement with functional status and satisfaction three years following surgery.","/pubmed/12571867","Katz JN, Phillips CB, Baron JA, Fossel AH, Mahomed NN, Barrett J, Lingard EA, Harris WH, Poss R, Lew RA, Guadagnoli E, Wright EA, Losina E.","Arthritis Rheum. 2003 Feb;48(2):560-8.","Arthritis Rheum.  2003","PubMed","citation","PMID:12571867","pubmed","12571867","create date:2003/02/07 | first author:Katz JN",
"Effects of vitamin D and calcium supplementation on falls: a randomized controlled trial.","/pubmed/12568412","Bischoff HA, Stähelin HB, Dick W, Akos R, Knecht M, Salis C, Nebiker M, Theiler R, Pfeifer M, Begerow B, Lew RA, Conzelmann M.","J Bone Miner Res. 2003 Feb;18(2):343-51.","J Bone Miner Res.  2003","PubMed","citation","PMID:12568412","pubmed","12568412","create date:2003/02/06 | first author:Bischoff HA",
"Acute procedural complications and in-hospital events after percutaneous coronary interventions: eptifibatide versus abciximab.","/pubmed/12892767","Ajani AE, Waksman R, Gruberg L, Sharma AK, Lew R, Pinnow E, Canos DA, Cheneau E, Castagna M, Satler L, Pichard A, Kent KM.","Cardiovasc Radiat Med. 2003 Jan-Mar;4(1):12-7.","Cardiovasc Radiat Med.  2003","PubMed","citation","PMID:12892767","pubmed","12892767","create date:2003/08/02 | first author:Ajani AE",
"Rates and outcomes of primary and revision total hip replacement in the United States medicare population.","/pubmed/12533568","Mahomed NN, Barrett JA, Katz JN, Phillips CB, Losina E, Lew RA, Guadagnoli E, Harris WH, Poss R, Baron JA.","J Bone Joint Surg Am. 2003 Jan;85-A(1):27-32.","J Bone Joint Surg Am.  2003","PubMed","citation","PMID:12533568","pubmed","12533568","create date:2003/01/21 | first author:Mahomed NN",
"Review of intracoronary radiation for in-stent restenosis.","/pubmed/12668833","Lew R, Ajani A, Waksman R.","J Invasive Cardiol. 2003 Jan;15 Suppl A:2A-8A. Review. No abstract available. ","J Invasive Cardiol.  2003","PubMed","citation","PMID:12668833","pubmed","12668833","create date:2003/04/02 | first author:Lew R",
"Using antineutrophil cytoplasmic antibody testing to diagnose vasculitis: can test-ordering guidelines improve diagnostic accuracy?","/pubmed/12090888","Mandl LA, Solomon DH, Smith EL, Lew RA, Katz JN, Shmerling RH.","Arch Intern Med. 2002 Jul 8;162(13):1509-14.","Arch Intern Med.  2002","PubMed","citation","PMID:12090888","pubmed","12090888","create date:2002/07/02 | first author:Mandl LA",
"Sun protection policies and environmental features in US elementary schools.","/pubmed/12056958","Buller DB, Geller AC, Cantor M, Buller MK, Rosseel K, Hufford D, Benjes L, Lew RA.","Arch Dermatol. 2002 Jun;138(6):771-4.","Arch Dermatol.  2002","PubMed","citation","PMID:12056958","pubmed","12056958","create date:2002/06/12 | first author:Buller DB",
"Measuring clinically important changes with patient-oriented questionnaires.","/pubmed/12064581","Liang MH, Lew RA, Stucki G, Fortin PR, Daltroy L.","Med Care. 2002 Apr;40(4 Suppl):II45-51.","Med Care.  2002","PubMed","citation","PMID:12064581","pubmed","12064581","create date:2002/06/18 | first author:Liang MH",
