Title,URL,Description,Details,ShortDetails,Resource,Type,Identifiers,Db,EntrezUID,Properties
"Haematoma expansion and vitamin K antagonist reversal.","/pubmed/27647637","Zemrak WR, Smith KE, Gagnon DJ, Rolfe SS, Seder DB.","Lancet Neurol. 2016 Oct;15(11):1116-7. doi: 10.1016/S1474-4422(16)30201-0. No abstract available. ","Lancet Neurol.  2016","PubMed","citation","PMID:27647637","pubmed","27647637","create date:2016/09/21 | first author:Zemrak WR",
"Isolation of a monoclonal antibody that recognizes the origin binding domain of JCV, but not SV40, large T-antigen.","/pubmed/27433780","Grubman SA, Shin J, Phelan PJ, Gong A, Can H, Dilworth R, Kini SK, Gagnon D, Archambault J, Meinke G, Bohm A, Jefferson DM, Bullock PA.","Virology. 2016 Oct;497:92-101. doi: 10.1016/j.virol.2016.07.006.","Virology.  2016","PubMed","citation","PMID:27433780","pubmed","27433780","create date:2016/07/20 | first author:Grubman SA",
"Valproate for agitation in critically ill patients: A retrospective study.","/pubmed/27693975","Gagnon DJ, Fontaine GV, Smith KE, Riker RR, Miller RR 3rd, Lerwick PA, Lucas FL, Dziodzio JT, Sihler KC, Fraser GL.","J Crit Care. 2016 Sep 11;37:119-125. doi: 10.1016/j.jcrc.2016.09.006.","J Crit Care.  2016","PubMed","citation","PMID:27693975","pubmed","27693975","create date:2016/10/04 | first author:Gagnon DJ",
"Occurrence of hepatotoxicity with pazopanib and other anti-VEGF treatments for renal cell carcinoma: an observational study utilizing a distributed database network.","/pubmed/27438066","Shantakumar S, Nordstrom BL, Djousse L, Hall SA, Gagnon DR, Fraeman KH, van Herk-Sukel M, Chagin K, Nelson J.","Cancer Chemother Pharmacol. 2016 Sep;78(3):559-66. doi: 10.1007/s00280-016-3112-9.","Cancer Chemother Pharmacol.  2016","PubMed","citation","PMID:27438066 | PMCID:PMC5010603","pubmed","27438066","create date:2016/07/21 | first author:Shantakumar S",
"Assessing the impact of prescribing directives on opioid prescribing practices among Veterans Health Administration providers.","/pubmed/27530106","Barber C, Gagnon D, Fonda J, Cho K, Hermos J, Miller M.","Pharmacoepidemiol Drug Saf. 2016 Aug 16. doi: 10.1002/pds.4066.","Pharmacoepidemiol Drug Saf.  2016","PubMed","citation","PMID:27530106","pubmed","27530106","create date:2016/08/18 | first author:Barber C",
"Free serum valproate concentration more reliable than total concentration in critically ill patients.","/pubmed/27266943","Hatton C, Riker RR, Gagnon DJ, May T, Seder DB, Fraser GL.","Resuscitation. 2016 Aug;105:e15-6. doi: 10.1016/j.resuscitation.2016.05.027. No abstract available. ","Resuscitation.  2016","PubMed","citation","PMID:27266943","pubmed","27266943","create date:2016/06/09 | first author:Hatton C",
"Incidence and Determinants of Traumatic Intracranial Bleeding Among Older Veterans Receiving Warfarin for Atrial Fibrillation.","/pubmed/27437657","Dodson JA, Petrone A, Gagnon DR, Tinetti ME, Krumholz HM, Gaziano JM.","JAMA Cardiol. 2016 Apr 1;1(1):65-72. doi: 10.1001/jamacardio.2015.0345.","JAMA Cardiol.  2016","PubMed","citation","PMID:27437657","pubmed","27437657","create date:2016/07/22 | first author:Dodson JA",
"Correction: Structural Based Analyses of the JC Virus T-Antigen F258L Mutant Provides Evidence for DNA Dependent Conformational Changes in the C-Termini of Polyomavirus Origin Binding Domains.","/pubmed/26928924","Meinke G, Phelan PJ, Shin J, Gagnon D, Archambault J, Bohm A, Bullock PA.","PLoS Pathog. 2016 Feb 29;12(2):e1005482. doi: 10.1371/journal.ppat.1005482. No abstract available. ","PLoS Pathog.  2016","PubMed","citation","PMID:26928924 | PMCID:PMC4771892","pubmed","26928924","create date:2016/03/02 | first author:Meinke G",
"Requirement for the E1 Helicase C-Terminal Domain in Papillomavirus DNA Replication In Vivo.","/pubmed/26739052","Bergvall M, Gagnon D, Titolo S, Lehoux M, D'Abramo CM, Melendy T, Archambault J.","J Virol. 2016 Jan 6;90(6):3198-211. doi: 10.1128/JVI.03127-15.","J Virol.  2016","PubMed","citation","PMID:26739052 | PMCID:PMC4810619","pubmed","26739052","create date:2016/01/08 | first author:Bergvall M",
"Structural Based Analyses of the JC Virus T-Antigen F258L Mutant Provides Evidence for DNA Dependent Conformational Changes in the C-Termini of Polyomavirus Origin Binding Domains.","/pubmed/26735515","Meinke G, Phelan PJ, Shin J, Gagnon D, Archambault J, Bohm A, Bullock PA.","PLoS Pathog. 2016 Jan 6;12(1):e1005362. doi: 10.1371/journal.ppat.1005362. Erratum in: PLoS Pathog. 2016 Feb;12(2):e1005482. ","PLoS Pathog.  2016","PubMed","citation","PMID:26735515 | PMCID:PMC4703215","pubmed","26735515","create date:2016/01/07 | first author:Meinke G",
"Analgesia, sedation, and neuromuscular blockade during targeted temperature management after cardiac arrest.","/pubmed/26670815","Riker RR, Gagnon DJ, May T, Seder DB, Fraser GL.","Best Pract Res Clin Anaesthesiol. 2015 Dec;29(4):435-50. doi: 10.1016/j.bpa.2015.09.006. Review.","Best Pract Res Clin Anaesthesiol.  2015","PubMed","citation","PMID:26670815","pubmed","26670815","create date:2015/12/17 | first author:Riker RR",
"Outcomes with prolonged clopidogrel therapy after coronary stenting in patients with chronic kidney disease.","/pubmed/26209334","Siddiqi OK, Smoot KJ, Dufour AB, Cho K, Young M, Gagnon DR, Ly S, Temiyasathit S, Faxon DP, Gaziano JM, Kinlay S.","Heart. 2015 Oct;101(19):1569-76. doi: 10.1136/heartjnl-2014-307168.","Heart.  2015","PubMed","citation","PMID:26209334 | PMCID:PMC4580134","pubmed","26209334","create date:2015/07/26 | first author:Siddiqi OK",
"Etomidate in sepsis: understanding the dilemma.","/pubmed/26623087","Gagnon DJ, Seder DB.","J Thorac Dis. 2015 Oct;7(10):1699-701. doi: 10.3978/j.issn.2072-1439.2015.10.21. No abstract available. ","J Thorac Dis.  2015","PubMed","citation","PMID:26623087 | PMCID:PMC4635268","pubmed","26623087","create date:2015/12/02 | first author:Gagnon DJ",
"Long-Term Outcomes in Patients With Diabetes Mellitus Related to Prolonging Clopidogrel More Than 12 Months After Coronary Stenting.","/pubmed/26337986","Thukkani AK, Agrawal K, Prince L, Smoot KJ, Dufour AB, Cho K, Gagnon DR, Sokolovskaya G, Ly S, Temiyasathit S, Faxon DP, Gaziano JM, Kinlay S.","J Am Coll Cardiol. 2015 Sep 8;66(10):1091-101. doi: 10.1016/j.jacc.2015.06.1339.","J Am Coll Cardiol.  2015","PubMed","citation","PMID:26337986 | PMCID:PMC4578293","pubmed","26337986","create date:2015/09/05 | first author:Thukkani AK",
"Prophylactic antibiotics are associated with a lower incidence of pneumonia in cardiac arrest survivors treated with targeted temperature management.","/pubmed/25680823","Gagnon DJ, Nielsen N, Fraser GL, Riker RR, Dziodzio J, Sunde K, Hovdenes J, Stammet P, Friberg H, Rubertsson S, Wanscher M, Seder DB.","Resuscitation. 2015 Jul;92:154-9. doi: 10.1016/j.resuscitation.2015.01.035.","Resuscitation.  2015","PubMed","citation","PMID:25680823","pubmed","25680823","create date:2015/02/15 | first author:Gagnon DJ",
"Artificial Recruitment of UAF1-USP Complexes by a PHLPP1-E1 Chimeric Helicase Enhances Human Papillomavirus DNA Replication.","/pubmed/25833051","Gagnon D, Lehoux M, Archambault J.","J Virol. 2015 Jun;89(12):6227-39. doi: 10.1128/JVI.00560-15.","J Virol.  2015","PubMed","citation","PMID:25833051 | PMCID:PMC4474315","pubmed","25833051","create date:2015/04/03 | first author:Gagnon D",
"Serotonin syndrome following methylene blue administration during cardiothoracic surgery.","/pubmed/25613051","Smith CJ, Wang D, Sgambelluri A, Kramer RS, Gagnon DJ.","J Pharm Pract. 2015 Apr;28(2):207-11. doi: 10.1177/0897190014568389.","J Pharm Pract.  2015","PubMed","citation","PMID:25613051","pubmed","25613051","create date:2015/01/24 | first author:Smith CJ",
"Prescription opioid duration of action and the risk of unintentional overdose among patients receiving opioid therapy.","/pubmed/25686208","Miller M, Barber CW, Leatherman S, Fonda J, Hermos JA, Cho K, Gagnon DR.","JAMA Intern Med. 2015 Apr;175(4):608-15. doi: 10.1001/jamainternmed.2014.8071.","JAMA Intern Med.  2015","PubMed","citation","PMID:25686208","pubmed","25686208","create date:2015/02/17 | first author:Miller M",
"SLEAP: a wake-up call to question the oversimplification of ICU delirium.","/pubmed/25700056","Fraser GL, Gagnon DJ, Riker RR.","Crit Care Med. 2015 Mar;43(3):703-5. doi: 10.1097/CCM.0000000000000803. No abstract available. ","Crit Care Med.  2015","PubMed","citation","PMID:25700056","pubmed","25700056","create date:2015/02/24 | first author:Fraser GL",
"Transition from dexmedetomidine to enteral clonidine for ICU sedation: an observational pilot study.","/pubmed/25809176","Gagnon DJ, Riker RR, Glisic EK, Kelner A, Perrey HM, Fraser GL.","Pharmacotherapy. 2015 Mar;35(3):251-9. doi: 10.1002/phar.1559.","Pharmacotherapy.  2015","PubMed","citation","PMID:25809176","pubmed","25809176","create date:2015/03/27 | first author:Gagnon DJ",
"Weight gain on antipsychotic medication is associated with sustained use among veterans with schizophrenia.","/pubmed/25514067","Monnelly EP, Fonda J, Gagnon DR, Chittamooru S, Lawler EV.","J Clin Psychopharmacol. 2015 Feb;35(1):57-62. doi: 10.1097/JCP.0000000000000262.","J Clin Psychopharmacol.  2015","PubMed","citation","PMID:25514067","pubmed","25514067","create date:2014/12/17 | first author:Monnelly EP",
"A quantitative and high-throughput assay of human papillomavirus DNA replication.","/pubmed/25348316","Gagnon D, Fradet-Turcotte A, Archambault J.","Methods Mol Biol. 2015;1249:305-16. doi: 10.1007/978-1-4939-2013-6_23.","Methods Mol Biol.  2015","PubMed","citation","PMID:25348316","pubmed","25348316","create date:2014/10/29 | first author:Gagnon D",
"A high-throughput cellular assay to quantify the p53-degradation activity of E6 from different human papillomavirus types.","/pubmed/25348301","Gagnon D, Archambault J.","Methods Mol Biol. 2015;1249:111-20. doi: 10.1007/978-1-4939-2013-6_8.","Methods Mol Biol.  2015","PubMed","citation","PMID:25348301","pubmed","25348301","create date:2014/10/29 | first author:Gagnon D",
"Implementation of the systems approach to improve a pharmacist-managed vancomycin dosing service.","/pubmed/25404601","Gagnon DJ, Roberts R, Sylvia L.","Am J Health Syst Pharm. 2014 Dec 1;71(23):2080-4. doi: 10.2146/ajhp140176.","Am J Health Syst Pharm.  2014","PubMed","citation","PMID:25404601","pubmed","25404601","create date:2014/11/19 | first author:Gagnon DJ",
"Autophagy supports genomic stability by degrading retrotransposon RNA.","/pubmed/25366815","Guo H, Chitiprolu M, Gagnon D, Meng L, Perez-Iratxeta C, Lagace D, Gibbings D.","Nat Commun. 2014 Nov 4;5:5276. doi: 10.1038/ncomms6276.","Nat Commun.  2014","PubMed","citation","PMID:25366815","pubmed","25366815","create date:2014/11/05 | first author:Guo H",
"Associations with chest illness and mortality in chronic spinal cord injury.","/pubmed/24090450","Danilack VA, Stolzmann KL, Gagnon DR, Brown R, Tun CG, Morse LR, Garshick E.","J Spinal Cord Med. 2014 Nov;37(6):662-9. doi: 10.1179/2045772313Y.0000000144.","J Spinal Cord Med.  2014","PubMed","citation","PMID:24090450 | PMCID:PMC4231954","pubmed","24090450","create date:2013/10/05 | first author:Danilack VA",
"Establishment and validation of new complementing cells for production of E1-deleted adenovirus vectors in serum-free suspension culture.","/pubmed/25159033","Gilbert R, Guilbault C, Gagnon D, Bernier A, Bourget L, Elahi SM, Kamen A, Massie B.","J Virol Methods. 2014 Nov;208:177-88. doi: 10.1016/j.jviromet.2014.08.013.","J Virol Methods.  2014","PubMed","citation","PMID:25159033","pubmed","25159033","create date:2014/08/28 | first author:Gilbert R",
"Analysis of JC virus DNA replication using a quantitative and high-throughput assay.","/pubmed/25155200","Shin J, Phelan PJ, Chhum P, Bashkenova N, Yim S, Parker R, Gagnon D, Gjoerup O, Archambault J, Bullock PA.","Virology. 2014 Nov;468-470:113-25. doi: 10.1016/j.virol.2014.07.042.","Virology.  2014","PubMed","citation","PMID:25155200 | PMCID:PMC4658058","pubmed","25155200","create date:2014/08/27 | first author:Shin J",
"E1-mediated recruitment of a UAF1-USP deubiquitinase complex facilitates human papillomavirus DNA replication.","/pubmed/24850727","Lehoux M, Gagnon D, Archambault J.","J Virol. 2014 Aug;88(15):8545-55. doi: 10.1128/JVI.00379-14.","J Virol.  2014","PubMed","citation","PMID:24850727 | PMCID:PMC4135941","pubmed","24850727","create date:2014/05/23 | first author:Lehoux M",
"An online spaced-education game among clinicians improves their patients' time to blood pressure control: a randomized controlled trial.","/pubmed/24847084","Kerfoot BP, Turchin A, Breydo E, Gagnon D, Conlin PR.","Circ Cardiovasc Qual Outcomes. 2014 May;7(3):468-74. doi: 10.1161/CIRCOUTCOMES.113.000814.","Circ Cardiovasc Qual Outcomes.  2014","PubMed","citation","PMID:24847084 | PMCID:PMC4040124","pubmed","24847084","create date:2014/05/23 | first author:Kerfoot BP",
"Incident severe thrombocytopenia in veterans treated with pegylated interferon plus ribavirin for chronic hepatitis C infection.","/pubmed/24677630","Hermos JA, Quach L, Gagnon DR, Weber HC, Altincatal A, Cho K, Lawler EV, Grotzinger KM.","Pharmacoepidemiol Drug Saf. 2014 May;23(5):480-8. doi: 10.1002/pds.3585.","Pharmacoepidemiol Drug Saf.  2014","PubMed","citation","PMID:24677630","pubmed","24677630","create date:2014/03/29 | first author:Hermos JA",
"Daily step count is associated with plasma C-reactive protein and IL-6 in a US cohort with COPD.","/pubmed/24091482","Moy ML, Teylan M, Weston NA, Gagnon DR, Danilack VA, Garshick E.","Chest. 2014 Mar 1;145(3):542-50. doi: 10.1378/chest.13-1052.","Chest.  2014","PubMed","citation","PMID:24091482","pubmed","24091482","create date:2013/10/05 | first author:Moy ML",
"An index of daily step count and systemic inflammation predicts clinical outcomes in chronic obstructive pulmonary disease.","/pubmed/24308588","Moy ML, Teylan M, Danilack VA, Gagnon DR, Garshick E.","Ann Am Thorac Soc. 2014 Feb;11(2):149-57. doi: 10.1513/AnnalsATS.201307-243OC.","Ann Am Thorac Soc.  2014","PubMed","citation","PMID:24308588","pubmed","24308588","create date:2013/12/07 | first author:Moy ML",
"Dementia Coding, Workup, and Treatment in the VA New England Healthcare System.","/pubmed/24701364","Cho K, Gagnon DR, Driver JA, Altincatal A, Kosik N, Lanes S, Lawler EV.","Int J Alzheimers Dis. 2014;2014:821894. doi: 10.1155/2014/821894.","Int J Alzheimers Dis.  2014","PubMed","citation","PMID:24701364 | PMCID:PMC3950831","pubmed","24701364","create date:2014/04/05 | first author:Cho K",
"Adiponectin is a candidate biomarker of lower extremity bone density in men with chronic spinal cord injury.","/pubmed/23787489","Doherty AL, Battaglino RA, Donovan J, Gagnon D, Lazzari AA, Garshick E, Zafonte R, Morse LR.","J Bone Miner Res. 2014 Jan;29(1):251-9. doi: 10.1002/jbmr.2020.","J Bone Miner Res.  2014","PubMed","citation","PMID:23787489 | PMCID:PMC3979427","pubmed","23787489","create date:2013/06/22 | first author:Doherty AL",
"Study design and rationale for investigating phosphodiesterase type 5 inhibition for the treatment of pulmonary hypertension due to chronic obstructive lung disease: the TADA-PHiLD (TADAlafil for Pulmonary Hypertension associated with chronic obstructive Lung Disease) trial.","/pubmed/25006405","Maron BA, Goldstein RH, Rounds SI, Shapiro S, Jankowich M, Garshick E, Moy ML, Gagnon D, Choudhary G.","Pulm Circ. 2013 Dec;3(4):889-97. doi: 10.1086/674759.","Pulm Circ.  2013","PubMed","citation","PMID:25006405 | PMCID:PMC4070834","pubmed","25006405","create date:2014/07/10 | first author:Maron BA",
"Structural characterization of a noncovalent complex between ubiquitin and the transactivation domain of the erythroid-specific factor EKLF.","/pubmed/24139988","Raiola L, Lussier-Price M, Gagnon D, Lafrance-Vanasse J, Mascle X, Arseneault G, Legault P, Archambault J, Omichinski JG.","Structure. 2013 Nov 5;21(11):2014-24. doi: 10.1016/j.str.2013.08.027.","Structure.  2013","PubMed","citation","PMID:24139988","pubmed","24139988","create date:2013/10/22 | first author:Raiola L",
"Prevention of bone loss and vertebral fractures in patients with chronic epilepsy--antiepileptic drug and osteoporosis prevention trial.","/pubmed/24010637","Lazzari AA, Dussault PM, Thakore-James M, Gagnon D, Baker E, Davis SA, Houranieh AM.","Epilepsia. 2013 Nov;54(11):1997-2004. doi: 10.1111/epi.12351.","Epilepsia.  2013","PubMed","citation","PMID:24010637","pubmed","24010637","create date:2013/09/10 | first author:Lazzari AA",
"Genetic analysis of the E2 transactivation domain dimerization interface from bovine papillomavirus type 1.","/pubmed/23490049","Gagnon D, Sénéchal H, D'Abramo CM, Alvarez J, McBride AA, Archambault J.","Virology. 2013 May 10;439(2):132-9. doi: 10.1016/j.virol.2013.02.012.","Virology.  2013","PubMed","citation","PMID:23490049 | PMCID:PMC4654618","pubmed","23490049","create date:2013/03/16 | first author:Gagnon D",
"Daily step count predicts acute exacerbations in a US cohort with COPD.","/pubmed/23593211","Moy ML, Teylan M, Weston NA, Gagnon DR, Garshick E.","PLoS One. 2013;8(4):e60400. doi: 10.1371/journal.pone.0060400.","PLoS One.  2013","PubMed","citation","PMID:23593211 | PMCID:PMC3617234","pubmed","23593211","create date:2013/04/18 | first author:Moy ML",
"Pharmacokinetics of meloxicam after intravenous, intramuscular, and oral administration of a single dose to Hispaniolan Amazon parrots (Amazona ventralis).","/pubmed/23438111","Molter CM, Court MH, Cole GA, Gagnon DJ, Hazarika S, Paul-Murphy JR.","Am J Vet Res. 2013 Mar;74(3):375-80. doi: 10.2460/ajvr.74.3.375.","Am J Vet Res.  2013","PubMed","citation","PMID:23438111","pubmed","23438111","create date:2013/02/27 | first author:Molter CM",
"Foot Type Biomechanics Part 2: are structure and anthropometrics related to function?","/pubmed/23107624","Mootanah R, Song J, Lenhoff MW, Hafer JF, Backus SI, Gagnon D, Deland JT 3rd, Hillstrom HJ.","Gait Posture. 2013 Mar;37(3):452-6. doi: 10.1016/j.gaitpost.2012.09.008.","Gait Posture.  2013","PubMed","citation","PMID:23107624 | PMCID:PMC3878980","pubmed","23107624","create date:2012/10/31 | first author:Mootanah R",
"Impact of misspecifying the distribution of a prognostic factor on power and sample size for testing treatment interactions in clinical trials.","/pubmed/23414513","Reichmann WM, LaValley MP, Gagnon DR, Losina E.","BMC Med Res Methodol. 2013 Feb 15;13:21. doi: 10.1186/1471-2288-13-21.","BMC Med Res Methodol.  2013","PubMed","citation","PMID:23414513 | PMCID:PMC3605155","pubmed","23414513","create date:2013/02/19 | first author:Reichmann WM",
"Thrombocytopenia and bleeding in veterans with non-hepatitis C-related chronic liver disease.","/pubmed/23010745","Hermos JA, Altincatal A, Weber HC, Grotzinger K, Smoot KJ, Cho K, Gagnon DR, Lawler EV.","Dig Dis Sci. 2013 Feb;58(2):562-73. doi: 10.1007/s10620-012-2404-0.","Dig Dis Sci.  2013","PubMed","citation","PMID:23010745","pubmed","23010745","create date:2012/09/27 | first author:Hermos JA",
"Tremors and agitation following low-dose intravenous hydromorphone administration in a patient with kidney dysfunction.","/pubmed/23715067","Gagnon DJ, Jwo K.","Ann Pharmacother. 2013 Jul-Aug;47(7-8):e34. doi: 10.1345/aph.1R784.","Ann Pharmacother.  2013","PubMed","citation","PMID:23715067","pubmed","23715067","create date:2013/05/30 | first author:Gagnon DJ",
"The occurrence of ipsilateral or contralateral foot disorders and hand dominance: the Framingham foot study.","/pubmed/23328848","Nguyen US, Dufour AB, Positano RG, Dines JS, Dodson CC, Gagnon DG, Hillstrom HJ, Hannan MT.","J Am Podiatr Med Assoc. 2013 Jan-Feb;103(1):16-23.","J Am Podiatr Med Assoc.  2013","PubMed","citation","PMID:23328848 | PMCID:PMC3558939","pubmed","23328848","create date:2013/01/19 | first author:Nguyen US",
"Association between sclerostin and bone density in chronic spinal cord injury.","/pubmed/22006831","Morse LR, Sudhakar S, Danilack V, Tun C, Lazzari A, Gagnon DR, Garshick E, Battaglino RA.","J Bone Miner Res. 2012 Feb;27(2):352-9. doi: 10.1002/jbmr.546.","J Bone Miner Res.  2012","PubMed","citation","PMID:22006831 | PMCID:PMC3288145","pubmed","22006831","create date:2011/10/19 | first author:Morse LR",
"Risk of community-acquired pneumonia in veteran patients to whom proton pump inhibitors were dispensed.","/pubmed/22100573","Hermos JA, Young MM, Fonda JR, Gagnon DR, Fiore LD, Lawler EV.","Clin Infect Dis. 2012 Jan 1;54(1):33-42. doi: 10.1093/cid/cir767.","Clin Infect Dis.  2012","PubMed","citation","PMID:22100573","pubmed","22100573","create date:2011/11/22 | first author:Hermos JA",
"A comparison of statistical approaches for physician-randomized trials with survival outcomes.","/pubmed/21924382","Stedman MR, Lew RA, Losina E, Gagnon DR, Solomon DH, Brookhart MA.","Contemp Clin Trials. 2012 Jan;33(1):104-15. doi: 10.1016/j.cct.2011.08.008.","Contemp Clin Trials.  2012","PubMed","citation","PMID:21924382 | PMCID:PMC3849400","pubmed","21924382","create date:2011/09/20 | first author:Stedman MR",
"p53 degradation activity, expression, and subcellular localization of E6 proteins from 29 human papillomavirus genotypes.","/pubmed/22013048","Mesplède T, Gagnon D, Bergeron-Labrecque F, Azar I, Sénéchal H, Coutlée F, Archambault J.","J Virol. 2012 Jan;86(1):94-107. doi: 10.1128/JVI.00751-11.","J Virol.  2012","PubMed","citation","PMID:22013048 | PMCID:PMC3255875","pubmed","22013048","create date:2011/10/21 | first author:Mesplède T",
Title,URL,Description,Details,ShortDetails,Resource,Type,Identifiers,Db,EntrezUID,Properties
"A SAS macro for a clustered logrank test.","/pubmed/21496938","Stedman MR, Gagnon DR, Lew RA, Jung SH, Losina E, Brookhart MA.","Comput Methods Programs Biomed. 2011 Nov;104(2):266-70. doi: 10.1016/j.cmpb.2011.02.001.","Comput Methods Programs Biomed.  2011","PubMed","citation","PMID:21496938 | PMCID:PMC3140566","pubmed","21496938","create date:2011/04/19 | first author:Stedman MR",
"Systemic inflammation and reduced pulmonary function in chronic spinal cord injury.","/pubmed/21570031","Garshick E, Stolzmann KL, Gagnon DR, Morse LR, Brown R.","PM R. 2011 May;3(5):433-9. doi: 10.1016/j.pmrj.2011.02.003.","PM R.  2011","PubMed","citation","PMID:21570031 | PMCID:PMC3141080","pubmed","21570031","create date:2011/05/17 | first author:Garshick E",
"Evaluation of exposure-specific risks from two independent samples: a simulation study.","/pubmed/21208427","Reichmann WM, Gagnon D, Horsburgh CR, Losina E.","BMC Med Res Methodol. 2011 Jan 5;11:1. doi: 10.1186/1471-2288-11-1.","BMC Med Res Methodol.  2011","PubMed","citation","PMID:21208427 | PMCID:PMC3022898","pubmed","21208427","create date:2011/01/07 | first author:Reichmann WM",
"Longitudinal risk factors for intimate partner violence among men in treatment for alcohol use disorders.","/pubmed/20954758","Taft CT, O'Farrell TJ, Doron-LaMarca S, Panuzio J, Suvak MK, Gagnon DR, Murphy CM.","J Consult Clin Psychol. 2010 Dec;78(6):924-35. doi: 10.1037/a0021093.","J Consult Clin Psychol.  2010","PubMed","citation","PMID:20954758","pubmed","20954758","create date:2010/10/20 | first author:Taft CT",
"Durable improvements in prostate cancer screening from online spaced education a randomized controlled trial.","/pubmed/20965387","Kerfoot BP, Lawler EV, Sokolovskaya G, Gagnon D, Conlin PR.","Am J Prev Med. 2010 Nov;39(5):472-8. doi: 10.1016/j.amepre.2010.07.016.","Am J Prev Med.  2010","PubMed","citation","PMID:20965387 | PMCID:PMC2994103","pubmed","20965387","create date:2010/10/23 | first author:Kerfoot BP",
"Change in use of gadolinium-enhanced magnetic resonance studies in kidney disease patients after US Food and Drug Administration warnings: a cross-sectional study of Veterans Affairs Health Care System data from 2005-2008.","/pubmed/20580477","Kim KH, Fonda JR, Lawler EV, Gagnon D, Kaufman JS.","Am J Kidney Dis. 2010 Sep;56(3):458-67. doi: 10.1053/j.ajkd.2010.03.027.","Am J Kidney Dis.  2010","PubMed","citation","PMID:20580477","pubmed","20580477","create date:2010/06/29 | first author:Kim KH",
"Risk factors for chest illness in chronic spinal cord injury: a prospective study.","/pubmed/20463565","Stolzmann KL, Gagnon DR, Brown R, Tun CG, Garshick E.","Am J Phys Med Rehabil. 2010 Jul;89(7):576-83. doi: 10.1097/PHM.0b013e3181ddca8e.","Am J Phys Med Rehabil.  2010","PubMed","citation","PMID:20463565 | PMCID:PMC3021458","pubmed","20463565","create date:2010/05/14 | first author:Stolzmann KL",
"Initiation of anaemia management in patients with chronic kidney disease not on dialysis in the Veterans Health Administration.","/pubmed/20083469","Lawler EV, Gagnon DR, Fink J, Seliger S, Fonda J, Do TP, Gaziano JM, Bradbury BD.","Nephrol Dial Transplant. 2010 Jul;25(7):2237-44. doi: 10.1093/ndt/gfp758.","Nephrol Dial Transplant.  2010","PubMed","citation","PMID:20083469","pubmed","20083469","create date:2010/01/20 | first author:Lawler EV",
"Transfusion burden among patients with chronic kidney disease and anemia.","/pubmed/20299366","Lawler EV, Bradbury BD, Fonda JR, Gaziano JM, Gagnon DR.","Clin J Am Soc Nephrol. 2010 Apr;5(4):667-72. doi: 10.2215/CJN.06020809.","Clin J Am Soc Nephrol.  2010","PubMed","citation","PMID:20299366 | PMCID:PMC2849699","pubmed","20299366","create date:2010/03/20 | first author:Lawler EV",
"Cross-calibration and comparison of variability in 2 bone densitometers in a research setting: the framingham experience.","/pubmed/20347371","Gagnon DR, McLean RR, Hannan MT, Cupples LA, Hogan M, Kiel DP.","J Clin Densitom. 2010 Apr-Jun;13(2):210-8. doi: 10.1016/j.jocd.2010.01.003.","J Clin Densitom.  2010","PubMed","citation","PMID:20347371 | PMCID:PMC2908922","pubmed","20347371","create date:2010/03/30 | first author:Gagnon DR",
"Minimal model for synchronization induced by hydrodynamic interactions.","/pubmed/20365202","Qian B, Jiang H, Gagnon DA, Breuer KS, Powers TR.","Phys Rev E Stat Nonlin Soft Matter Phys. 2009 Dec;80(6 Pt 1):061919.","Phys Rev E Stat Nonlin Soft Matter Phys.  2009","PubMed","citation","PMID:20365202","pubmed","20365202","create date:2010/04/07 | first author:Qian B",
"Foot pain: is current or past shoewear a factor?","/pubmed/19790125","Dufour AB, Broe KE, Nguyen US, Gagnon DR, Hillstrom HJ, Walker AH, Kivell E, Hannan MT.","Arthritis Rheum. 2009 Oct 15;61(10):1352-8. doi: 10.1002/art.24733.","Arthritis Rheum.  2009","PubMed","citation","PMID:19790125 | PMCID:PMC2761974","pubmed","19790125","create date:2009/10/01 | first author:Dufour AB",
"Stereoselective synthesis of (+)-aspidofractinine.","/pubmed/19603751","Gagnon D, Spino C.","J Org Chem. 2009 Aug 21;74(16):6035-41. doi: 10.1021/jo9009497.","J Org Chem.  2009","PubMed","citation","PMID:19603751","pubmed","19603751","create date:2009/07/17 | first author:Gagnon D",
"A SAS macro for a clustered permutation test.","/pubmed/19321221","Stedman MR, Gagnon DR, Lew RA, Solomon DH, Losina E, Alan Brookhart M.","Comput Methods Programs Biomed. 2009 Jul;95(1):89-94. doi: 10.1016/j.cmpb.2009.02.005.","Comput Methods Programs Biomed.  2009","PubMed","citation","PMID:19321221 | PMCID:PMC2674116","pubmed","19321221","create date:2009/03/27 | first author:Stedman MR",
"Dual energy x-ray absorptiometry of the distal femur may be more reliable than the proximal tibia in spinal cord injury.","/pubmed/19406303","Morse LR, Lazzari AA, Battaglino R, Stolzmann KL, Matthess KR, Gagnon DR, Davis SA, Garshick E.","Arch Phys Med Rehabil. 2009 May;90(5):827-31. doi: 10.1016/j.apmr.2008.12.004.","Arch Phys Med Rehabil.  2009","PubMed","citation","PMID:19406303 | PMCID:PMC2677191","pubmed","19406303","create date:2009/05/02 | first author:Morse LR",
"Proteasomal degradation of the papillomavirus E2 protein is inhibited by overexpression of bromodomain-containing protein 4.","/pubmed/19211738","Gagnon D, Joubert S, Sénéchal H, Fradet-Turcotte A, Torre S, Archambault J.","J Virol. 2009 May;83(9):4127-39. doi: 10.1128/JVI.02468-08.","J Virol.  2009","PubMed","citation","PMID:19211738 | PMCID:PMC2668459","pubmed","19211738","create date:2009/02/13 | first author:Gagnon D",
"Micron-scale droplet deposition on a hydrophobic surface using a retreating syringe.","/pubmed/19518715","Qian B, Loureiro M, Gagnon DA, Tripathi A, Breuer KS.","Phys Rev Lett. 2009 Apr 24;102(16):164502.","Phys Rev Lett.  2009","PubMed","citation","PMID:19518715","pubmed","19518715","create date:2009/06/13 | first author:Qian B",
"Predictors of cardiopulmonary hospitalization in chronic spinal cord injury.","/pubmed/19236973","Waddimba AC, Jain NB, Stolzmann K, Gagnon DR, Burgess JF Jr, Kazis LE, Garshick E.","Arch Phys Med Rehabil. 2009 Feb;90(2):193-200. doi: 10.1016/j.apmr.2008.07.026.","Arch Phys Med Rehabil.  2009","PubMed","citation","PMID:19236973 | PMCID:PMC2648127","pubmed","19236973","create date:2009/02/25 | first author:Waddimba AC",
"Comparison of costs of staged versus simultaneous lower extremity arterial hybrid procedures.","/pubmed/18954597","Ebaugh JL, Gagnon D, Owens CD, Conte MS, Raffetto JD.","Am J Surg. 2008 Nov;196(5):634-40. doi: 10.1016/j.amjsurg.2008.08.003.","Am J Surg.  2008","PubMed","citation","PMID:18954597","pubmed","18954597","create date:2008/10/29 | first author:Ebaugh JL",
"High vitamin C intake is associated with lower 4-year bone loss in elderly men.","/pubmed/18806103","Sahni S, Hannan MT, Gagnon D, Blumberg J, Cupples LA, Kiel DP, Tucker KL.","J Nutr. 2008 Oct;138(10):1931-8.","J Nutr.  2008","PubMed","citation","PMID:18806103 | PMCID:PMC2752366","pubmed","18806103","create date:2008/09/23 | first author:Sahni S",
"Poisson regression for modeling count and frequency outcomes in trauma research.","/pubmed/18956443","Gagnon DR, Doron-LaMarca S, Bell M, O'Farrell TJ, Taft CT.","J Trauma Stress. 2008 Oct;21(5):448-54. doi: 10.1002/jts.20359.","J Trauma Stress.  2008","PubMed","citation","PMID:18956443","pubmed","18956443","create date:2008/10/29 | first author:Gagnon DR",
"An evaluation of statistical approaches for analyzing physician-randomized quality improvement interventions.","/pubmed/18571476","Stedman MR, Gagnon DR, Lew RA, Solomon DH, Brookhart MA.","Contemp Clin Trials. 2008 Sep;29(5):687-95. doi: 10.1016/j.cct.2008.04.003.","Contemp Clin Trials.  2008","PubMed","citation","PMID:18571476","pubmed","18571476","create date:2008/06/24 | first author:Stedman MR",
"Quetiapine versus trazodone in reducing rehospitalization for alcohol dependence: a large data-base study.","/pubmed/21768982","Monnelly EP, Locastro JS, Gagnon D, Young M, Fiore LD.","J Addict Med. 2008 Sep;2(3):128-34. doi: 10.1097/ADM.0b013e318165cb56.","J Addict Med.  2008","PubMed","citation","PMID:21768982","pubmed","21768982","create date:2008/09/01 | first author:Monnelly EP",
"Sterically biased 3,3-sigmatropic rearrangement of chiral allylic azides: application to the total syntheses of alkaloids.","/pubmed/18642871","Lauzon S, Tremblay F, Gagnon D, Godbout C, Chabot C, Mercier-Shanks C, Perreault S, DeSève H, Spino C.","J Org Chem. 2008 Aug 15;73(16):6239-50. doi: 10.1021/jo800817p.","J Org Chem.  2008","PubMed","citation","PMID:18642871","pubmed","18642871","create date:2008/07/23 | first author:Lauzon S",
"Determinants of lung volumes in chronic spinal cord injury.","/pubmed/18674986","Stepp EL, Brown R, Tun CG, Gagnon DR, Jain NB, Garshick E.","Arch Phys Med Rehabil. 2008 Aug;89(8):1499-506. doi: 10.1016/j.apmr.2008.02.018.","Arch Phys Med Rehabil.  2008","PubMed","citation","PMID:18674986 | PMCID:PMC2647858","pubmed","18674986","create date:2008/08/05 | first author:Stepp EL",
"A six-year study of diagnostic lower extremity imaging practice patterns and outcomes in the Veterans Affairs health care system.","/pubmed/22477392","Scranton RE, Dhingra R, Lawler EV, Yucel K, Guo A, Chittamooru SP, Gagnon DR, Hay JW, Gaziano JM.","Int J Angiol. 2008 Summer;17(2):78-82.","Int J Angiol.  2008","PubMed","citation","PMID:22477392 | PMCID:PMC2728421","pubmed","22477392","create date:2008/07/01 | first author:Scranton RE",
"Longitudinal change in FEV1 and FVC in chronic spinal cord injury.","/pubmed/18202346","Stolzmann KL, Gagnon DR, Brown R, Tun CG, Garshick E.","Am J Respir Crit Care Med. 2008 Apr 1;177(7):781-6. doi: 10.1164/rccm.200709-1332OC.","Am J Respir Crit Care Med.  2008","PubMed","citation","PMID:18202346 | PMCID:PMC2277212","pubmed","18202346","create date:2008/01/19 | first author:Stolzmann KL",
"Association between mobility mode and C-reactive protein levels in men with chronic spinal cord injury.","/pubmed/18374004","Morse LR, Stolzmann K, Nguyen HP, Jain NB, Zayac C, Gagnon DR, Tun CG, Garshick E.","Arch Phys Med Rehabil. 2008 Apr;89(4):726-31. doi: 10.1016/j.apmr.2007.09.046.","Arch Phys Med Rehabil.  2008","PubMed","citation","PMID:18374004 | PMCID:PMC2365500","pubmed","18374004","create date:2008/04/01 | first author:Morse LR",
"Association of elevated alanine aminotransferase with BMI and diabetes in older veteran outpatients.","/pubmed/18178283","Hermos JA, Cohen SA, Hall R, Gagnon DR, Brophy MT, Fiore LD.","Diabetes Res Clin Pract. 2008 Apr;80(1):153-8. doi: 10.1016/j.diabres.2007.11.008.","Diabetes Res Clin Pract.  2008","PubMed","citation","PMID:18178283","pubmed","18178283","create date:2008/01/08 | first author:Hermos JA",
"Effect of treating erectile dysfunction on management of systolic hypertension.","/pubmed/17659929","Scranton RE, Lawler E, Botteman M, Chittamooru S, Gagnon D, Lew R, Harnett J, Gaziano JM.","Am J Cardiol. 2007 Aug 1;100(3):459-63.","Am J Cardiol.  2007","PubMed","citation","PMID:17659929","pubmed","17659929","create date:2007/07/31 | first author:Scranton RE",
"Matrix Gla protein is associated with risk factors for atherosclerosis but not with coronary artery calcification.","/pubmed/16973975","O'Donnell CJ, Shea MK, Price PA, Gagnon DR, Wilson PW, Larson MG, Kiel DP, Hoffmann U, Ferencik M, Clouse ME, Williamson MK, Cupples LA, Dawson-Hughes B, Booth SL.","Arterioscler Thromb Vasc Biol. 2006 Dec;26(12):2769-74.","Arterioscler Thromb Vasc Biol.  2006","PubMed","citation","PMID:16973975 | PMCID:PMC2562549","pubmed","16973975","create date:2006/09/16 | first author:O'Donnell CJ",
"Determinants of forced expiratory volume in 1 second (FEV1), forced vital capacity (FVC), and FEV1/FVC in chronic spinal cord injury.","/pubmed/17023241","Jain NB, Brown R, Tun CG, Gagnon D, Garshick E.","Arch Phys Med Rehabil. 2006 Oct;87(10):1327-33.","Arch Phys Med Rehabil.  2006","PubMed","citation","PMID:17023241 | PMCID:PMC1896316","pubmed","17023241","create date:2006/10/07 | first author:Jain NB",
"Adenoviral-mediated modulation of Sim1 expression in the paraventricular nucleus affects food intake.","/pubmed/16807340","Yang C, Gagnon D, Vachon P, Tremblay A, Levy E, Massie B, Michaud JL.","J Neurosci. 2006 Jun 28;26(26):7116-20.","J Neurosci.  2006","PubMed","citation","PMID:16807340","pubmed","16807340","create date:2006/06/30 | first author:Yang C",
"Health care utilization and receipt of cholesterol testing by veterans with and those without mental illness.","/pubmed/16516064","Kaplowitz RA, Scranton RE, Gagnon DR, Cantillon C, Levenson JW, Sesso HD, Fiore LD, Gaziano JM.","Gen Hosp Psychiatry. 2006 Mar-Apr;28(2):137-44.","Gen Hosp Psychiatry.  2006","PubMed","citation","PMID:16516064","pubmed","16516064","create date:2006/03/07 | first author:Kaplowitz RA",
"Characterizations of long-term anxiolytic benzodiazepine prescriptions in veteran patients.","/pubmed/16282847","Hermos JA, Young MM, Lawler EV, Stedman MR, Gagnon DR, Fiore LD.","J Clin Psychopharmacol. 2005 Dec;25(6):600-4.","J Clin Psychopharmacol.  2005","PubMed","citation","PMID:16282847","pubmed","16282847","create date:2005/11/12 | first author:Hermos JA",
"Sterically biased 3,3-sigmatropic rearrangement of azides: efficient preparation of nonracemic alpha-amino acids and heterocycles.","/pubmed/16209531","Gagnon D, Lauzon S, Godbout C, Spino C.","Org Lett. 2005 Oct 13;7(21):4769-71.","Org Lett.  2005","PubMed","citation","PMID:16209531","pubmed","16209531","create date:2005/10/08 | first author:Gagnon D",
"Statin use and fracture risk: study of a US veterans population.","/pubmed/16186471","Scranton RE, Young M, Lawler E, Solomon D, Gagnon D, Gaziano JM.","Arch Intern Med. 2005 Sep 26;165(17):2007-12.","Arch Intern Med.  2005","PubMed","citation","PMID:16186471","pubmed","16186471","create date:2005/09/28 | first author:Scranton RE",
"Outcomes associated with a trial of labor after prior cesarean delivery.","/pubmed/15846859","Gagnon DE, Muri JH.","N Engl J Med. 2005 Apr 21;352(16):1718-20; author reply 1718-20. No abstract available. ","N Engl J Med.  2005","PubMed","citation","PMID:15846859","pubmed","15846859","create date:2005/04/23 | first author:Gagnon DE",
"Three complementary definitions of polypharmacy: methods, application and comparison of findings in a large prescription database.","/pubmed/15386712","Fincke BG, Snyder K, Cantillon C, Gaehde S, Standring P, Fiore L, Brophy M, Gagnon DR.","Pharmacoepidemiol Drug Saf. 2005 Feb;14(2):121-8.","Pharmacoepidemiol Drug Saf.  2005","PubMed","citation","PMID:15386712","pubmed","15386712","create date:2004/09/24 | first author:Fincke BG",
"Characteristics associated with differences in reported versus measured total cholesterol among male physicians.","/pubmed/15976930","Scranton RE, Sesso HD, Glynn RJ, Levenson JW, Stedman M, Gagnon D, Gaziano JM.","J Prim Prev. 2005 Jan;26(1):51-61.","J Prim Prev.  2005","PubMed","citation","PMID:15976930","pubmed","15976930","create date:2005/06/25 | first author:Scranton RE",
"Characterizations of long-term oxycodone/acetaminophen prescriptions in veteran patients.","/pubmed/15557416","Hermos JA, Young MM, Gagnon DR, Fiore LD.","Arch Intern Med. 2004 Nov 22;164(21):2361-6.","Arch Intern Med.  2004","PubMed","citation","PMID:15557416","pubmed","15557416","create date:2004/11/24 | first author:Hermos JA",
"Patterns of dispensed disulfiram and naltrexone for alcoholism treatment in a veteran patient population.","/pubmed/15318122","Hermos JA, Young MM, Gagnon DR, Fiore LD.","Alcohol Clin Exp Res. 2004 Aug;28(8):1229-35.","Alcohol Clin Exp Res.  2004","PubMed","citation","PMID:15318122","pubmed","15318122","create date:2004/08/20 | first author:Hermos JA",
"Anticoagulant use for atrial fibrillation in the elderly.","/pubmed/15209654","Brophy MT, Snyder KE, Gaehde S, Ives C, Gagnon D, Fiore LD.","J Am Geriatr Soc. 2004 Jul;52(7):1151-6.","J Am Geriatr Soc.  2004","PubMed","citation","PMID:15209654","pubmed","15209654","create date:2004/06/24 | first author:Brophy MT",
"Risk factors for central serous chorioretinopathy: a case-control study.","/pubmed/15019370","Haimovici R, Koh S, Gagnon DR, Lehrfeld T, Wellik S; Central Serous Chorioretinopathy Case-Control Study Group..","Ophthalmology. 2004 Feb;111(2):244-9.","Ophthalmology.  2004","PubMed","citation","PMID:15019370","pubmed","15019370","create date:2004/03/17 | first author:Haimovici R",
"DNA delivery to cells in culture: generation of adenoviral libraries for high-throughput functional screening.","/pubmed/14970582","Ogorelkova M, Elahi SM, Gagnon D, Massie B.","Methods Mol Biol. 2004;246:15-27.","Methods Mol Biol.  2004","PubMed","citation","PMID:14970582","pubmed","14970582","create date:2004/02/19 | first author:Ogorelkova M",
"The analysis of survival data with a non-susceptible fraction and dual censoring mechanisms.","/pubmed/14518026","Gagnon DR, Glickman ME, Myers RH, Cupples LA.","Stat Med. 2003 Oct 30;22(20):3249-62.","Stat Med.  2003","PubMed","citation","PMID:14518026","pubmed","14518026","create date:2003/10/01 | first author:Gagnon DR",
"Vitamin K intake and bone mineral density in women and men.","/pubmed/12540415","Booth SL, Broe KE, Gagnon DR, Tucker KL, Hannan MT, McLean RR, Dawson-Hughes B, Wilson PW, Cupples LA, Kiel DP.","Am J Clin Nutr. 2003 Feb;77(2):512-6.","Am J Clin Nutr.  2003","PubMed","citation","PMID:12540415","pubmed","12540415","create date:2003/01/24 | first author:Booth SL",
"Modeling the effects of genetic factors on late-onset diseases in cohort studies.","/pubmed/12182119","Glickman ME, Gagnon DR.","Lifetime Data Anal. 2002 Sep;8(3):211-28.","Lifetime Data Anal.  2002","PubMed","citation","PMID:12182119","pubmed","12182119","create date:2002/08/17 | first author:Glickman ME",
"A comparison of the Framingham and European Society of Cardiology coronary heart disease risk prediction models in the normative aging study.","/pubmed/12094194","Orford JL, Sesso HD, Stedman M, Gagnon D, Vokonas P, Gaziano JM.","Am Heart J. 2002 Jul;144(1):95-100.","Am Heart J.  2002","PubMed","citation","PMID:12094194","pubmed","12094194","create date:2002/07/03 | first author:Orford JL",
