Title,URL,Description,Details,ShortDetails,Resource,Type,Identifiers,Db,EntrezUID,Properties
"Examining New Preoperative Assessment Tools.","/pubmed/27590632","Kapoor A, Shaffer NS, McDonough CM, White DK, Wang N, Rosenkranz P, Glantz A, McAneny D, Doherty GM, Cabral HJ, Gurwitz JH, Fielding RA, Jette AM, Silliman RA.","J Am Geriatr Soc. 2016 Oct;64(10):e102-e104. doi: 10.1111/jgs.14349. No abstract available. ","J Am Geriatr Soc.  2016","PubMed","citation","PMID:27590632","pubmed","27590632","create date:2016/10/21 | first author:Kapoor A",
"Phase I Trial of Anti-PSMA Designer CAR-T Cells in Prostate Cancer: Possible Role for Interacting Interleukin 2-T Cell Pharmacodynamics as a Determinant of Clinical Response.","/pubmed/27324746","Junghans RP, Ma Q, Rathore R, Gomes EM, Bais AJ, Lo AS, Abedi M, Davies RA, Cabral HJ, Al-Homsi AS, Cohen SI.","Prostate. 2016 Oct;76(14):1257-70. doi: 10.1002/pros.23214.","Prostate.  2016","PubMed","citation","PMID:27324746","pubmed","27324746","create date:2016/06/22 | first author:Junghans RP",
"Patient Navigation for Mothers with Depression who Have Children in Head Start: A Pilot Study.","/pubmed/27195704","Diaz-Linhart Y, Silverstein M, Grote N, Cadena L, Feinberg E, Ruth BJ, Cabral H.","Soc Work Public Health. 2016 Oct;31(6):504-10. doi: 10.1080/19371918.2016.1160341.","Soc Work Public Health.  2016","PubMed","citation","PMID:27195704","pubmed","27195704","create date:2016/05/20 | first author:Diaz-Linhart Y",
"Perinatal outcomes of singleton siblings: the effects of changing maternal fertility status.","/pubmed/27318927","Luke B, Gopal D, Cabral H, Diop H, Stern JE.","J Assist Reprod Genet. 2016 Sep;33(9):1203-13. doi: 10.1007/s10815-016-0757-6.","J Assist Reprod Genet.  2016","PubMed","citation","PMID:27318927 | PMCID:PMC5010815","pubmed","27318927","create date:2016/06/20 | first author:Luke B",
"Children using Day Nurseries' Facilities can be Associated with more Risk to Nonnutritive Sucking Habits.","/pubmed/27733714","Alves FB, Wambier DS, Alvarez JH, da Rocha JC, Kummer TR, de Castro VC, Cabral H, Kozlowski VA Jr.","J Contemp Dent Pract. 2016 Sep 1;17(9):721-727.","J Contemp Dent Pract.  2016","PubMed","citation","PMID:27733714","pubmed","27733714","create date:2016/10/14 | first author:Alves FB",
"Recent Increases in the U.S. Maternal Mortality Rate: Disentangling Trends From Measurement Issues.","/pubmed/27500333","MacDorman MF, Declercq E, Cabral H, Morton C.","Obstet Gynecol. 2016 Sep;128(3):447-55. doi: 10.1097/AOG.0000000000001556.","Obstet Gynecol.  2016","PubMed","citation","PMID:27500333 | PMCID:PMC5001799","pubmed","27500333","create date:2016/08/09 | first author:MacDorman MF",
"Disparities in Age-Associated Cognitive Decline Between African-American and Caucasian Populations: The Roles of Health Literacy and Education.","/pubmed/27310494","Gupta VK, Winter M, Cabral H, Henault L, Waite K, Hanchate A, Bickmore TW, Wolf MS, Paasche-Orlow MK.","J Am Geriatr Soc. 2016 Aug;64(8):1716-23. doi: 10.1111/jgs.14257.","J Am Geriatr Soc.  2016","PubMed","citation","PMID:27310494","pubmed","27310494","create date:2016/06/17 | first author:Gupta VK",
"Reducing Disparities in Timely Autism Diagnosis Through Family Navigation: Results From a Randomized Pilot Trial.","/pubmed/27133722","Feinberg E, Abufhele M, Sandler J, Augustyn M, Cabral H, Chen N, Diaz Linhart Y, Cesar Levesque Z, Aebi M, Silverstein M.","Psychiatr Serv. 2016 Aug 1;67(8):912-5. doi: 10.1176/appi.ps.201500162.","Psychiatr Serv.  2016","PubMed","citation","PMID:27133722","pubmed","27133722","create date:2016/05/03 | first author:Feinberg E",
"Prenatal, perinatal, and adolescent exposure to marijuana: Relationships with aggressive behavior.","/pubmed/27345271","Barthelemy OJ, Richardson MA, Cabral HJ, Frank DA.","Neurotoxicol Teratol. 2016 Jun 23. pii: S0892-0362(16)30065-4. doi: 10.1016/j.ntt.2016.06.009. Review.","Neurotoxicol Teratol.  2016","PubMed","citation","PMID:27345271","pubmed","27345271","create date:2016/06/28 | first author:Barthelemy OJ",
"Racial disparities in patient activation: Evaluating the mediating role of health literacy with path analyses.","/pubmed/26809936","Gwynn KB, Winter MR, Cabral HJ, Wolf MS, Hanchate AD, Henault L, Waite K, Bickmore TW, Paasche-Orlow MK.","Patient Educ Couns. 2016 Jun;99(6):1033-7. doi: 10.1016/j.pec.2015.12.020.","Patient Educ Couns.  2016","PubMed","citation","PMID:26809936 | PMCID:PMC4912873","pubmed","26809936","create date:2016/01/27 | first author:Gwynn KB",
"Myopic and Forward Looking Behavior in Branded Oral Anti-Diabetic Medication Consumption: An Example from Medicare Part D.","/pubmed/27150938","Sacks NC, Burgess JF Jr, Cabral HJ, Pizer SD.","Health Econ. 2016 May 6. doi: 10.1002/hec.3355.","Health Econ.  2016","PubMed","citation","PMID:27150938","pubmed","27150938","create date:2016/05/07 | first author:Sacks NC",
"Longitudinal measures of cognition in the Ts65Dn mouse: Refining windows and defining modalities for therapeutic intervention in Down syndrome.","/pubmed/26854932","Olmos-Serrano JL, Tyler WA, Cabral HJ, Haydar TF.","Exp Neurol. 2016 May;279:40-56. doi: 10.1016/j.expneurol.2016.02.005.","Exp Neurol.  2016","PubMed","citation","PMID:26854932","pubmed","26854932","create date:2016/02/09 | first author:Olmos-Serrano JL",
"Classification of patients with incident non-specific low back pain: implications for research.","/pubmed/26282103","Norton G, McDonough CM, Cabral HJ, Shwartz M, Burgess JF Jr.","Spine J. 2016 May;16(5):567-76. doi: 10.1016/j.spinee.2015.08.015.","Spine J.  2016","PubMed","citation","PMID:26282103 | PMCID:PMC4987706","pubmed","26282103","create date:2015/08/19 | first author:Norton G",
"Using Clinical Data to Predict Accurate ADHD Diagnoses Among Urban Children.","/pubmed/26130393","Silverstein M, Hironaka LK, Feinberg E, Sandler J, Pellicer M, Chen N, Cabral H.","Clin Pediatr (Phila). 2016 Apr;55(4):326-32. doi: 10.1177/0009922815591882.","Clin Pediatr (Phila).  2016","PubMed","citation","PMID:26130393","pubmed","26130393","create date:2015/07/02 | first author:Silverstein M",
"Psychological Distress Among School-Aged Children with and Without Intrauterine Cocaine Exposure: Perinatal Versus Contextual Effects.","/pubmed/26194603","Richardson MA, Grant-Knight W, Beeghly M, Rose-Jacobs R, Chen CA, Appugliese DP, Cabral HJ, Liebschutz JM, Frank DA.","J Abnorm Child Psychol. 2016 Apr;44(3):547-60. doi: 10.1007/s10802-015-0052-5.","J Abnorm Child Psychol.  2016","PubMed","citation","PMID:26194603 | PMCID:PMC4854523","pubmed","26194603","create date:2015/07/22 | first author:Richardson MA",
"Factors associated with bariatric postoperative emergency department visits.","/pubmed/27317600","Macht R, George J, Ameli O, Hess D, Cabral H, Kazis L.","Surg Obes Relat Dis. 2016 Mar 2. pii: S1550-7289(16)00084-8. doi: 10.1016/j.soard.2016.02.038.","Surg Obes Relat Dis.  2016","PubMed","citation","PMID:27317600","pubmed","27317600","create date:2016/06/19 | first author:Macht R",
"Increasing Medication Possession at Discharge for Patients With Asthma: The Meds-in-Hand Project.","/pubmed/26912205","Hatoun J, Bair-Merritt M, Cabral H, Moses J.","Pediatrics. 2016 Mar;137(3):e20150461. doi: 10.1542/peds.2015-0461.","Pediatrics.  2016","PubMed","citation","PMID:26912205","pubmed","26912205","create date:2016/02/26 | first author:Hatoun J",
"Assisted Reproductive Technology and Early Intervention Program Enrollment.","/pubmed/26908668","Diop H, Gopal D, Cabral H, Belanoff C, Declercq ER, Kotelchuck M, Luke B, Stern JE.","Pediatrics. 2016 Mar;137(3):e20152007. doi: 10.1542/peds.2015-2007.","Pediatrics.  2016","PubMed","citation","PMID:26908668 | PMCID:PMC4766754","pubmed","26908668","create date:2016/02/26 | first author:Diop H",
"Receipt of Evidence-Based Pharmacotherapy and Psychotherapy Among Children and Adolescents With New Diagnoses of Depression.","/pubmed/26725295","Soria-Saucedo R, Walter HJ, Cabral H, England MJ, Kazis LE.","Psychiatr Serv. 2016 Mar;67(3):316-23. doi: 10.1176/appi.ps.201500090.","Psychiatr Serv.  2016","PubMed","citation","PMID:26725295","pubmed","26725295","create date:2016/01/05 | first author:Soria-Saucedo R",
"Patient cost-sharing and insurance arrangements are associated with hospital readmissions after abdominal surgery: Implications for access and quality health care.","/pubmed/26477477","Youn B, Soley-Bori M, Soria-Saucedo R, Ryan CM, Schneider JC, Haynes AB, Cabral HJ, Kazis LE.","Surgery. 2016 Mar;159(3):919-29. doi: 10.1016/j.surg.2015.09.007.","Surgery.  2016","PubMed","citation","PMID:26477477","pubmed","26477477","create date:2015/10/20 | first author:Youn B",
"Unnecessary Antibiotics for Acute Respiratory Tract Infections: Association With Care Setting and Patient Demographics.","/pubmed/27006968","Barlam TF, Soria-Saucedo R, Cabral HJ, Kazis LE.","Open Forum Infect Dis. 2016 Feb 23;3(1):ofw045. doi: 10.1093/ofid/ofw045.","Open Forum Infect Dis.  2016","PubMed","citation","PMID:27006968 | PMCID:PMC4800455","pubmed","27006968","create date:2016/03/24 | first author:Barlam TF",
"Avoidance as an obstacle to preventing depression among urban women at high risk for violent trauma.","/pubmed/25833808","Silverstein M, Kistin C, Bair-Merritt M, Wiltsey-Stirman S, Feinberg E, Diaz-Linhart Y, Sandler J, Chen N, Cabral H.","Arch Womens Ment Health. 2016 Feb;19(1):63-70. doi: 10.1007/s00737-015-0521-4.","Arch Womens Ment Health.  2016","PubMed","citation","PMID:25833808","pubmed","25833808","create date:2015/04/03 | first author:Silverstein M",
"Prepregnancy Body Mass Index and Infant Mortality in 38 U.S. States, 2012-2013.","/pubmed/26942355","Declercq E, MacDorman M, Cabral H, Stotland N.","Obstet Gynecol. 2016 Feb;127(2):279-87. doi: 10.1097/AOG.0000000000001241.","Obstet Gynecol.  2016","PubMed","citation","PMID:26942355","pubmed","26942355","create date:2016/03/05 | first author:Declercq E",
"Differences by gender at twelve months in a brief intervention trial among Mexican-origin young adults in the emergency department.","/pubmed/26821181","Bernstein J, Bernstein E, Hudson D, Belanoff C, Cabral HJ, Cherpitel CJ, Bond J, Ye Y, Woolard R, Villalobos S, Ramos R.","J Ethn Subst Abuse. 2016 Jan 28:1-18.","J Ethn Subst Abuse.  2016","PubMed","citation","PMID:26821181 | PMCID:PMC4733888","pubmed","26821181","create date:2016/01/29 | first author:Bernstein J",
"Subsequent Maltreatment in Children With Disabilities After an Unsubstantiated Report for Neglect.","/pubmed/26746463","Kistin CJ, Tompson MC, Cabral HJ, Sege RD, Winter MR, Silverstein M.","JAMA. 2016 Jan 5;315(1):85-7. doi: 10.1001/jama.2015.12912. No abstract available. ","JAMA.  2016","PubMed","citation","PMID:26746463 | PMCID:PMC4917388","pubmed","26746463","create date:2016/01/10 | first author:Kistin CJ",
"The Role of Geography in the Assessment of Quality: Evidence from the Medicare Advantage Program.","/pubmed/26727371","Soria-Saucedo R, Xu P, Newsom J, Cabral H, Kazis LE.","PLoS One. 2016 Jan 4;11(1):e0145656. doi: 10.1371/journal.pone.0145656.","PLoS One.  2016","PubMed","citation","PMID:26727371 | PMCID:PMC4703195","pubmed","26727371","create date:2016/01/05 | first author:Soria-Saucedo R",
"Effects of intrauterine substance and postnatal violence exposure on aggression in children.","/pubmed/26660077","Barthelemy OJ, Richardson MA, Rose-Jacobs R, Forman LS, Cabral HJ, Frank DA.","Aggress Behav. 2016 May-Jun;42(3):209-21. doi: 10.1002/ab.21607.","Aggress Behav.  2016","PubMed","citation","PMID:26660077","pubmed","26660077","create date:2015/12/15 | first author:Barthelemy OJ",
"Is the wrong question being asked in infertility research?","/pubmed/26634257","Luke B, Stern JE, Hornstein MD, Kotelchuck M, Diop H, Cabral H, Declercq ER.","J Assist Reprod Genet. 2016 Jan;33(1):3-8. doi: 10.1007/s10815-015-0610-3.","J Assist Reprod Genet.  2016","PubMed","citation","PMID:26634257 | PMCID:PMC4717139","pubmed","26634257","create date:2015/12/05 | first author:Luke B",
"Predictors of Adherence to Post-Polypectomy Surveillance Colonoscopy.","/pubmed/27763469","Calderwood AH, Schroy PC, Kluge MA, Cabral HJ, Burgess JF.","J Health Care Poor Underserved. 2016;27(1):261-279.","J Health Care Poor Underserved.  2016","PubMed","citation","PMID:27763469","pubmed","27763469","create date:2016/10/21 | first author:Calderwood AH",
"Health Literacy and Education as Mediators of Racial Disparities in Patient Activation Within an Elderly Patient Cohort.","/pubmed/27524777","Eneanya ND, Winter M, Cabral H, Waite K, Henault L, Bickmore T, Hanchate A, Wolf M, Paasche-Orlow MK.","J Health Care Poor Underserved. 2016;27(3):1427-40. doi: 10.1353/hpu.2016.0133.","J Health Care Poor Underserved.  2016","PubMed","citation","PMID:27524777","pubmed","27524777","create date:2016/08/16 | first author:Eneanya ND",
"Maternal Postpartum Hospitalization Following Assisted Reproductive Technology Births.","/pubmed/26317669","Declercq E, Stern JE, Luke B, Cabral H, Gopal D, Belanoff C, Diop H, Kotelchuck M.","Epidemiology. 2015 Nov;26(6):e64-5. doi: 10.1097/EDE.0000000000000371. No abstract available. ","Epidemiology.  2015","PubMed","citation","PMID:26317669 | PMCID:PMC4586485","pubmed","26317669","create date:2015/09/01 | first author:Declercq E",
"Acceptability and feasibility of a virtual counselor (VICKY) to collect family health histories.","/pubmed/25590980","Wang C, Bickmore T, Bowen DJ, Norkunas T, Campion M, Cabral H, Winter M, Paasche-Orlow M.","Genet Med. 2015 Oct;17(10):822-30. doi: 10.1038/gim.2014.198.","Genet Med.  2015","PubMed","citation","PMID:25590980 | PMCID:PMC4503525","pubmed","25590980","create date:2015/01/16 | first author:Wang C",
"Refining Measurement of Substance Use Disorders Among Women of Child-Bearing Age Using Hospital Records: The Development of the Explicit-Mention Substance Abuse Need for Treatment in Women (EMSANT-W) Algorithm.","/pubmed/25680703","Derrington TM, Bernstein J, Belanoff C, Cabral HJ, Babakhanlou-Chase H, Diop H, Evans SR, Kotelchuck M.","Matern Child Health J. 2015 Oct;19(10):2168-78. doi: 10.1007/s10995-015-1730-1.","Matern Child Health J.  2015","PubMed","citation","PMID:25680703 | PMCID:PMC4802156","pubmed","25680703","create date:2015/02/15 | first author:Derrington TM",
"The Effects of Cost Sharing on Adherence to Medications Prescribed for Concurrent Use: Do Definitions Matter?","/pubmed/26233540","Sacks NC, Burgess JF, Cabral HJ, McDonnell ME, Pizer SD.","J Manag Care Spec Pharm. 2015 Aug;21(8):678-87.","J Manag Care Spec Pharm.  2015","PubMed","citation","PMID:26233540","pubmed","26233540","create date:2015/08/04 | first author:Sacks NC",
"Functional Status and Hospital Readmissions Using the Medical Expenditure Panel Survey.","/pubmed/25691236","Soley-Bori M, Soria-Saucedo R, Ryan CM, Schneider JC, Haynes AB, Gerrard P, Cabral HJ, Lillemoe KD, Kazis LE.","J Gen Intern Med. 2015 Jul;30(7):965-72. doi: 10.1007/s11606-014-3170-9.","J Gen Intern Med.  2015","PubMed","citation","PMID:25691236 | PMCID:PMC4471038","pubmed","25691236","create date:2015/02/19 | first author:Soley-Bori M",
"Medical-Legal Strategies to Improve Infant Health Care: A Randomized Trial.","/pubmed/26034248","Sege R, Preer G, Morton SJ, Cabral H, Morakinyo O, Lee V, Abreu C, De Vos E, Kaplan-Sanoff M.","Pediatrics. 2015 Jul;136(1):97-106. doi: 10.1542/peds.2014-2955.","Pediatrics.  2015","PubMed","citation","PMID:26034248","pubmed","26034248","create date:2015/06/03 | first author:Sege R",
"Maximal Oxygen Uptake--Risk Predictor of NSCLC Resection in Patients With Comorbid Emphysema: Lessons From NETT.","/pubmed/26686452","Makey I, Berger RL, Cabral HJ, Celli B, Folch E, Whyte RI.","Semin Thorac Cardiovasc Surg. 2015 Summer;27(2):225-31. doi: 10.1053/j.semtcvs.2015.07.009.","Semin Thorac Cardiovasc Surg.  2015","PubMed","citation","PMID:26686452","pubmed","26686452","create date:2015/12/22 | first author:Makey I",
"Prenatal substance exposure: What predicts behavioral resilience by early adolescence?","/pubmed/26076097","Liebschutz JM, Crooks D, Rose-Jacobs R, Cabral HJ, Heeren TC, Gerteis J, Appugliese DP, Heymann OD, Lange AV, Frank DA.","Psychol Addict Behav. 2015 Jun;29(2):329-37. doi: 10.1037/adb0000082.","Psychol Addict Behav.  2015","PubMed","citation","PMID:26076097 | PMCID:PMC4593628","pubmed","26076097","create date:2015/06/16 | first author:Liebschutz JM",
"Cost-utility of cognitive behavioral therapy for low back pain from the commercial payer perspective.","/pubmed/25950282","Norton G, McDonough CM, Cabral H, Shwartz M, Burgess JF.","Spine (Phila Pa 1976). 2015 May 15;40(10):725-33. doi: 10.1097/BRS.0000000000000830.","Spine (Phila Pa 1976).  2015","PubMed","citation","PMID:25950282 | PMCID:PMC4991357","pubmed","25950282","create date:2015/05/08 | first author:Norton G",
"Stressful events during pregnancy and postpartum depressive symptoms.","/pubmed/25751609","Stone SL, Diop H, Declercq E, Cabral HJ, Fox MP, Wise LA.","J Womens Health (Larchmt). 2015 May;24(5):384-93. doi: 10.1089/jwh.2014.4857.","J Womens Health (Larchmt).  2015","PubMed","citation","PMID:25751609 | PMCID:PMC4519058","pubmed","25751609","create date:2015/03/10 | first author:Stone SL",
"Perinatal outcomes associated with assisted reproductive technology: the Massachusetts Outcomes Study of Assisted Reproductive Technologies (MOSART).","/pubmed/25660721","Declercq E, Luke B, Belanoff C, Cabral H, Diop H, Gopal D, Hoang L, Kotelchuck M, Stern JE, Hornstein MD.","Fertil Steril. 2015 Apr;103(4):888-95. doi: 10.1016/j.fertnstert.2014.12.119.","Fertil Steril.  2015","PubMed","citation","PMID:25660721 | PMCID:PMC4385441","pubmed","25660721","create date:2015/02/11 | first author:Declercq E",
"Predicting 5- and 10-year survival in older women with early-stage breast cancer: self-rated health and walking ability.","/pubmed/25900489","Eng JA, Clough-Gorr K, Cabral HJ, Silliman RA.","J Am Geriatr Soc. 2015 Apr;63(4):757-62. doi: 10.1111/jgs.13340.","J Am Geriatr Soc.  2015","PubMed","citation","PMID:25900489 | PMCID:PMC4407370","pubmed","25900489","create date:2015/04/23 | first author:Eng JA",
"Collaborative care for children with ADHD symptoms: a randomized comparative effectiveness trial.","/pubmed/25802346","Silverstein M, Hironaka LK, Walter HJ, Feinberg E, Sandler J, Pellicer M, Chen N, Cabral H.","Pediatrics. 2015 Apr;135(4):e858-67. doi: 10.1542/peds.2014-3221.","Pediatrics.  2015","PubMed","citation","PMID:25802346","pubmed","25802346","create date:2015/03/25 | first author:Silverstein M",
"Relationships between Medicare Advantage contract characteristics and quality-of-care ratings: an observational analysis of Medicare Advantage star ratings.","/pubmed/25732277","Xu P, Burgess JF Jr, Cabral H, Soria-Saucedo R, Kazis LE.","Ann Intern Med. 2015 Mar 3;162(5):353-8. doi: 10.7326/M14-0332.","Ann Intern Med.  2015","PubMed","citation","PMID:25732277","pubmed","25732277","create date:2015/03/04 | first author:Xu P",
"West African female sex workers in Mali: reduction in HIV prevalence and differences in risk profiles of sex workers of differing nationalities of origin.","/pubmed/25723988","Trout CH, Dembélé O, Diakité D, Bougoudogo F, Doumbia B, Mathieu J, Haidara A, Sangaré A, Traoré S, Burtner J, Cabral H, Messersmith LJ.","J Acquir Immune Defic Syndr. 2015 Mar 1;68 Suppl 2:S221-31. doi: 10.1097/QAI.0000000000000444.","J Acquir Immune Defic Syndr.  2015","PubMed","citation","PMID:25723988","pubmed","25723988","create date:2015/02/28 | first author:Trout CH",
"Treatment outcomes for substance use disorder among women of reproductive age in Massachusetts: a population-based approach.","/pubmed/25496707","Bernstein J, Derrington TM, Belanoff C, Cabral HJ, Babakhanlou-Chase H, Diop H, Evans SR, Jacobs H, Kotelchuck M.","Drug Alcohol Depend. 2015 Feb 1;147:151-9. doi: 10.1016/j.drugalcdep.2014.11.025.","Drug Alcohol Depend.  2015","PubMed","citation","PMID:25496707 | PMCID:PMC4297726","pubmed","25496707","create date:2014/12/17 | first author:Bernstein J",
"Provision of family planning to women with cardiovascular risk factors.","/pubmed/25567829","Reddy SM, Ramachandran A, Cabral H, Kazis L.","J Am Board Fam Med. 2015 Jan-Feb;28(1):105-14. doi: 10.3122/jabfm.2015.01.140016.","J Am Board Fam Med.  2015","PubMed","citation","PMID:25567829","pubmed","25567829","create date:2015/01/09 | first author:Reddy SM",
"Shared Decision Making and the Use of Screening Mammography in Women Younger Than 50 Years of Age.","/pubmed/26091367","Gunn CM, Soley-Bori M, Battaglia TA, Cabral H, Kazis L.","J Health Commun. 2015;20(9):1060-6. doi: 10.1080/10810730.2015.1018628.","J Health Commun.  2015","PubMed","citation","PMID:26091367","pubmed","26091367","create date:2015/06/20 | first author:Gunn CM",
"The association of injury with substance use disorder among women of reproductive age: an opportunity to address a major contributor to recurrent preventable emergency department visits?","/pubmed/25491709","Bernstein J, Bernstein E, Belanoff C, Cabral HJ, Babakhanlou-Chase H, Derrington TM, Diop H, Douriez C, Evans SR, Jacobs H, Kotelchuck M.","Acad Emerg Med. 2014 Dec;21(12):1459-68. doi: 10.1111/acem.12548.","Acad Emerg Med.  2014","PubMed","citation","PMID:25491709 | PMCID:PMC4330107","pubmed","25491709","create date:2014/12/11 | first author:Bernstein J",
"The effect of father's age in fertile, subfertile, and assisted reproductive technology pregnancies: a population based cohort study.","/pubmed/25193289","Stern JE, Luke B, Hornstein MD, Cabral H, Gopal D, Diop H, Kotelchuck M.","J Assist Reprod Genet. 2014 Nov;31(11):1437-44. doi: 10.1007/s10815-014-0327-8.","J Assist Reprod Genet.  2014","PubMed","citation","PMID:25193289 | PMCID:PMC4389942","pubmed","25193289","create date:2014/09/07 | first author:Stern JE",
Title,URL,Description,Details,ShortDetails,Resource,Type,Identifiers,Db,EntrezUID,Properties
"Feedback on oral presentations during pediatric clerkships: a randomized controlled trial.","/pubmed/25349316","Sox CM, Dell M, Phillipi CA, Cabral HJ, Vargas G, Lewin LO.","Pediatrics. 2014 Nov;134(5):965-71. doi: 10.1542/peds.2014-1209.","Pediatrics.  2014","PubMed","citation","PMID:25349316","pubmed","25349316","create date:2014/10/29 | first author:Sox CM",
"Problematic substance use in urban adolescents: role of intrauterine exposures to cocaine and marijuana and post-natal environment.","/pubmed/24999059","Frank DA, Kuranz S, Appugliese D, Cabral H, Chen C, Crooks D, Heeren T, Liebschutz J, Richardson M, Rose-Jacobs R.","Drug Alcohol Depend. 2014 Sep 1;142:181-90. doi: 10.1016/j.drugalcdep.2014.06.014.","Drug Alcohol Depend.  2014","PubMed","citation","PMID:24999059 | PMCID:PMC4180288","pubmed","24999059","create date:2014/07/08 | first author:Frank DA",
"Topical vancomycin in combination with perioperative antibiotics and tight glycemic control helps to eliminate sternal wound infections.","/pubmed/25129595","Lazar HL, Ketchedjian A, Haime M, Karlson K, Cabral H.","J Thorac Cardiovasc Surg. 2014 Sep;148(3):1035-8; 1038-40. doi: 10.1016/j.jtcvs.2014.06.045.","J Thorac Cardiovasc Surg.  2014","PubMed","citation","PMID:25129595","pubmed","25129595","create date:2014/08/19 | first author:Lazar HL",
"The association between quality of HIV care, loss to follow-up and mortality in pediatric and adolescent patients receiving antiretroviral therapy in Nigeria.","/pubmed/25075742","Ojikutu B, Higgins-Biddle M, Greeson D, Phelps BR, Amzel A, Okechukwu E, Kolapo U, Cabral H, Cooper E, Hirschhorn LR.","PLoS One. 2014 Jul 30;9(7):e100039. doi: 10.1371/journal.pone.0100039.","PLoS One.  2014","PubMed","citation","PMID:25075742 | PMCID:PMC4116117","pubmed","25075742","create date:2014/07/31 | first author:Ojikutu B",
"Calculating length of gestation from the Society for Assisted Reproductive Technology Clinic Outcome Reporting System (SART CORS) database versus vital records may alter reported rates of prematurity.","/pubmed/24786746","Stern JE, Kotelchuck M, Luke B, Declercq E, Cabral H, Diop H.","Fertil Steril. 2014 May;101(5):1315-20. doi: 10.1016/j.fertnstert.2014.01.053.","Fertil Steril.  2014","PubMed","citation","PMID:24786746 | PMCID:PMC4068145","pubmed","24786746","create date:2014/05/03 | first author:Stern JE",
"It is unclear if adjusting cortical thickness for changes in gray/white matter intensity ratio improves discrimination between normal aging, MCI, and AD.","/pubmed/24535034","Bauer CM, Cabral HJ, Killiany RJ; Alzheimer’s Disease Neuroimaging Initiative..","Brain Imaging Behav. 2014 Mar;8(1):133-40. doi: 10.1007/s11682-013-9268-6.","Brain Imaging Behav.  2014","PubMed","citation","PMID:24535034 | PMCID:PMC3930075","pubmed","24535034","create date:2014/02/19 | first author:Bauer CM",
"Improving maternal mental health after a child's diagnosis of autism spectrum disorder: results from a randomized clinical trial.","/pubmed/24217336","Feinberg E, Augustyn M, Fitzgerald E, Sandler J, Ferreira-Cesar Suarez Z, Chen N, Cabral H, Beardslee W, Silverstein M.","JAMA Pediatr. 2014 Jan;168(1):40-6. doi: 10.1001/jamapediatrics.2013.3445.","JAMA Pediatr.  2014","PubMed","citation","PMID:24217336","pubmed","24217336","create date:2013/11/13 | first author:Feinberg E",
"Level of intrauterine cocaine exposure and neuropsychological test scores in preadolescence: subtle effects on auditory attention and narrative memory.","/pubmed/24978115","Beeghly M, Rose-Jacobs R, Martin BM, Cabral HJ, Heeren TC, Frank DA.","Neurotoxicol Teratol. 2014 Sep-Oct;45:1-17. doi: 10.1016/j.ntt.2014.06.007.","Neurotoxicol Teratol.  2014","PubMed","citation","PMID:24978115 | PMCID:PMC4197063","pubmed","24978115","create date:2014/07/01 | first author:Beeghly M",
"Racial/ethnic differences in hospital use and cost among a statewide population of children with Down syndrome.","/pubmed/23892874","Derrington TM, Kotelchuck M, Plummer K, Cabral H, Lin AE, Belanoff C, Shin M, Correa A, Grosse SD.","Res Dev Disabil. 2013 Oct;34(10):3276-87. doi: 10.1016/j.ridd.2013.06.022.","Res Dev Disabil.  2013","PubMed","citation","PMID:23892874 | PMCID:PMC4453874","pubmed","23892874","create date:2013/07/31 | first author:Derrington TM",
"Prevalence and predictors of underinsurance among low-income adults.","/pubmed/23371419","Magge H, Cabral HJ, Kazis LE, Sommers BD.","J Gen Intern Med. 2013 Sep;28(9):1136-42. doi: 10.1007/s11606-013-2354-z.","J Gen Intern Med.  2013","PubMed","citation","PMID:23371419 | PMCID:PMC3744314","pubmed","23371419","create date:2013/02/02 | first author:Magge H",
"Opioid use for noncancer pain and risk of fracture in adults: a nested case-control study using the general practice research database.","/pubmed/23639937","Li L, Setoguchi S, Cabral H, Jick S.","Am J Epidemiol. 2013 Aug 15;178(4):559-69. doi: 10.1093/aje/kwt013.","Am J Epidemiol.  2013","PubMed","citation","PMID:23639937","pubmed","23639937","create date:2013/05/04 | first author:Li L",
"Cost sharing and decreased branded oral anti-diabetic medication adherence among elderly Part D Medicare beneficiaries.","/pubmed/23404199","Sacks NC, Burgess JF Jr, Cabral HJ, Pizer SD, McDonnell ME.","J Gen Intern Med. 2013 Jul;28(7):876-85. doi: 10.1007/s11606-013-2342-3.","J Gen Intern Med.  2013","PubMed","citation","PMID:23404199 | PMCID:PMC3682054","pubmed","23404199","create date:2013/02/14 | first author:Sacks NC",
"Antidepressant use during early pregnancy and the risk of congenital anomalies.","/pubmed/23744675","Vasilakis-Scaramozza C, Aschengrau A, Cabral H, Jick SS.","Pharmacotherapy. 2013 Jul;33(7):693-700. doi: 10.1002/phar.1211.","Pharmacotherapy.  2013","PubMed","citation","PMID:23744675","pubmed","23744675","create date:2013/06/08 | first author:Vasilakis-Scaramozza C",
"A pilot study identifying statin nonadherence with visit-to-visit variability of low-density lipoprotein cholesterol.","/pubmed/23433758","Mann DM, Glazer NL, Winter M, Paasche-Orlow MK, Muntner P, Shimbo D, Adams WG, Kressin NR, Zhang Y, Choi H, Cabral H.","Am J Cardiol. 2013 May 15;111(10):1437-42. doi: 10.1016/j.amjcard.2013.01.297.","Am J Cardiol.  2013","PubMed","citation","PMID:23433758 | PMCID:PMC3644321","pubmed","23433758","create date:2013/02/26 | first author:Mann DM",
"Are components of the medical home differentially associated with child health care utilization, health, and health promoting behavior outcomes?","/pubmed/23460651","Long WE, Cabral HJ, Garg A.","Clin Pediatr (Phila). 2013 May;52(5):423-32. doi: 10.1177/0009922813479161.","Clin Pediatr (Phila).  2013","PubMed","citation","PMID:23460651","pubmed","23460651","create date:2013/03/06 | first author:Long WE",
"Effects of race and language on patient-centered cancer nursing care and patient outcomes.","/pubmed/23728032","Radwin LE, Cabral HJ, Woodworth TS.","J Health Care Poor Underserved. 2013 May;24(2):619-32. doi: 10.1353/hpu.2013.0058.","J Health Care Poor Underserved.  2013","PubMed","citation","PMID:23728032","pubmed","23728032","create date:2013/06/04 | first author:Radwin LE",
"Antihypertensive drugs and the risk of congenital anomalies.","/pubmed/23553869","Vasilakis-Scaramozza C, Aschengrau A, Cabral HJ, Jick SS.","Pharmacotherapy. 2013 May;33(5):476-82. doi: 10.1002/phar.1212.","Pharmacotherapy.  2013","PubMed","citation","PMID:23553869","pubmed","23553869","create date:2013/04/05 | first author:Vasilakis-Scaramozza C",
"Evaluating racial/ethnic variations in outpatient epilepsy care.","/pubmed/23399943","Avetisyan R, Cabral H, Montouris G, Jarrett K, Shapiro GD, Berlowitz DR, Kase CS, Kazis LE.","Epilepsy Behav. 2013 Apr;27(1):95-101. doi: 10.1016/j.yebeh.2012.12.020.","Epilepsy Behav.  2013","PubMed","citation","PMID:23399943","pubmed","23399943","create date:2013/02/13 | first author:Avetisyan R",
"Venous thromboembolism after joint replacement in older male veterans with comorbidity.","/pubmed/23581913","Kapoor A, Chew P, Silliman RA, Hylek EM, Katz JN, Cabral H, Berlowitz D.","J Am Geriatr Soc. 2013 Apr;61(4):590-601. doi: 10.1111/jgs.12161.","J Am Geriatr Soc.  2013","PubMed","citation","PMID:23581913 | PMCID:PMC3734860","pubmed","23581913","create date:2013/04/16 | first author:Kapoor A",
"Differences in risk factors for suicide attempts among 9th and 11th grade youth: a longitudinal perspective.","/pubmed/23008186","Fried LE, Williams S, Cabral H, Hacker K.","J Sch Nurs. 2013 Apr;29(2):113-22. doi: 10.1177/1059840512461010.","J Sch Nurs.  2013","PubMed","citation","PMID:23008186","pubmed","23008186","create date:2012/09/26 | first author:Fried LE",
"Asthma drugs and the risk of congenital anomalies.","/pubmed/23450814","Vasilakis-Scaramozza C, Aschengrau A, Cabral HJ, Jick SS.","Pharmacotherapy. 2013 Apr;33(4):363-8. doi: 10.1002/phar.1213.","Pharmacotherapy.  2013","PubMed","citation","PMID:23450814","pubmed","23450814","create date:2013/03/02 | first author:Vasilakis-Scaramozza C",
"Dynamics of breast milk HIV-1 RNA with unilateral mastitis or abscess.","/pubmed/23202812","Semrau K, Kuhn L, Brooks DR, Cabral H, Sinkala M, Kankasa C, Thea DM, Aldrovandi GM.","J Acquir Immune Defic Syndr. 2013 Mar 1;62(3):348-55. doi: 10.1097/QAI.0b013e31827e64d4.","J Acquir Immune Defic Syndr.  2013","PubMed","citation","PMID:23202812 | PMCID:PMC3647002","pubmed","23202812","create date:2012/12/04 | first author:Semrau K",
"Relevance of the Surgical Care Improvement Project on glycemic control in patients undergoing cardiac surgery who receive continuous insulin infusions.","/pubmed/23062416","McDonnell ME, Alexanian SM, Junqueira A, Cabral H, Lazar HL.","J Thorac Cardiovasc Surg. 2013 Feb;145(2):590-4; discussion 595-7. doi: 10.1016/j.jtcvs.2012.09.031.","J Thorac Cardiovasc Surg.  2013","PubMed","citation","PMID:23062416","pubmed","23062416","create date:2012/10/16 | first author:McDonnell ME",
"The Boston Residue and Clearance Scale: preliminary reliability and validity testing.","/pubmed/25033761","Kaneoka AS, Langmore SE, Krisciunas GP, Field K, Scheel R, McNally E, Walsh MJ, O'Dea MB, Cabral H.","Folia Phoniatr Logop. 2013;65(6):312-7. doi: 10.1159/000365006.","Folia Phoniatr Logop.  2013","PubMed","citation","PMID:25033761","pubmed","25033761","create date:2014/07/19 | first author:Kaneoka AS",
"Association between self-reported depression and screening colonoscopy participation.","/pubmed/24402077","Calderwood AH, Bacic J, Kazis LE, Cabral H.","J Ambul Care Manage. 2013 Oct-Dec;36(4):345-55. doi: 10.1097/JAC.0b013e3182a3e73f.","J Ambul Care Manage.  2013","PubMed","citation","PMID:24402077 | PMCID:PMC3967741","pubmed","24402077","create date:2014/01/10 | first author:Calderwood AH",
"Tuboovarian abscess. Factors associated with operative intervention after failed antibiotic therapy.","/pubmed/23539877","Greenstein Y, Shah AJ, Vragovic O, Cabral H, Soto-Wright V, Borgatta L, Kuohung W.","J Reprod Med. 2013 Mar-Apr;58(3-4):101-6.","J Reprod Med.  2013","PubMed","citation","PMID:23539877","pubmed","23539877","create date:2013/04/02 | first author:Greenstein Y",
"Reliability of height and weight measurements collected by physical education teachers for a school-based body mass index surveillance and screening system.","/pubmed/23253287","Berkson SS, Espinola J, Corso KA, Cabral H, McGowan R, Chomitz VR.","J Sch Health. 2013 Jan;83(1):21-7. doi: 10.1111/j.1746-1561.2012.00743.x.","J Sch Health.  2013","PubMed","citation","PMID:23253287","pubmed","23253287","create date:2012/12/21 | first author:Berkson SS",
"Opioids and risk of type 2 diabetes in adults with non-cancer pain.","/pubmed/23340536","Li L, Setoguchi S, Cabral H, Jick S.","Pain Physician. 2013 Jan;16(1):77-88.","Pain Physician.  2013","PubMed","citation","PMID:23340536","pubmed","23340536","create date:2013/01/24 | first author:Li L",
"Differential expression of exosomal microRNAs in prefrontal cortices of schizophrenia and bipolar disorder patients.","/pubmed/23382797","Banigan MG, Kao PF, Kozubek JA, Winslow AR, Medina J, Costa J, Schmitt A, Schneider A, Cabral H, Cagsal-Getkin O, Vanderburg CR, Delalle I.","PLoS One. 2013;8(1):e48814. doi: 10.1371/journal.pone.0048814.","PLoS One.  2013","PubMed","citation","PMID:23382797 | PMCID:PMC3559697","pubmed","23382797","create date:2013/02/06 | first author:Banigan MG",
"Dental case manager encounters: the association with retention in dental care and treatment plan completion.","/pubmed/23451927","Lemay CA, Tobias C, Umez-Eronini AA, Brown C, McCluskey A, Fox JE, Bednarsh H, Cabral HJ.","Spec Care Dentist. 2013 Mar-Apr;33(2):70-7. doi: 10.1111/j.1754-4505.2012.00293.x.","Spec Care Dentist.  2013","PubMed","citation","PMID:23451927","pubmed","23451927","create date:2013/03/05 | first author:Lemay CA",
"Evaluation results from an active living intervention in Somerville, Massachusetts.","/pubmed/23079268","Chomitz VR, McDonald JC, Aske DB, Arsenault LN, Rioles NA, Brukilacchio LB, Hacker KA, Cabral HJ.","Am J Prev Med. 2012 Nov;43(5 Suppl 4):S367-78. doi: 10.1016/j.amepre.2012.06.028.","Am J Prev Med.  2012","PubMed","citation","PMID:23079268","pubmed","23079268","create date:2012/10/25 | first author:Chomitz VR",
"The Framingham Brain Donation Program: neuropathology along the cognitive continuum.","/pubmed/22471865","Au R, Seshadri S, Knox K, Beiser A, Himali JJ, Cabral HJ, Auerbach S, Green RC, Wolf PA, McKee AC.","Curr Alzheimer Res. 2012 Jul;9(6):673-86.","Curr Alzheimer Res.  2012","PubMed","citation","PMID:22471865 | PMCID:PMC3622706","pubmed","22471865","create date:2012/04/05 | first author:Au R",
"Methamphetamine use and dental problems among adults enrolled in a program to increase access to oral health services for people living with HIV/AIDS.","/pubmed/22547874","Walter AW, Bachman SS, Reznik DA, Cabral H, Umez-Eronini A, Nath A, Flournoy MW, Young NS.","Public Health Rep. 2012 May;127 Suppl 2:25-35.","Public Health Rep.  2012","PubMed","citation","PMID:22547874 | PMCID:PMC3314390","pubmed","22547874","create date:2012/05/04 | first author:Walter AW",
"Pharmacy communication to adolescents and their physicians regarding access to emergency contraception.","/pubmed/22451704","Wilkinson TA, Fahey N, Shields C, Suther E, Cabral HJ, Silverstein M.","Pediatrics. 2012 Apr;129(4):624-9. doi: 10.1542/peds.2011-3760.","Pediatrics.  2012","PubMed","citation","PMID:22451704","pubmed","22451704","create date:2012/03/28 | first author:Wilkinson TA",
"Emergency department use by primary care patients at a safety-net hospital.","/pubmed/22332165","Lasser KE, Kronman AC, Cabral H, Samet JH.","Arch Intern Med. 2012 Feb 13;172(3):278-80. doi: 10.1001/archinternmed.2011.709. No abstract available. ","Arch Intern Med.  2012","PubMed","citation","PMID:22332165","pubmed","22332165","create date:2012/02/15 | first author:Lasser KE",
"Access to emergency contraception for adolescents.","/pubmed/22182591","Wilkinson TA, Fahey N, Suther E, Cabral HJ, Silverstein M.","JAMA. 2012 Jan 25;307(4):362-3. doi: 10.1001/jama.2011.1949. No abstract available. ","JAMA.  2012","PubMed","citation","PMID:22182591","pubmed","22182591","create date:2011/12/21 | first author:Wilkinson TA",
"Effect of high parity on occurrence of some fetal growth indices: a cohort study.","/pubmed/22870043","Al-Farsi YM, Brooks DR, Werler MM, Cabral HJ, Al-Shafaee MA, Wallenburg HC.","Int J Womens Health. 2012;4:289-93. doi: 10.2147/IJWH.S32190.","Int J Womens Health.  2012","PubMed","citation","PMID:22870043 | PMCID:PMC3410699","pubmed","22870043","create date:2012/08/08 | first author:Al-Farsi YM",
"The value of the medical home for children without special health care needs.","/pubmed/22184647","Long WE, Bauchner H, Sege RD, Cabral HJ, Garg A.","Pediatrics. 2012 Jan;129(1):87-98. doi: 10.1542/peds.2011-1739.","Pediatrics.  2012","PubMed","citation","PMID:22184647 | PMCID:PMC3357044","pubmed","22184647","create date:2011/12/21 | first author:Long WE",
"Exclusive breastfeeding, maternal HIV disease, and the risk of clinical breast pathology in HIV-infected, breastfeeding women.","/pubmed/21784403","Semrau K, Kuhn L, Brooks DR, Cabral H, Sinkala M, Kankasa C, Thea DM, Aldrovandi GM.","Am J Obstet Gynecol. 2011 Oct;205(4):344.e1-8. doi: 10.1016/j.ajog.2011.06.021.","Am J Obstet Gynecol.  2011","PubMed","citation","PMID:21784403 | PMCID:PMC3217158","pubmed","21784403","create date:2011/07/26 | first author:Semrau K",
"Effects of aggressive versus moderate glycemic control on clinical outcomes in diabetic coronary artery bypass graft patients.","/pubmed/21865944","Lazar HL, McDonnell MM, Chipkin S, Fitzgerald C, Bliss C, Cabral H.","Ann Surg. 2011 Sep;254(3):458-63; discussion 463-4. doi: 10.1097/SLA.0b013e31822c5d78.","Ann Surg.  2011","PubMed","citation","PMID:21865944","pubmed","21865944","create date:2011/08/26 | first author:Lazar HL",
"The effect of topical vancomycin applied to sternotomy incisions on postoperative serum vancomycin levels.","/pubmed/21951032","Lazar HL, Barlam T, Cabral H.","J Card Surg. 2011 Sep;26(5):461-5. doi: 10.1111/j.1540-8191.2011.01300.x.","J Card Surg.  2011","PubMed","citation","PMID:21951032","pubmed","21951032","create date:2011/09/29 | first author:Lazar HL",
"Problem-solving education to prevent depression among low-income mothers of preterm infants: a randomized controlled pilot trial.","/pubmed/21667323","Silverstein M, Feinberg E, Cabral H, Sauder S, Egbert L, Schainker E, Kamholz K, Hegel M, Beardslee W.","Arch Womens Ment Health. 2011 Aug;14(4):317-24. doi: 10.1007/s00737-011-0222-6.","Arch Womens Ment Health.  2011","PubMed","citation","PMID:21667323","pubmed","21667323","create date:2011/06/15 | first author:Silverstein M",
"Adhesive strips versus subcuticular suture for mediansternotomy wound closure.","/pubmed/21554389","Lazar HL, McCann J, Fitzgerald CA, Cabral HJ.","J Card Surg. 2011 Jul;26(4):344-7. doi: 10.1111/j.1540-8191.2011.01257.x.","J Card Surg.  2011","PubMed","citation","PMID:21554389","pubmed","21554389","create date:2011/05/11 | first author:Lazar HL",
"Is a rising cesarean delivery rate inevitable? Trends in industrialized countries, 1987 to 2007.","/pubmed/21599731","Declercq E, Young R, Cabral H, Ecker J.","Birth. 2011 Jun;38(2):99-104. doi: 10.1111/j.1523-536X.2010.00459.x.","Birth.  2011","PubMed","citation","PMID:21599731","pubmed","21599731","create date:2011/05/24 | first author:Declercq E",
"Potential impact of trauma on the ability to prevent depression among low-income mothers.","/pubmed/21506207","Silverstein M, Feinberg E, Cabral H, Linhart YD, Sandler J, Hegel M, Appugliese DP, Beardslee W.","Depress Anxiety. 2011 Jun;28(6):478-84. doi: 10.1002/da.20817.","Depress Anxiety.  2011","PubMed","citation","PMID:21506207 | PMCID:PMC3110557","pubmed","21506207","create date:2011/04/21 | first author:Silverstein M",
"Are there effects of intrauterine cocaine exposure on delinquency during early adolescence? A preliminary report.","/pubmed/21558951","Gerteis J, Chartrand M, Martin B, Cabral HJ, Rose-Jacobs R, Crooks D, Frank DA.","J Dev Behav Pediatr. 2011 Jun;32(5):393-401. doi: 10.1097/DBP.0b013e318218d9f2.","J Dev Behav Pediatr.  2011","PubMed","citation","PMID:21558951 | PMCID:PMC3129616","pubmed","21558951","create date:2011/05/12 | first author:Gerteis J",
"Is unhealthy substance use associated with failure to receive cancer screening and flu vaccination? A retrospective cross-sectional study.","/pubmed/22021737","Lasser KE, Kim TW, Alford DP, Cabral H, Saitz R, Samet JH.","BMJ Open. 2011 Apr 7;1(1):e000046. doi: 10.1136/bmjopen-2010-000046.","BMJ Open.  2011","PubMed","citation","PMID:22021737 | PMCID:PMC3191402","pubmed","22021737","create date:2011/10/25 | first author:Lasser KE",
"Patient-provider language concordance and colorectal cancer screening.","/pubmed/20857340","Linsky A, McIntosh N, Cabral H, Kazis LE.","J Gen Intern Med. 2011 Feb;26(2):142-7. doi: 10.1007/s11606-010-1512-9.","J Gen Intern Med.  2011","PubMed","citation","PMID:20857340 | PMCID:PMC3019323","pubmed","20857340","create date:2010/09/22 | first author:Linsky A",
"Effect of high parity on occurrence of anemia in pregnancy: a cohort study.","/pubmed/21251269","Al-Farsi YM, Brooks DR, Werler MM, Cabral HJ, Al-Shafei MA, Wallenburg HC.","BMC Pregnancy Childbirth. 2011 Jan 20;11:7. doi: 10.1186/1471-2393-11-7.","BMC Pregnancy Childbirth.  2011","PubMed","citation","PMID:21251269 | PMCID:PMC3033858","pubmed","21251269","create date:2011/01/22 | first author:Al-Farsi YM",
"Comparison of diabetes control among Haitians, African Americans, and non-Hispanic whites in an urban safety-net hospital.","/pubmed/20978100","Vimalananda VG, Rosenzweig JL, Cabral HJ, David MM, Lasser KE.","Diabetes Care. 2011 Jan;34(1):58-60. doi: 10.2337/dc10-1387.","Diabetes Care.  2011","PubMed","citation","PMID:20978100 | PMCID:PMC3005479","pubmed","20978100","create date:2010/10/28 | first author:Vimalananda VG",
Title,URL,Description,Details,ShortDetails,Resource,Type,Identifiers,Db,EntrezUID,Properties
"Effects of a patient/family-centered practice change on the quality and cost of intensive care: research protocol.","/pubmed/21077929","Radwin LE, Ananian L, Cabral HJ, Keeley A, Currier PF.","J Adv Nurs. 2011 Jan;67(1):215-24. doi: 10.1111/j.1365-2648.2010.05448.x.","J Adv Nurs.  2011","PubMed","citation","PMID:21077929","pubmed","21077929","create date:2010/11/17 | first author:Radwin LE",
"The role of recreational spaces in meeting physical activity recommendations among middle school students.","/pubmed/21350266","Chomitz VR, Aske DB, McDonald J, Cabral H, Hacker KA.","J Phys Act Health. 2011 Jan;8 Suppl 1:S8-S16.","J Phys Act Health.  2011","PubMed","citation","PMID:21350266","pubmed","21350266","create date:2011/03/16 | first author:Chomitz VR",
"Early adolescent executive functioning, intrauterine exposures and own drug use.","/pubmed/21371553","Rose-Jacobs R, Soenksen S, Appugliese DP, Cabral HJ, Richardson MA, Beeghly M, Heeren TC, Frank DA.","Neurotoxicol Teratol. 2011 May-Jun;33(3):379-92. doi: 10.1016/j.ntt.2011.02.013.","Neurotoxicol Teratol.  2011","PubMed","citation","PMID:21371553 | PMCID:PMC3145371","pubmed","21371553","create date:2011/03/05 | first author:Rose-Jacobs R",
"Adolescent initiation of licit and illicit substance use: Impact of intrauterine exposures and post-natal exposure to violence.","/pubmed/20600847","Frank DA, Rose-Jacobs R, Crooks D, Cabral HJ, Gerteis J, Hacker KA, Martin B, Weinstein ZB, Heeren T.","Neurotoxicol Teratol. 2011 Jan-Feb;33(1):100-9. doi: 10.1016/j.ntt.2010.06.002.","Neurotoxicol Teratol.  2011","PubMed","citation","PMID:20600847 | PMCID:PMC3000885","pubmed","20600847","create date:2010/07/06 | first author:Frank DA",
"Rates of hospital visits for assault during pregnancy and the year postpartum: timing matters.","/pubmed/21886326","Nannini A, Lazar J, Berg C, Barger M, Tomashek K, Cabral H, Barfield W, Kotelchuck M.","Public Health Rep. 2011 Sep-Oct;126(5):664-8.","Public Health Rep.  2011","PubMed","citation","PMID:21886326 | PMCID:PMC3151183","pubmed","21886326","create date:2011/09/03 | first author:Nannini A",
"Clinical factors associated with prescription drug use disorder in urban primary care patients with chronic pain.","/pubmed/20338815","Liebschutz JM, Saitz R, Weiss RD, Averbuch T, Schwartz S, Meltzer EC, Claggett-Borne E, Cabral H, Samet JH.","J Pain. 2010 Nov;11(11):1047-55. doi: 10.1016/j.jpain.2009.10.012.","J Pain.  2010","PubMed","citation","PMID:20338815 | PMCID:PMC2892730","pubmed","20338815","create date:2010/03/27 | first author:Liebschutz JM",
"Discrimination and mental health among Somali refugee adolescents: the role of acculturation and gender.","/pubmed/20950297","Ellis BH, MacDonald HZ, Klunk-Gillis J, Lincoln A, Strunin L, Cabral HJ.","Am J Orthopsychiatry. 2010 Oct;80(4):564-75. doi: 10.1111/j.1939-0025.2010.01061.x.","Am J Orthopsychiatry.  2010","PubMed","citation","PMID:20950297","pubmed","20950297","create date:2010/10/19 | first author:Ellis BH",
"Selective disruption of the cerebral neocortex in Alzheimer's disease.","/pubmed/20886094","Desikan RS, Sabuncu MR, Schmansky NJ, Reuter M, Cabral HJ, Hess CP, Weiner MW, Biffi A, Anderson CD, Rosand J, Salat DH, Kemper TL, Dale AM, Sperling RA, Fischl B; Alzheimer's Disease Neuroimaging Initiative..","PLoS One. 2010 Sep 23;5(9):e12853. doi: 10.1371/journal.pone.0012853.","PLoS One.  2010","PubMed","citation","PMID:20886094 | PMCID:PMC2944799","pubmed","20886094","create date:2010/10/05 | first author:Desikan RS",
"Effect of high parity on the occurrence of prediabetes: a cohort study.","/pubmed/20804345","Al-Farsi YM, Brooks DR, Werler MM, Cabral HJ, Al-Shafei MA, Wallenburg HC.","Acta Obstet Gynecol Scand. 2010 Sep;89(9):1182-6. doi: 10.3109/00016349.2010.501854.","Acta Obstet Gynecol Scand.  2010","PubMed","citation","PMID:20804345","pubmed","20804345","create date:2010/09/02 | first author:Al-Farsi YM",
"Age changes in myelinated nerve fibers of the cingulate bundle and corpus callosum in the rhesus monkey.","/pubmed/20533359","Bowley MP, Cabral H, Rosene DL, Peters A.","J Comp Neurol. 2010 Aug 1;518(15):3046-64. doi: 10.1002/cne.22379.","J Comp Neurol.  2010","PubMed","citation","PMID:20533359 | PMCID:PMC2889619","pubmed","20533359","create date:2010/06/10 | first author:Bowley MP",
"Automated MRI measures predict progression to Alzheimer's disease.","/pubmed/20570399","Desikan RS, Cabral HJ, Settecase F, Hess CP, Dillon WP, Glastonbury CM, Weiner MW, Schmansky NJ, Salat DH, Fischl B; Alzheimer's Disease Neuroimaging Initiative..","Neurobiol Aging. 2010 Aug;31(8):1364-74. doi: 10.1016/j.neurobiolaging.2010.04.023.","Neurobiol Aging.  2010","PubMed","citation","PMID:20570399 | PMCID:PMC2902697","pubmed","20570399","create date:2010/06/24 | first author:Desikan RS",
"Trust in Nurses Scale: construct validity and internal reliability evaluation.","/pubmed/20423403","Radwin LE, Cabral HJ.","J Adv Nurs. 2010 Mar;66(3):683-9. doi: 10.1111/j.1365-2648.2009.05168.x.","J Adv Nurs.  2010","PubMed","citation","PMID:20423403","pubmed","20423403","create date:2010/04/29 | first author:Radwin LE",
"Performance of mixed effects models in the analysis of mediated longitudinal data.","/pubmed/20170503","Blood EA, Cabral H, Heeren T, Cheng DM.","BMC Med Res Methodol. 2010 Feb 19;10:16. doi: 10.1186/1471-2288-10-16.","BMC Med Res Methodol.  2010","PubMed","citation","PMID:20170503 | PMCID:PMC2842282","pubmed","20170503","create date:2010/02/23 | first author:Blood EA",
"Healthy Living Cambridge Kids: a community-based participatory effort to promote healthy weight and fitness.","/pubmed/20107461","Chomitz VR, McGowan RJ, Wendel JM, Williams SA, Cabral HJ, King SE, Olcott DB, Cappello M, Breen S, Hacker KA.","Obesity (Silver Spring). 2010 Feb;18 Suppl 1:S45-53. doi: 10.1038/oby.2009.431.","Obesity (Silver Spring).  2010","PubMed","citation","PMID:20107461","pubmed","20107461","create date:2010/01/29 | first author:Chomitz VR",
"Family history of later-onset breast cancer, breast healthy behavior and invasive breast cancer among postmenopausal women: a cohort study.","/pubmed/20939870","Gramling R, Lash TL, Rothman KJ, Cabral HJ, Silliman R, Roberts M, Stefanick ML, Harrigan R, Bertoia ML, Eaton CB.","Breast Cancer Res. 2010;12(5):R82. doi: 10.1186/bcr2727.","Breast Cancer Res.  2010","PubMed","citation","PMID:20939870 | PMCID:PMC3096975","pubmed","20939870","create date:2010/10/14 | first author:Gramling R",
"Expression of inducible nitric oxide synthase in conduits used in patients with diabetes mellitus undergoing coronary revascularization.","/pubmed/19811579","Lazar HL, Joseph L, San Mateo C, Frame J, Cabral HJ, McDonnell M, Chipkin S.","J Card Surg. 2010 Jan-Feb;25(1):120-6. doi: 10.1111/j.1540-8191.2009.00932.x.","J Card Surg.  2010","PubMed","citation","PMID:19811579","pubmed","19811579","create date:2009/10/09 | first author:Lazar HL",
"The accuracy of the central venous blood gas for acid-base monitoring.","/pubmed/20018607","Walkey AJ, Farber HW, O'Donnell C, Cabral H, Eagan JS, Philippides GJ.","J Intensive Care Med. 2010 Mar-Apr;25(2):104-10. doi: 10.1177/0885066609356164.","J Intensive Care Med.  2010","PubMed","citation","PMID:20018607","pubmed","20018607","create date:2009/12/19 | first author:Walkey AJ",
"A protocol for capturing daily variability in nursing care.","/pubmed/20446380","Radwin LE, Cabral HJ, Chen L, Jennings BM.","Nurs Econ. 2010 Mar-Apr;28(2):95-105.","Nurs Econ.  2010","PubMed","citation","PMID:20446380","pubmed","20446380","create date:2010/05/08 | first author:Radwin LE",
"Hospital use and associated costs of children aged zero-to-two years with craniofacial malformations in Massachusetts.","/pubmed/19830851","Weiss J, Kotelchuck M, Grosse SD, Manning SE, Anderka M, Wyszynski DF, Cabral H, Barfield W, Garcia R, Lu E, Higgins C.","Birth Defects Res A Clin Mol Teratol. 2009 Nov;85(11):925-34. doi: 10.1002/bdra.20635.","Birth Defects Res A Clin Mol Teratol.  2009","PubMed","citation","PMID:19830851","pubmed","19830851","create date:2009/10/16 | first author:Weiss J",
"A web-based nutrition program reduces health care costs in employees with cardiac risk factors: before and after cost analysis.","/pubmed/19861297","Sacks N, Cabral H, Kazis LE, Jarrett KM, Vetter D, Richmond R, Moore TJ.","J Med Internet Res. 2009 Oct 23;11(4):e43. doi: 10.2196/jmir.1263.","J Med Internet Res.  2009","PubMed","citation","PMID:19861297 | PMCID:PMC2802558","pubmed","19861297","create date:2009/10/29 | first author:Sacks N",
"Does self-report data on HIV primary care utilization agree with medical record data for socially marginalized populations in the United States?","/pubmed/19803677","Sohler NL, Coleman SM, Cabral H, Naar-King S, Tobias C, Cunningham CO.","AIDS Patient Care STDS. 2009 Oct;23(10):837-43. doi: 10.1089/apc.2009.0056.","AIDS Patient Care STDS.  2009","PubMed","citation","PMID:19803677 | PMCID:PMC2859764","pubmed","19803677","create date:2009/10/07 | first author:Sohler NL",
"The BMC ACCESS project: the development of a medically enhanced safe haven shelter.","/pubmed/18830697","Lincoln A, Johnson P, Espejo D, Plachta-Elliott S, Lester P, Shanahan C, Abbott S, Cabral H, Jamanka A, Delman J, Kenny P.","J Behav Health Serv Res. 2009 Oct;36(4):478-91. doi: 10.1007/s11414-008-9150-2.","J Behav Health Serv Res.  2009","PubMed","citation","PMID:18830697","pubmed","18830697","create date:2008/10/03 | first author:Lincoln A",
"Hormone replacement therapy, family history, and breast cancer risk among postmenopausal women.","/pubmed/19451819","Gramling R, Eaton CB, Rothman KJ, Cabral H, Silliman RA, Lash TL.","Epidemiology. 2009 Sep;20(5):752-6. doi: 10.1097/EDE.0b013e3181a71279.","Epidemiology.  2009","PubMed","citation","PMID:19451819 | PMCID:PMC2903620","pubmed","19451819","create date:2009/05/20 | first author:Gramling R",
"Sexual risk behavior and behavior change among persons newly diagnosed with HIV: the impact of targeted outreach interventions among hard-to-reach populations.","/pubmed/19591603","Coleman SM, Rajabiun S, Cabral HJ, Bradford JB, Tobias CR.","AIDS Patient Care STDS. 2009 Aug;23(8):639-45. doi: 10.1089/apc.2008.0092.","AIDS Patient Care STDS.  2009","PubMed","citation","PMID:19591603","pubmed","19591603","create date:2009/07/14 | first author:Coleman SM",
"Automated MRI measures identify individuals with mild cognitive impairment and Alzheimer's disease.","/pubmed/19460794","Desikan RS, Cabral HJ, Hess CP, Dillon WP, Glastonbury CM, Weiner MW, Schmansky NJ, Greve DN, Salat DH, Buckner RL, Fischl B; Alzheimer's Disease Neuroimaging Initiative..","Brain. 2009 Aug;132(Pt 8):2048-57. doi: 10.1093/brain/awp123.","Brain.  2009","PubMed","citation","PMID:19460794 | PMCID:PMC2714061","pubmed","19460794","create date:2009/05/23 | first author:Desikan RS",
"Relationships between patient-centered cancer nursing interventions and desired health outcomes in the context of the health care system.","/pubmed/18814304","Radwin LE, Cabral HJ, Wilkes G.","Res Nurs Health. 2009 Feb;32(1):4-17. doi: 10.1002/nur.20302.","Res Nurs Health.  2009","PubMed","citation","PMID:18814304","pubmed","18814304","create date:2008/09/25 | first author:Radwin LE",
"Persistence and change in pediatric symptom checklist scores over 10 to 18 months.","/pubmed/19487170","Hacker KA, Williams S, Myagmarjav E, Cabral H, Murphy M.","Acad Pediatr. 2009 Jul-Aug;9(4):270-7. doi: 10.1016/j.acap.2009.03.004.","Acad Pediatr.  2009","PubMed","citation","PMID:19487170","pubmed","19487170","create date:2009/06/03 | first author:Hacker KA",
"Intrauterine cocaine exposure and executive functioning in middle childhood.","/pubmed/19146950","Rose-Jacobs R, Waber D, Beeghly M, Cabral H, Appugleise D, Heeren T, Marani J, Frank DA.","Neurotoxicol Teratol. 2009 May-Jun;31(3):159-68. doi: 10.1016/j.ntt.2008.12.002.","Neurotoxicol Teratol.  2009","PubMed","citation","PMID:19146950 | PMCID:PMC2774774","pubmed","19146950","create date:2009/01/17 | first author:Rose-Jacobs R",
"Weight, blood pressure, and dietary benefits after 12 months of a Web-based Nutrition Education Program (DASH for health): longitudinal observational study.","/pubmed/19073541","Moore TJ, Alsabeeh N, Apovian CM, Murphy MC, Coffman GA, Cullum-Dugan D, Jenkins M, Cabral H.","J Med Internet Res. 2008 Dec 12;10(4):e52. doi: 10.2196/jmir.1114.","J Med Internet Res.  2008","PubMed","citation","PMID:19073541 | PMCID:PMC2629362","pubmed","19073541","create date:2008/12/17 | first author:Moore TJ",
"Single-change items did not measure change in quality of life.","/pubmed/18471664","Rose AJ, Sacks NC, Deshpande AP, Griffin SY, Cabral HJ, Kazis LE.","J Clin Epidemiol. 2008 Jun;61(6):603-8. doi: 10.1016/j.jclinepi.2007.07.010.","J Clin Epidemiol.  2008","PubMed","citation","PMID:18471664","pubmed","18471664","create date:2008/05/13 | first author:Rose AJ",
"Longitudinal association between infant disorganized attachment and childhood posttraumatic stress symptoms.","/pubmed/18423091","MacDonald HZ, Beeghly M, Grant-Knight W, Augustyn M, Woods RW, Cabral H, Rose-Jacobs R, Saxe GN, Frank DA.","Dev Psychopathol. 2008 Spring;20(2):493-508. doi: 10.1017/S0954579408000242. Erratum in: Dev Psychopathol. 2008 Fall;20(4):1351. ","Dev Psychopathol.  2008","PubMed","citation","PMID:18423091 | PMCID:PMC2430632","pubmed","18423091","create date:2008/04/22 | first author:MacDonald HZ",
"Mental health of Somali adolescent refugees: the role of trauma, stress, and perceived discrimination.","/pubmed/18377116","Ellis BH, MacDonald HZ, Lincoln AK, Cabral HJ.","J Consult Clin Psychol. 2008 Apr;76(2):184-93. doi: 10.1037/0022-006X.76.2.184.","J Consult Clin Psychol.  2008","PubMed","citation","PMID:18377116","pubmed","18377116","create date:2008/04/02 | first author:Ellis BH",
"Volumetric MRI study of brain in children with intrauterine exposure to cocaine, alcohol, tobacco, and marijuana.","/pubmed/18381539","Rivkin MJ, Davis PE, Lemaster JL, Cabral HJ, Warfield SK, Mulkern RV, Robson CD, Rose-Jacobs R, Frank DA.","Pediatrics. 2008 Apr;121(4):741-50. doi: 10.1542/peds.2007-1399.","Pediatrics.  2008","PubMed","citation","PMID:18381539 | PMCID:PMC2562785","pubmed","18381539","create date:2008/04/03 | first author:Rivkin MJ",
"Birth order and breastfeeding initiation: results of a national survey.","/pubmed/18333765","Taylor JS, Geller L, Risica PM, Kirtania U, Cabral HJ.","Breastfeed Med. 2008 Mar;3(1):20-7. doi: 10.1089/bfm.2007.0006.","Breastfeed Med.  2008","PubMed","citation","PMID:18333765","pubmed","18333765","create date:2008/03/13 | first author:Taylor JS",
"Multiple comparisons procedures.","/pubmed/18250280","Cabral HJ.","Circulation. 2008 Feb 5;117(5):698-701. doi: 10.1161/CIRCULATIONAHA.107.700971. No abstract available. ","Circulation.  2008","PubMed","citation","PMID:18250280","pubmed","18250280","create date:2008/02/06 | first author:Cabral HJ",
"Anxiogenic effects of cocaine withdrawal in zebrafish.","/pubmed/17889042","López-Patiño MA, Yu L, Cabral H, Zhdanova IV.","Physiol Behav. 2008 Jan 28;93(1-2):160-71.","Physiol Behav.  2008","PubMed","citation","PMID:17889042","pubmed","17889042","create date:2007/09/25 | first author:López-Patiño MA",
"Using the case mix of pressure ulcer healing to evaluate nursing home performance.","/pubmed/18583308","Kapoor A, Kader B, Cabral H, Ash AS, Berlowitz D.","Am J Med Qual. 2008 Sep-Oct;23(5):342-9. doi: 10.1177/1062860608316109.","Am J Med Qual.  2008","PubMed","citation","PMID:18583308","pubmed","18583308","create date:2008/06/28 | first author:Kapoor A",
"Novel adhesive skin closures improve wound healing following saphenous vein harvesting.","/pubmed/18304131","Lazar HL, McCann J, Fitzgerald CA, Thompson J, Bao Y, Cabral HJ.","J Card Surg. 2008 Mar-Apr;23(2):152-5. doi: 10.1111/j.1540-8191.2007.00563.x.","J Card Surg.  2008","PubMed","citation","PMID:18304131","pubmed","18304131","create date:2008/02/29 | first author:Lazar HL",
"Lifetime and during pregnancy experience of violence and the risk of low birth weight and preterm birth.","/pubmed/18984508","Fried LE, Cabral H, Amaro H, Aschengrau A.","J Midwifery Womens Health. 2008 Nov-Dec;53(6):522-8. doi: 10.1016/j.jmwh.2008.07.018.","J Midwifery Womens Health.  2008","PubMed","citation","PMID:18984508","pubmed","18984508","create date:2008/11/06 | first author:Fried LE",
"Injury: a major cause of pregnancy-associated morbidity in Massachusetts.","/pubmed/18164428","Nannini A, Lazar J, Berg C, Tomashek K, Cabral H, Barger M, Barfield W, Kotelchuck M.","J Midwifery Womens Health. 2008 Jan-Feb;53(1):3-10. doi: 10.1016/j.jmwh.2007.07.018.","J Midwifery Womens Health.  2008","PubMed","citation","PMID:18164428","pubmed","18164428","create date:2008/01/01 | first author:Nannini A",
"Physical injuries reported on hospital visits for assault during the pregnancy-associated period.","/pubmed/18496099","Nannini A, Lazar J, Berg C, Barger M, Tomashek K, Cabral H, Barfield W, Kotelchuck M.","Nurs Res. 2008 May-Jun;57(3):144-9. doi: 10.1097/01.NNR.0000319502.97864.0e.","Nurs Res.  2008","PubMed","citation","PMID:18496099","pubmed","18496099","create date:2008/05/23 | first author:Nannini A",
"Patient follow-up in primary care after behavioral health screening in an urban public hospital system: a prospective, observational study of 2686 patients.","/pubmed/19287550","Gerber MR, Cabral HJ, Suglia SF, Joseph RC, Fried LE.","Prim Care Companion J Clin Psychiatry. 2008;10(6):430-4.","Prim Care Companion J Clin Psychiatry.  2008","PubMed","citation","PMID:19287550 | PMCID:PMC2644477","pubmed","19287550","create date:2008/01/01 | first author:Gerber MR",
"Irritable bowel syndrome and hysterectomy: a sequence symmetry analysis.","/pubmed/18049197","Cole JA, Farraye FA, Cabral HJ, Zhang Y, Rothman KJ.","Epidemiology. 2007 Nov;18(6):837-8. No abstract available. ","Epidemiology.  2007","PubMed","citation","PMID:18049197","pubmed","18049197","create date:2007/12/01 | first author:Cole JA",
"Socioemotional effects of fathers' incarceration on low-income, urban, school-aged children.","/pubmed/17766508","Wilbur MB, Marani JE, Appugliese D, Woods R, Siegel JA, Cabral HJ, Frank DA.","Pediatrics. 2007 Sep;120(3):e678-85.","Pediatrics.  2007","PubMed","citation","PMID:17766508 | PMCID:PMC2423929","pubmed","17766508","create date:2007/09/04 | first author:Wilbur MB",
"Multiple consecutive lavage samplings reveal greater burden of disease and provide direct access to the nontypeable Haemophilus influenzae biofilm in experimental otitis media.","/pubmed/17517860","Leroy M, Cabral H, Figueira M, Bouchet V, Huot H, Ram S, Pelton SI, Goldstein R.","Infect Immun. 2007 Aug;75(8):4158-72.","Infect Immun.  2007","PubMed","citation","PMID:17517860 | PMCID:PMC1952021","pubmed","17517860","create date:2007/05/23 | first author:Leroy M",
"Living with HIV but without medical care: barriers to engagement.","/pubmed/17594252","Tobias CR, Cunningham W, Cabral HD, Cunningham CO, Eldred L, Naar-King S, Bradford J, Sohler NL, Wong MD, Drainoni ML.","AIDS Patient Care STDS. 2007 Jun;21(6):426-34.","AIDS Patient Care STDS.  2007","PubMed","citation","PMID:17594252","pubmed","17594252","create date:2007/06/28 | first author:Tobias CR",
"Yoga Asana sessions increase brain GABA levels: a pilot study.","/pubmed/17532734","Streeter CC, Jensen JE, Perlmutter RM, Cabral HJ, Tian H, Terhune DB, Ciraulo DA, Renshaw PF.","J Altern Complement Med. 2007 May;13(4):419-26.","J Altern Complement Med.  2007","PubMed","citation","PMID:17532734","pubmed","17532734","create date:2007/05/30 | first author:Streeter CC",
"Utilization of health care services in hard-to-reach marginalized HIV-infected individuals.","/pubmed/17428185","Cunningham CO, Sohler NL, Wong MD, Relf M, Cunningham WE, Drainoni ML, Bradford J, Pounds MB, Cabral HD.","AIDS Patient Care STDS. 2007 Mar;21(3):177-86.","AIDS Patient Care STDS.  2007","PubMed","citation","PMID:17428185","pubmed","17428185","create date:2007/04/13 | first author:Cunningham CO",
"Maternal outcomes associated with planned primary cesarean births compared with planned vaginal births.","/pubmed/17329519","Declercq E, Barger M, Cabral HJ, Evans SR, Kotelchuck M, Simon C, Weiss J, Heffner LJ.","Obstet Gynecol. 2007 Mar;109(3):669-77.","Obstet Gynecol.  2007","PubMed","citation","PMID:17329519","pubmed","17329519","create date:2007/03/03 | first author:Declercq E",
"Incidence of IBS in a cohort of people with asthma.","/pubmed/17211701","Cole JA, Rothman KJ, Cabral HJ, Zhang Y, Farraye FA.","Dig Dis Sci. 2007 Feb;52(2):329-35.","Dig Dis Sci.  2007","PubMed","citation","PMID:17211701","pubmed","17211701","create date:2007/01/11 | first author:Cole JA",
Title,URL,Description,Details,ShortDetails,Resource,Type,Identifiers,Db,EntrezUID,Properties
"Program design and evaluation strategies for the Special Projects of National Significance Outreach Initiative.","/pubmed/17563295","Rajabiun S, Cabral H, Tobias C, Relf M.","AIDS Patient Care STDS. 2007;21 Suppl 1:S9-19.","AIDS Patient Care STDS.  2007","PubMed","citation","PMID:17563295","pubmed","17563295","create date:2007/08/01 | first author:Rajabiun S",
"Type and pattern of illicit drug use and access to health care services for HIV-infected people.","/pubmed/17563292","Sohler NL, Wong MD, Cunningham WE, Cabral H, Drainoni ML, Cunningham CO.","AIDS Patient Care STDS. 2007;21 Suppl 1:S68-76.","AIDS Patient Care STDS.  2007","PubMed","citation","PMID:17563292","pubmed","17563292","create date:2007/08/01 | first author:Sohler NL",
"Outreach program contacts: do they increase the likelihood of engagement and retention in HIV primary care for hard-to-reach patients?","/pubmed/17563291","Cabral HJ, Tobias C, Rajabiun S, Sohler N, Cunningham C, Wong M, Cunningham W.","AIDS Patient Care STDS. 2007;21 Suppl 1:S59-67.","AIDS Patient Care STDS.  2007","PubMed","citation","PMID:17563291","pubmed","17563291","create date:2007/08/01 | first author:Cabral HJ",
"Retention in care of persons newly diagnosed with HIV: outcomes of the Outreach Initiative.","/pubmed/17563289","Naar-King S, Bradford J, Coleman S, Green-Jones M, Cabral H, Tobias C.","AIDS Patient Care STDS. 2007;21 Suppl 1:S40-8.","AIDS Patient Care STDS.  2007","PubMed","citation","PMID:17563289","pubmed","17563289","create date:2007/08/01 | first author:Naar-King S",
"Factors associated with engaging socially marginalized HIV-positive persons in primary care.","/pubmed/17563288","Rumptz MH, Tobias C, Rajabiun S, Bradford J, Cabral H, Young R, Cunningham WE.","AIDS Patient Care STDS. 2007;21 Suppl 1:S30-9.","AIDS Patient Care STDS.  2007","PubMed","citation","PMID:17563288","pubmed","17563288","create date:2007/08/01 | first author:Rumptz MH",
"Systemic cytokines, clinical and physiological changes in patients hospitalized for exacerbation of COPD.","/pubmed/17218554","Pinto-Plata VM, Livnat G, Girish M, Cabral H, Masdin P, Linacre P, Dew R, Kenney L, Celli BR.","Chest. 2007 Jan;131(1):37-43.","Chest.  2007","PubMed","citation","PMID:17218554","pubmed","17218554","create date:2007/01/16 | first author:Pinto-Plata VM",
"Pre-natal exposures to cocaine and alcohol and physical growth patterns to age 8 years.","/pubmed/17412558","Lumeng JC, Cabral HJ, Gannon K, Heeren T, Frank DA.","Neurotoxicol Teratol. 2007 Jul-Aug;29(4):446-57.","Neurotoxicol Teratol.  2007","PubMed","citation","PMID:17412558 | PMCID:PMC2227319","pubmed","17412558","create date:2007/04/07 | first author:Lumeng JC",
"Health services utilization for people with HIV infection: comparison of a population targeted for outreach with the U.S. population in care.","/pubmed/17063136","Cunningham WE, Sohler NL, Tobias C, Drainoni ML, Bradford J, Davis C, Cabral HJ, Cunningham CO, Eldred L, Wong MD.","Med Care. 2006 Nov;44(11):1038-47.","Med Care.  2006","PubMed","citation","PMID:17063136","pubmed","17063136","create date:2006/10/26 | first author:Cunningham WE",
"Migraine, fibromyalgia, and depression among people with IBS: a prevalence study.","/pubmed/17007634","Cole JA, Rothman KJ, Cabral HJ, Zhang Y, Farraye FA.","BMC Gastroenterol. 2006 Sep 28;6:26.","BMC Gastroenterol.  2006","PubMed","citation","PMID:17007634 | PMCID:PMC1592499","pubmed","17007634","create date:2006/09/30 | first author:Cole JA",
"A comparison of maternal interview and medical record ascertainment of violence among women who had poor pregnancy outcomes.","/pubmed/16802190","Fried LE, Aschengrau A, Cabral H, Amaro H.","Matern Child Health J. 2006 Sep;10(5):451-60.","Matern Child Health J.  2006","PubMed","citation","PMID:16802190","pubmed","16802190","create date:2006/06/28 | first author:Fried LE",
"Maternal depression and violence exposure: double jeopardy for child school functioning.","/pubmed/16950968","Silverstein M, Augustyn M, Cabral H, Zuckerman B.","Pediatrics. 2006 Sep;118(3):e792-800.","Pediatrics.  2006","PubMed","citation","PMID:16950968","pubmed","16950968","create date:2006/09/05 | first author:Silverstein M",
"Duration of breastfeeding among first-time mothers in the United States: results of a national survey.","/pubmed/16882573","Taylor JS, Risica PM, Geller L, Kirtania U, Cabral HJ.","Acta Paediatr. 2006 Aug;95(8):980-4.","Acta Paediatr.  2006","PubMed","citation","PMID:16882573","pubmed","16882573","create date:2006/08/03 | first author:Taylor JS",
"Screening for PTSD among Somali adolescent refugees: psychometric properties of the UCLA PTSD Index.","/pubmed/16929510","Ellis BH, Lhewa D, Charney M, Cabral H.","J Trauma Stress. 2006 Aug;19(4):547-51.","J Trauma Stress.  2006","PubMed","citation","PMID:16929510","pubmed","16929510","create date:2006/08/25 | first author:Ellis BH",
"Preadolescents' report of exposure to violence: association with friends' and own substance use.","/pubmed/16730594","Joseph NP, Augustyn M, Cabral H, Frank DA.","J Adolesc Health. 2006 Jun;38(6):669-74.","J Adolesc Health.  2006","PubMed","citation","PMID:16730594 | PMCID:PMC2423323","pubmed","16730594","create date:2006/05/30 | first author:Joseph NP",
"Visual association pathology in preclinical Alzheimer disease.","/pubmed/16783172","McKee AC, Au R, Cabral HJ, Kowall NW, Seshadri S, Kubilus CA, Drake J, Wolf PA.","J Neuropathol Exp Neurol. 2006 Jun;65(6):621-30.","J Neuropathol Exp Neurol.  2006","PubMed","citation","PMID:16783172","pubmed","16783172","create date:2006/06/20 | first author:McKee AC",
"Age-related molecular reorganization at the node of Ranvier.","/pubmed/16485288","Hinman JD, Peters A, Cabral H, Rosene DL, Hollander W, Rasband MN, Abraham CR.","J Comp Neurol. 2006 Apr 1;495(4):351-62.","J Comp Neurol.  2006","PubMed","citation","PMID:16485288 | PMCID:PMC4444368","pubmed","16485288","create date:2006/02/18 | first author:Hinman JD",
"Developmental differences in risk factors for suicide attempts between ninth and eleventh graders.","/pubmed/16704321","Hacker KA, Suglia SF, Fried LE, Rappaport N, Cabral H.","Suicide Life Threat Behav. 2006 Apr;36(2):154-66.","Suicide Life Threat Behav.  2006","PubMed","citation","PMID:16704321","pubmed","16704321","create date:2006/05/18 | first author:Hacker KA",
"Suicidal ideation among urban nine and ten year olds.","/pubmed/16511366","O'Leary CC, Frank DA, Grant-Knight W, Beeghly M, Augustyn M, Rose-Jacobs R, Cabral HJ, Gannon K.","J Dev Behav Pediatr. 2006 Feb;27(1):33-9.","J Dev Behav Pediatr.  2006","PubMed","citation","PMID:16511366 | PMCID:PMC2373274","pubmed","16511366","create date:2006/03/03 | first author:O'Leary CC",
"Neighborhood safety and overweight status in children.","/pubmed/16389207","Lumeng JC, Appugliese D, Cabral HJ, Bradley RH, Zuckerman B.","Arch Pediatr Adolesc Med. 2006 Jan;160(1):25-31.","Arch Pediatr Adolesc Med.  2006","PubMed","citation","PMID:16389207","pubmed","16389207","create date:2006/01/04 | first author:Lumeng JC",
"Prenatal cocaine exposure and children's language functioning at 6 and 9.5 years: moderating effects of child age, birthweight, and gender.","/pubmed/15843502","Beeghly M, Martin B, Rose-Jacobs R, Cabral H, Heeren T, Augustyn M, Bellinger D, Frank DA.","J Pediatr Psychol. 2006 Jan-Feb;31(1):98-115.","J Pediatr Psychol.  2006","PubMed","citation","PMID:15843502 | PMCID:PMC2399902","pubmed","15843502","create date:2005/04/22 | first author:Beeghly M",
"Quantitative serum free light chain assay in the diagnostic evaluation of AL amyloidosis.","/pubmed/16399645","Akar H, Seldin DC, Magnani B, O'Hara C, Berk JL, Schoonmaker C, Cabral H, Dember LM, Sanchorawala V, Connors LH, Falk RH, Skinner M.","Amyloid. 2005 Dec;12(4):210-5.","Amyloid.  2005","PubMed","citation","PMID:16399645","pubmed","16399645","create date:2006/01/10 | first author:Akar H",
"Applying a transtheoretical behavioral change model to HIV/STD and pregnancy prevention in adolescent clinics.","/pubmed/16115574","Hacker K, Brown E, Cabral H, Dodds D.","J Adolesc Health. 2005 Sep;37(3 Suppl):S80-93.","J Adolesc Health.  2005","PubMed","citation","PMID:16115574","pubmed","16115574","create date:2005/08/24 | first author:Hacker K",
"Missed appointment rates in primary care: the importance of site of care.","/pubmed/16118837","Lasser KE, Mintzer IL, Lambert A, Cabral H, Bor DH.","J Health Care Poor Underserved. 2005 Aug;16(3):475-86.","J Health Care Poor Underserved.  2005","PubMed","citation","PMID:16118837","pubmed","16118837","create date:2005/08/25 | first author:Lasser KE",
"Intrapulmonary percussive ventilation vs incentive spirometry for children with neuromuscular disease.","/pubmed/15939850","Reardon CC, Christiansen D, Barnett ED, Cabral HJ.","Arch Pediatr Adolesc Med. 2005 Jun;159(6):526-31.","Arch Pediatr Adolesc Med.  2005","PubMed","citation","PMID:15939850","pubmed","15939850","create date:2005/06/09 | first author:Reardon CC",
"Heterosexual behavioral maintenance and change following HIV counseling and testing.","/pubmed/15723897","Amaro H, Morrill AC, Dai J, Cabral H, Raj A.","J Health Psychol. 2005 Mar;10(2):287-300.","J Health Psychol.  2005","PubMed","citation","PMID:15723897","pubmed","15723897","create date:2005/02/23 | first author:Amaro H",
"Aprotinin decreases ischemic damage during coronary revascularization.","/pubmed/16309402","Lazar HL, Bao Y, Tanzillo L, O'Gara P, Reardon D, Price D, Crowley R, Cabral HJ.","J Card Surg. 2005 Nov-Dec;20(6):519-23.","J Card Surg.  2005","PubMed","citation","PMID:16309402","pubmed","16309402","create date:2005/11/29 | first author:Lazar HL",
"Level of prenatal cocaine exposure and 48-month IQ: importance of preschool enrichment.","/pubmed/15681118","Frank DA, Rose-Jacobs R, Beeghly M, Wilbur M, Bellinger D, Cabral H.","Neurotoxicol Teratol. 2005 Jan-Feb;27(1):15-28.","Neurotoxicol Teratol.  2005","PubMed","citation","PMID:15681118","pubmed","15681118","create date:2005/02/01 | first author:Frank DA",
"Lung volume reduction surgery: a meta-analysis of randomized clinical trials.","/pubmed/15987235","Berger RL, Wood KA, Cabral HJ, Goodnight-White S, Ingenito EP, Gray A, Miller J, Springmeyer SC.","Treat Respir Med. 2005;4(3):201-9.","Treat Respir Med.  2005","PubMed","citation","PMID:15987235","pubmed","15987235","create date:2005/07/01 | first author:Berger RL",
"Alcohol consumption and the prevalence of the Metabolic Syndrome in the US.: a cross-sectional analysis of data from the Third National Health and Nutrition Examination Survey.","/pubmed/15562213","Freiberg MS, Cabral HJ, Heeren TC, Vasan RS, Curtis Ellison R; Third National Health and Nutrition Examination Survey..","Diabetes Care. 2004 Dec;27(12):2954-9.","Diabetes Care.  2004","PubMed","citation","PMID:15562213","pubmed","15562213","create date:2004/11/25 | first author:Freiberg MS",
"Age-related reduction in microcolumnar structure in area 46 of the rhesus monkey correlates with behavioral decline.","/pubmed/15520373","Cruz L, Roe DL, Urbanc B, Cabral H, Stanley HE, Rosene DL.","Proc Natl Acad Sci U S A. 2004 Nov 9;101(45):15846-51.","Proc Natl Acad Sci U S A.  2004","PubMed","citation","PMID:15520373 | PMCID:PMC528765","pubmed","15520373","create date:2004/11/03 | first author:Cruz L",
"Tight glycemic control in diabetic coronary artery bypass graft patients improves perioperative outcomes and decreases recurrent ischemic events.","/pubmed/15006999","Lazar HL, Chipkin SR, Fitzgerald CA, Bao Y, Cabral H, Apstein CS.","Circulation. 2004 Mar 30;109(12):1497-502.","Circulation.  2004","PubMed","citation","PMID:15006999","pubmed","15006999","create date:2004/03/10 | first author:Lazar HL",
"The body-mass index, airflow obstruction, dyspnea, and exercise capacity index in chronic obstructive pulmonary disease.","/pubmed/14999112","Celli BR, Cote CG, Marin JM, Casanova C, Montes de Oca M, Mendez RA, Pinto Plata V, Cabral HJ.","N Engl J Med. 2004 Mar 4;350(10):1005-12.","N Engl J Med.  2004","PubMed","citation","PMID:14999112","pubmed","14999112","create date:2004/03/05 | first author:Celli BR",
"The Movement Assessment of Infants (MAI) as a predictor of two-year neurodevelopmental outcome for infants born at term who are at social risk.","/pubmed/17057551","Rose-Jacobs R, Cabral H, Beeghly M, Brown ER, Frank DA.","Pediatr Phys Ther. 2004 Winter;16(4):212-21.","Pediatr Phys Ther.  2004","PubMed","citation","PMID:17057551","pubmed","17057551","create date:2006/10/24 | first author:Rose-Jacobs R",
"Association between clinically meaningful behavior problems and overweight in children.","/pubmed/14595059","Lumeng JC, Gannon K, Cabral HJ, Frank DA, Zuckerman B.","Pediatrics. 2003 Nov;112(5):1138-45.","Pediatrics.  2003","PubMed","citation","PMID:14595059","pubmed","14595059","create date:2003/11/05 | first author:Lumeng JC",
"Level of prenatal cocaine exposure and infant-caregiver attachment behavior.","/pubmed/12633734","Beeghly M, Frank DA, Rose-Jacobs R, Cabral H, Tronick E.","Neurotoxicol Teratol. 2003 Jan-Feb;25(1):23-38.","Neurotoxicol Teratol.  2003","PubMed","citation","PMID:12633734","pubmed","12633734","create date:2003/03/14 | first author:Beeghly M",
"Level of prenatal cocaine exposure and scores on the Bayley Scales of Infant Development: modifying effects of caregiver, early intervention, and birth weight.","/pubmed/12456912","Frank DA, Jacobs RR, Beeghly M, Augustyn M, Bellinger D, Cabral H, Heeren T.","Pediatrics. 2002 Dec;110(6):1143-52.","Pediatrics.  2002","PubMed","citation","PMID:12456912 | PMCID:PMC2366173","pubmed","12456912","create date:2002/11/29 | first author:Frank DA",
"Do ""we just know""? Masked assessors' ability to accurately identify children with prenatal cocaine exposure.","/pubmed/12394522","Rose-Jacobs R, Cabral H, Posner MA, Epstein J, Frank DA.","J Dev Behav Pediatr. 2002 Oct;23(5):340-6.","J Dev Behav Pediatr.  2002","PubMed","citation","PMID:12394522","pubmed","12394522","create date:2002/10/24 | first author:Rose-Jacobs R",
"Are women with an unintended pregnancy less likely to breastfeed?","/pubmed/12019050","Taylor JS, Cabral HJ.","J Fam Pract. 2002 May;51(5):431-6.","J Fam Pract.  2002","PubMed","citation","PMID:12019050","pubmed","12019050","create date:2002/05/23 | first author:Taylor JS",
"Forgotten fathers: an exploratory study of mothers' report of drug and alcohol problems among fathers of urban newborns.","/pubmed/12009489","Frank DA, Brown J, Johnson S, Cabral H.","Neurotoxicol Teratol. 2002 May-Jun;24(3):339-47.","Neurotoxicol Teratol.  2002","PubMed","citation","PMID:12009489","pubmed","12009489","create date:2002/05/16 | first author:Frank DA",
"Incidence of lagophthalmos after aponeurotic ptosis repair.","/pubmed/12045949","Tucker SM, Cabral H.","Orbit. 2000 Jun;19(2):61-66.","Orbit.  2000","PubMed","citation","PMID:12045949","pubmed","12045949","create date:2002/06/05 | first author:Tucker SM",
