Title,URL,Description,Details,ShortDetails,Resource,Type,Identifiers,Db,EntrezUID,Properties
"The Impact of Financial Conflicts of Interest in Plastic Surgery: Are They All Created Equal?","/pubmed/27220019","Lopez J, Juan I, Wu A, Samaha G, Cho B, Luck JD, Soni A, Milton J, May JW Jr, Tufaro AP, Dorafshar AH.","Ann Plast Surg. 2016 Aug;77(2):226-30. doi: 10.1097/SAP.0000000000000834.","Ann Plast Surg.  2016","PubMed","citation","PMID:27220019","pubmed","27220019","create date:2016/05/25 | first author:Lopez J",
"Homozygosity for a haplotype in the HBG2-OR51B4 region is exclusive to Arab-Indian haplotype sickle cell anemia.","/pubmed/27185208","Vathipadiekal V, Alsultan A, Baltrusaitis K, Farrell JJ, Al-Rubaish AM, Al-Muhanna F, Naserullah Z, Suliman A, Patra PK, Milton JN, Farrer LA, Chui DH, Al-Ali AK, Sebastiani P, Steinberg MH.","Am J Hematol. 2016 Jun;91(6):E308-11. doi: 10.1002/ajh.24368. No abstract available. ","Am J Hematol.  2016","PubMed","citation","PMID:27185208 | PMCID:PMC4874527","pubmed","27185208","create date:2016/05/18 | first author:Vathipadiekal V",
"Reply: Financial Conflicts of Interest: An Association between Funding and Findings in Plastic Surgery.","/pubmed/26895581","Lopez J, Lopez S, Means J, Mohan R, Soni A, Milton J, Tufaro AP, May JW Jr, Dorafshar A.","Plast Reconstr Surg. 2016 Jun;137(6):1067e-8e. doi: 10.1097/PRS.0000000000002219. No abstract available. ","Plast Reconstr Surg.  2016","PubMed","citation","PMID:26895581","pubmed","26895581","create date:2016/02/20 | first author:Lopez J",
"Financial Conflicts of Interest: An Association between Funding and Findings in Plastic Surgery.","/pubmed/26505726","Lopez J, Lopez S, Means J, Mohan R, Soni A, Milton J, Tufaro AP, May JW Jr, Dorafshar A.","Plast Reconstr Surg. 2015 Nov;136(5):690e-7e. doi: 10.1097/PRS.0000000000001718. Review.","Plast Reconstr Surg.  2015","PubMed","citation","PMID:26505726","pubmed","26505726","create date:2015/10/28 | first author:Lopez J",
"BCL11A enhancer haplotypes and fetal hemoglobin in sickle cell anemia.","/pubmed/25703683","Sebastiani P, Farrell JJ, Alsultan A, Wang S, Edward HL, Shappell H, Bae H, Milton JN, Baldwin CT, Al-Rubaish AM, Naserullah Z, Al-Muhanna F, Alsuliman A, Patra PK, Farrer LA, Ngo D, Vathipadiekal V, Chui DH, Al-Ali AK, Steinberg MH.","Blood Cells Mol Dis. 2015 Mar;54(3):224-30. doi: 10.1016/j.bcmd.2015.01.001.","Blood Cells Mol Dis.  2015","PubMed","citation","PMID:25703683 | PMCID:PMC4341902","pubmed","25703683","create date:2015/02/24 | first author:Sebastiani P",
"Evaluation of an ensemble of genetic models for prediction of a quantitative trait.","/pubmed/25628649","Milton JN, Steinberg MH, Sebastiani P.","Front Genet. 2015 Jan 13;5:474. doi: 10.3389/fgene.2014.00474.","Front Genet.  2015","PubMed","citation","PMID:25628649 | PMCID:PMC4292739","pubmed","25628649","create date:2015/01/30 | first author:Milton JN",
"Rare genetic variant analysis on blood pressure in related samples.","/pubmed/25519320","Chen H, Choi SH, Hong J, Lu C, Milton JN, Allard C, Lacey SM, Lin H, Dupuis J.","BMC Proc. 2014 Jun 17;8(Suppl 1):S35. doi: 10.1186/1753-6561-8-S1-S35.","BMC Proc.  2014","PubMed","citation","PMID:25519320 | PMCID:PMC4143757","pubmed","25519320","create date:2014/12/19 | first author:Chen H",
"The impact of conflicts of interest in plastic surgery: an analysis of acellular dermal matrix, implant-based breast reconstruction.","/pubmed/24867714","Lopez J, Prifogle E, Nyame TT, Milton J, May JW Jr.","Plast Reconstr Surg. 2014 Jun;133(6):1328-34. doi: 10.1097/PRS.0000000000000172. Erratum in: Plast Reconstr Surg. 2014 Aug;134(2):373. ","Plast Reconstr Surg.  2014","PubMed","citation","PMID:24867714","pubmed","24867714","create date:2014/05/29 | first author:Lopez J",
"Prediction of fetal hemoglobin in sickle cell anemia using an ensemble of genetic risk prediction models.","/pubmed/24585758","Milton JN, Gordeuk VR, Taylor JG 6th, Gladwin MT, Steinberg MH, Sebastiani P.","Circ Cardiovasc Genet. 2014 Apr;7(2):110-5. doi: 10.1161/CIRCGENETICS.113.000387.","Circ Cardiovasc Genet.  2014","PubMed","citation","PMID:24585758 | PMCID:PMC3994553","pubmed","24585758","create date:2014/03/04 | first author:Milton JN",
"A GCH1 haplotype confers sex-specific susceptibility to pain crises and altered endothelial function in adults with sickle cell anemia.","/pubmed/24136375","Belfer I, Youngblood V, Darbari DS, Wang Z, Diaw L, Freeman L, Desai K, Dizon M, Allen D, Cunnington C, Channon KM, Milton J, Hartley SW, Nolan V, Kato GJ, Steinberg MH, Goldman D, Taylor JG 6th.","Am J Hematol. 2014 Feb;89(2):187-93. doi: 10.1002/ajh.23613.","Am J Hematol.  2014","PubMed","citation","PMID:24136375 | PMCID:PMC4281092","pubmed","24136375","create date:2013/10/19 | first author:Belfer I",
"Genetic modulation of HbF in Brazilians with HbSC disease and sickle cell anemia.","/pubmed/23828430","Barbosa CG, Aleluia AC, Pacheco AP, Paz SS, Zanette AM, Lyra IM, Steinberg MH, Milton JN, Goncalves MS.","Am J Hematol. 2013 Oct;88(10):923-4. doi: 10.1002/ajh.23538. No abstract available. ","Am J Hematol.  2013","PubMed","citation","PMID:23828430 | PMCID:PMC3787949","pubmed","23828430","create date:2013/07/06 | first author:Barbosa CG",
"Genome-wide meta-analysis of systolic blood pressure in children with sickle cell disease.","/pubmed/24058526","Bhatnagar P, Barron-Casella E, Bean CJ, Milton JN, Baldwin CT, Steinberg MH, Debaun M, Casella JF, Arking DE.","PLoS One. 2013 Sep 13;8(9):e74193. doi: 10.1371/journal.pone.0074193.","PLoS One.  2013","PubMed","citation","PMID:24058526 | PMCID:PMC3772989","pubmed","24058526","create date:2013/09/24 | first author:Bhatnagar P",
"Genetic determinants of haemolysis in sickle cell anaemia.","/pubmed/23406172","Milton JN, Rooks H, Drasar E, McCabe EL, Baldwin CT, Melista E, Gordeuk VR, Nouraie M, Kato GR, Minniti C, Taylor J, Campbell A, Luchtman-Jones L, Rana S, Castro O, Zhang Y, Thein SL, Sebastiani P, Gladwin MT; Walk-PHAAST Investigators., Steinberg MH.","Br J Haematol. 2013 Apr;161(2):270-8. doi: 10.1111/bjh.12245. Erratum in: Br J Haematol. 2014 Aug;166(3):468. Kato, Gregory R [corrected to Kata, Gregory J]. ","Br J Haematol.  2013","PubMed","citation","PMID:23406172 | PMCID:PMC4129543","pubmed","23406172","create date:2013/02/15 | first author:Milton JN",
"Whole genome sequences of a male and female supercentenarian, ages greater than 114 years.","/pubmed/22303384","Sebastiani P, Riva A, Montano M, Pham P, Torkamani A, Scherba E, Benson G, Milton JN, Baldwin CT, Andersen S, Schork NJ, Steinberg MH, Perls TT.","Front Genet. 2012 Jan 3;2:90. doi: 10.3389/fgene.2011.00090.","Front Genet.  2012","PubMed","citation","PMID:22303384 | PMCID:PMC3262222","pubmed","22303384","create date:2012/02/04 | first author:Sebastiani P",
"A genome-wide association study of total bilirubin and cholelithiasis risk in sickle cell anemia.","/pubmed/22558097","Milton JN, Sebastiani P, Solovieff N, Hartley SW, Bhatnagar P, Arking DE, Dworkis DA, Casella JF, Barron-Casella E, Bean CJ, Hooper WC, DeBaun MR, Garrett ME, Soldano K, Telen MJ, Ashley-Koch A, Gladwin MT, Baldwin CT, Steinberg MH, Klings ES.","PLoS One. 2012;7(4):e34741. doi: 10.1371/journal.pone.0034741.","PLoS One.  2012","PubMed","citation","PMID:22558097 | PMCID:PMC3338756","pubmed","22558097","create date:2012/05/05 | first author:Milton JN",
"G6PD deficiency and stroke in the CSSCD.","/pubmed/21328436","Miller ST, Milton J, Steinberg MH.","Am J Hematol. 2011 Mar;86(3):331. doi: 10.1002/ajh.21958. No abstract available. ","Am J Hematol.  2011","PubMed","citation","PMID:21328436","pubmed","21328436","create date:2011/02/18 | first author:Miller ST",
"Severe sickle cell anemia is associated with increased plasma levels of TNF-R1 and VCAM-1.","/pubmed/21264913","Dworkis DA, Klings ES, Solovieff N, Li G, Milton JN, Hartley SW, Melista E, Parente J, Sebastiani P, Steinberg MH, Baldwin CT.","Am J Hematol. 2011 Feb;86(2):220-3. doi: 10.1002/ajh.21928.","Am J Hematol.  2011","PubMed","citation","PMID:21264913 | PMCID:PMC3078643","pubmed","21264913","create date:2011/01/26 | first author:Dworkis DA",
"Gene expression profiles in a rabbit model of systemic lupus erythematosus autoantibody production.","/pubmed/20817871","Rai G, Ray S, Milton J, Yang J, Ren P, Lempicki R, Mage RG.","J Immunol. 2010 Oct 1;185(7):4446-56. doi: 10.4049/jimmunol.1001254.","J Immunol.  2010","PubMed","citation","PMID:20817871 | PMCID:PMC2949067","pubmed","20817871","create date:2010/09/08 | first author:Rai G",
"Fetal hemoglobin in sickle cell anemia: genome-wide association studies suggest a regulatory region in the 5' olfactory receptor gene cluster.","/pubmed/20018918","Solovieff N, Milton JN, Hartley SW, Sherva R, Sebastiani P, Dworkis DA, Klings ES, Farrer LA, Garrett ME, Ashley-Koch A, Telen MJ, Fucharoen S, Ha SY, Li CK, Chui DH, Baldwin CT, Steinberg MH.","Blood. 2010 Mar 4;115(9):1815-22. doi: 10.1182/blood-2009-08-239517.","Blood.  2010","PubMed","citation","PMID:20018918 | PMCID:PMC2832816","pubmed","20018918","create date:2009/12/19 | first author:Solovieff N",
"Genetic modifiers of the severity of sickle cell anemia identified through a genome-wide association study.","/pubmed/20029952","Sebastiani P, Solovieff N, Hartley SW, Milton JN, Riva A, Dworkis DA, Melista E, Klings ES, Garrett ME, Telen MJ, Ashley-Koch A, Baldwin CT, Steinberg MH.","Am J Hematol. 2010 Jan;85(1):29-35. doi: 10.1002/ajh.21572.","Am J Hematol.  2010","PubMed","citation","PMID:20029952 | PMCID:PMC2903007","pubmed","20029952","create date:2009/12/24 | first author:Sebastiani P",
"Investigations of a rabbit (Oryctolagus cuniculus) model of systemic lupus erythematosus (SLE), BAFF and its receptors.","/pubmed/20041151","Yang J, Pospisil R, Ray S, Milton J, Mage RG.","PLoS One. 2009 Dec 30;4(12):e8494. doi: 10.1371/journal.pone.0008494.","PLoS One.  2009","PubMed","citation","PMID:20041151 | PMCID:PMC2794537","pubmed","20041151","create date:2009/12/31 | first author:Yang J",
"Genetic contributions to the autoantibody profile in a rabbit model of Systemic Lupus Erythematosus (SLE).","/pubmed/18602165","Puliyath N, Ray S, Milton J, Mage RG.","Vet Immunol Immunopathol. 2008 Oct 15;125(3-4):251-67. doi: 10.1016/j.vetimm.2008.05.020.","Vet Immunol Immunopathol.  2008","PubMed","citation","PMID:18602165 | PMCID:PMC2561998","pubmed","18602165","create date:2008/07/08 | first author:Puliyath N",
