Title,URL,Description,Details,ShortDetails,Resource,Type,Identifiers,Db,EntrezUID,Properties
"Robust analysis of secondary phenotypes in case-control genetic association studies.","/pubmed/27241694","Xing C, M McCarthy J, Dupuis J, Adrienne Cupples L, B Meigs J, Lin X, S Allen A.","Stat Med. 2016 Oct 15;35(23):4226-37. doi: 10.1002/sim.6976.","Stat Med.  2016","PubMed","citation","PMID:27241694","pubmed","27241694","create date:2016/06/01 | first author:Xing C",
"Genome-Wide Association Study of the Modified Stumvoll Insulin Sensitivity Index Identifies BCL2 and FAM19A2 as Novel Insulin Sensitivity Loci.","/pubmed/27416945","Walford GA, Gustafsson S, Rybin D, Stančáková A, Chen H, Liu CT, Hong J, Jensen RA, Rice K, Morris AP, Mägi R, Tönjes A, Prokopenko I, Kleber ME, Delgado G, Silbernagel G, Jackson AU, Appel EV, Grarup N, Lewis JP, Montasser ME, Landenvall C, et al.","Diabetes. 2016 Oct;65(10):3200-11. doi: 10.2337/db16-0199.","Diabetes.  2016","PubMed","citation","PMID:27416945 | PMCID:PMC5033262","pubmed","27416945","create date:2016/07/16 | first author:Walford GA",
"Incident Type 2 Diabetes Risk is Influenced by Obesity and Diabetes in Social Contacts: a Social Network Analysis.","/pubmed/27145760","Raghavan S, Pachucki MC, Chang Y, Porneala B, Fox CS, Dupuis J, Meigs JB.","J Gen Intern Med. 2016 Oct;31(10):1127-33. doi: 10.1007/s11606-016-3723-1.","J Gen Intern Med.  2016","PubMed","citation","PMID:27145760 | PMCID:PMC5023597","pubmed","27145760","create date:2016/05/06 | first author:Raghavan S",
"Peripheral Blood Transcriptomic Signatures of Fasting Glucose and Insulin Concentrations.","/pubmed/27625022","Chen BH, Hivert MF, Peters MJ, Pilling LC, Hogan JD, Pham LM, Harries LW, Fox CS, Bandinelli S, Dehghan A, Hernandez DG, Hofman A, Hong J, Joehanes R, Johnson AD, Munson PJ, Rybin DV, Singleton AB, Uitterlinden AG, Ying S, Investigators M, Melzer D, et al.","Diabetes. 2016 Sep 13. pii: db160470.","Diabetes.  2016","PubMed","citation","PMID:27625022","pubmed","27625022","create date:2016/09/15 | first author:Chen BH",
"The genetic architecture of type 2 diabetes.","/pubmed/27398621","Fuchsberger C, Flannick J, Teslovich TM, Mahajan A, Agarwala V, Gaulton KJ, Ma C, Fontanillas P, Moutsianas L, McCarthy DJ, Rivas MA, Perry JR, Sim X, Blackwell TW, Robertson NR, Rayner NW, Cingolani P, Locke AE, Fernandez Tajes J, Highland HM, Dupuis J, Chines PS, et al.","Nature. 2016 Aug 4;536(7614):41-7.","Nature.  2016","PubMed","citation","PMID:27398621 | PMCID:PMC5034897","pubmed","27398621","create date:2016/07/12 | first author:Fuchsberger C",
"Association of the IGF1 gene with fasting insulin levels.","/pubmed/26860063","Willems SM, Cornes BK, Brody JA, Morrison AC, Lipovich L, Dauriz M, Chen Y, Liu CT, Rybin DV, Gibbs RA, Muzny D, Pankow JS, Psaty BM, Boerwinkle E, Rotter JI, Siscovick DS, Vasan RS, Kaplan RC, Isaacs A, Dupuis J, van Duijn CM, Meigs JB.","Eur J Hum Genet. 2016 Aug;24(9):1337-43. doi: 10.1038/ejhg.2016.4.","Eur J Hum Genet.  2016","PubMed","citation","PMID:26860063 | PMCID:PMC4989214","pubmed","26860063","create date:2016/02/11 | first author:Willems SM",
"Rare variant associations with waist-to-hip ratio in European-American and African-American women from the NHLBI-Exome Sequencing Project.","/pubmed/26757982","Kan M, Auer PL, Wang GT, Bucasas KL, Hooker S, Rodriguez A, Li B, Ellis J, Adrienne Cupples L, Ida Chen YD, Dupuis J, Fox CS, Gross MD, Smith JD, Heard-Costa N, Meigs JB, Pankow JS, Rotter JI, Siscovick D, Wilson JG, Shendure J, Jackson R, et al.","Eur J Hum Genet. 2016 Aug;24(8):1181-7. doi: 10.1038/ejhg.2015.272.","Eur J Hum Genet.  2016","PubMed","citation","PMID:26757982 | PMCID:PMC4970686","pubmed","26757982","create date:2016/01/14 | first author:Kan M",
"Trans-ethnic Meta-analysis and Functional Annotation Illuminates the Genetic Architecture of Fasting Glucose and Insulin.","/pubmed/27321945","Liu CT, Raghavan S, Maruthur N, Kabagambe EK, Hong J, Ng MC, Hivert MF, Lu Y, An P, Bentley AR, Drolet AM, Gaulton KJ, Guo X, Armstrong LL, Irvin MR, Li M, Lipovich L, Rybin DV, Taylor KD, Agyemang C, Palmer ND, Cade BE, et al.","Am J Hum Genet. 2016 Jul 7;99(1):56-75. doi: 10.1016/j.ajhg.2016.05.006.","Am J Hum Genet.  2016","PubMed","citation","PMID:27321945 | PMCID:PMC5005440","pubmed","27321945","create date:2016/06/21 | first author:Liu CT",
"Galectin-3 Is Associated with Restrictive Lung Disease and Interstitial Lung Abnormalities.","/pubmed/26771117","Ho JE, Gao W, Levy D, Santhanakrishnan R, Araki T, Rosas IO, Hatabu H, Latourelle JC, Nishino M, Dupuis J, Washko GR, O'Connor GT, Hunninghake GM.","Am J Respir Crit Care Med. 2016 Jul 1;194(1):77-83. doi: 10.1164/rccm.201509-1753OC.","Am J Respir Crit Care Med.  2016","PubMed","citation","PMID:26771117 | PMCID:PMC4960628","pubmed","26771117","create date:2016/01/16 | first author:Ho JE",
"Genome-wide gene-environment interactions on quantitative traits using family data.","/pubmed/26626313","Sitlani CM, Dupuis J, Rice KM, Sun F, Pitsillides AN, Cupples LA, Psaty BM.","Eur J Hum Genet. 2016 Jul;24(7):1022-8. doi: 10.1038/ejhg.2015.253.","Eur J Hum Genet.  2016","PubMed","citation","PMID:26626313","pubmed","26626313","create date:2015/12/03 | first author:Sitlani CM",
"Evaluation of power of the Illumina HumanOmni5M-4v1 BeadChip to detect risk variants for human complex diseases.","/pubmed/26577045","Xing C, Huang J, Hsu YH, DeStefano AL, Heard-Costa NL, Wolf PA, Seshadri S, Kiel DP, Cupples LA, Dupuis J.","Eur J Hum Genet. 2016 Jul;24(7):1029-34. doi: 10.1038/ejhg.2015.244.","Eur J Hum Genet.  2016","PubMed","citation","PMID:26577045","pubmed","26577045","create date:2015/11/19 | first author:Xing C",
"Development and Progression of Interstitial Lung Abnormalities in the Framingham Heart Study.","/pubmed/27314401","Araki T, Putman RK, Hatabu H, Gao W, Dupuis J, Latourelle JC, Nishino M, Zazueta OE, Kurugol S, Ross JC, San José Estépar R, Schwartz DA, Rosas IO, Washko GR, O'Connor GT, Hunninghake GM.","Am J Respir Crit Care Med. 2016 Jun 17.","Am J Respir Crit Care Med.  2016","PubMed","citation","PMID:27314401","pubmed","27314401","create date:2016/06/18 | first author:Araki T",
"A genomic approach to therapeutic target validation identifies a glucose-lowering GLP1R variant protective for coronary heart disease.","/pubmed/27252175","Scott RA, Freitag DF, Li L, Chu AY, Surendran P, Young R, Grarup N, Stancáková A, Chen Y, Varga TV, Yaghootkar H, Luan J, Zhao JH, Willems SM, Wessel J, Wang S, Maruthur N, Michailidou K, Pirie A, van der Lee SJ, Gillson C, Al Olama AA, et al.","Sci Transl Med. 2016 Jun 1;8(341):341ra76. doi: 10.1126/scitranslmed.aad3744.","Sci Transl Med.  2016","PubMed","citation","PMID:27252175","pubmed","27252175","create date:2016/06/03 | first author:Scott RA",
"Transancestral fine-mapping of four type 2 diabetes susceptibility loci highlights potential causal regulatory mechanisms.","/pubmed/26911676","Horikoshi M, Pasquali L, Wiltshire S, Huyghe JR, Mahajan A, Asimit JL, Ferreira T, Locke AE, Robertson NR, Wang X, Sim X, Fujita H, Hara K, Young R, Zhang W, Choi S, Chen H, Kaur I, Takeuchi F, Fontanillas P, Thuillier D, Yengo L, et al.","Hum Mol Genet. 2016 May 15;25(10):2070-2081.","Hum Mol Genet.  2016","PubMed","citation","PMID:26911676","pubmed","26911676","create date:2016/02/26 | first author:Horikoshi M",
"Evaluation of a Two-Stage Approach in Trans-Ethnic Meta-Analysis in Genome-Wide Association Studies.","/pubmed/27061095","Hong J, Lunetta KL, Cupples LA, Dupuis J, Liu CT.","Genet Epidemiol. 2016 May;40(4):284-92. doi: 10.1002/gepi.21963.","Genet Epidemiol.  2016","PubMed","citation","PMID:27061095 | PMCID:PMC4833581","pubmed","27061095","create date:2016/04/12 | first author:Hong J",
"Type 2 Diabetes Genetic Predisposition, Obesity, and All-Cause Mortality Risk in the U.S.: A Multiethnic Analysis.","/pubmed/26884474","Leong A, Porneala B, Dupuis J, Florez JC, Meigs JB.","Diabetes Care. 2016 Apr;39(4):539-46. doi: 10.2337/dc15-2080.","Diabetes Care.  2016","PubMed","citation","PMID:26884474 | PMCID:PMC4806775","pubmed","26884474","create date:2016/02/18 | first author:Leong A",
"General Framework for Meta-Analysis of Haplotype Association Tests.","/pubmed/27027517","Wang S, Zhao JH, An P, Guo X, Jensen RA, Marten J, Huffman JE, Meidtner K, Boeing H, Campbell A, Rice KM, Scott RA, Yao J, Schulze MB, Wareham NJ, Borecki IB, Province MA, Rotter JI, Hayward C, Goodarzi MO, Meigs JB, Dupuis J.","Genet Epidemiol. 2016 Apr;40(3):244-52. doi: 10.1002/gepi.21959.","Genet Epidemiol.  2016","PubMed","citation","PMID:27027517 | PMCID:PMC4869684","pubmed","27027517","create date:2016/03/31 | first author:Wang S",
"Association Between Interstitial Lung Abnormalities and All-Cause Mortality.","/pubmed/26881370","Putman RK, Hatabu H, Araki T, Gudmundsson G, Gao W, Nishino M, Okajima Y, Dupuis J, Latourelle JC, Cho MH, El-Chemaly S, Coxson HO, Celli BR, Fernandez IE, Zazueta OE, Ross JC, Harmouche R, Estépar RS, Diaz AA, Sigurdsson S, Gudmundsson EF, Eiríksdottír G, et al.","JAMA. 2016 Feb 16;315(7):672-81. doi: 10.1001/jama.2016.0518.","JAMA.  2016","PubMed","citation","PMID:26881370 | PMCID:PMC4828973","pubmed","26881370","create date:2016/02/18 | first author:Putman RK",
"Shared genetic susceptibility of vascular-related biomarkers with ischemic and recurrent stroke.","/pubmed/26718567","Williams SR, Hsu FC, Keene KL, Chen WM, Nelson S, Southerland AM, Madden EB, Coull B, Gogarten SM, Furie KL, Dzhivhuho G, Rowles JL, Mehndiratta P, Malik R, Dupuis J, Lin H, Seshadri S, Rich SS, Sale MM, Worrall BB; METASTROKE, The Genomics and Randomized Trials Network (GARNET) Collaborative Research Group.; METASTROKE The Genomics and Randomized Trials Network GARNET Collaborative Research Group..","Neurology. 2016 Jan 26;86(4):351-9. doi: 10.1212/WNL.0000000000002319.","Neurology.  2016","PubMed","citation","PMID:26718567 | PMCID:PMC4776093","pubmed","26718567","create date:2016/01/01 | first author:Williams SR",
"Normal thymus in adults: appearance on CT and associations with age, sex, BMI and smoking.","/pubmed/25925358","Araki T, Nishino M, Gao W, Dupuis J, Hunninghake GM, Murakami T, Washko GR, O'Connor GT, Hatabu H.","Eur Radiol. 2016 Jan;26(1):15-24. doi: 10.1007/s00330-015-3796-y.","Eur Radiol.  2016","PubMed","citation","PMID:25925358 | PMCID:PMC4847950","pubmed","25925358","create date:2015/05/01 | first author:Araki T",
"Integrative pathway genomics of lung function and airflow obstruction.","/pubmed/26395457","Gharib SA, Loth DW, Soler Artigas M, Birkland TP, Wilk JB, Wain LV, Brody JA, Obeidat M, Hancock DB, Tang W, Rawal R, Boezen HM, Imboden M, Huffman JE, Lahousse L, Alves AC, Manichaikul A, Hui J, Morrison AC, Ramasamy A, Smith AV, Gudnason V, et al.","Hum Mol Genet. 2015 Dec 1;24(23):6836-48. doi: 10.1093/hmg/ddv378.","Hum Mol Genet.  2015","PubMed","citation","PMID:26395457 | PMCID:PMC4643644","pubmed","26395457","create date:2015/09/24 | first author:Gharib SA",
"Genetic fine mapping and genomic annotation defines causal mechanisms at type 2 diabetes susceptibility loci.","/pubmed/26551672","Gaulton KJ, Ferreira T, Lee Y, Raimondo A, Mägi R, Reschen ME, Mahajan A, Locke A, Rayner NW, Robertson N, Scott RA, Prokopenko I, Scott LJ, Green T, Sparso T, Thuillier D, Yengo L, Grallert H, Wahl S, Frånberg M, Strawbridge RJ, Kestler H, et al.","Nat Genet. 2015 Dec;47(12):1415-25. doi: 10.1038/ng.3437.","Nat Genet.  2015","PubMed","citation","PMID:26551672 | PMCID:PMC4666734","pubmed","26551672","create date:2015/11/10 | first author:Gaulton KJ",
"Pulmonary cysts identified on chest CT: are they part of aging change or of clinical significance?","/pubmed/26514407","Araki T, Nishino M, Gao W, Dupuis J, Putman RK, Washko GR, Hunninghake GM, O'Connor GT, Hatabu H.","Thorax. 2015 Dec;70(12):1156-62. doi: 10.1136/thoraxjnl-2015-207653.","Thorax.  2015","PubMed","citation","PMID:26514407 | PMCID:PMC4848007","pubmed","26514407","create date:2015/10/31 | first author:Araki T",
"A comparison of visual and quantitative methods to identify interstitial lung abnormalities.","/pubmed/26514822","Kliment CR, Araki T, Doyle TJ, Gao W, Dupuis J, Latourelle JC, Zazueta OE, Fernandez IE, Nishino M, Okajima Y, Ross JC, Estépar RS, Diaz AA, Lederer DJ, Schwartz DA, Silverman EK, Rosas IO, Washko GR, O'Connor GT, Hatabu H, Hunninghake GM.","BMC Pulm Med. 2015 Oct 29;15:134. doi: 10.1186/s12890-015-0124-x.","BMC Pulm Med.  2015","PubMed","citation","PMID:26514822 | PMCID:PMC4625729","pubmed","26514822","create date:2015/10/31 | first author:Kliment CR",
"Parent-of-Origin Effects of the APOB Gene on Adiposity in Young Adults.","/pubmed/26451733","Hochner H, Allard C, Granot-Hershkovitz E, Chen J, Sitlani CM, Sazdovska S, Lumley T, McKnight B, Rice K, Enquobahrie DA, Meigs JB, Kwok P, Hivert MF, Borecki IB, Gomez F, Wang T, van Duijn C, Amin N, Rotter JI, Stamatoyannopoulos J, Meiner V, Manor O, et al.","PLoS Genet. 2015 Oct 9;11(10):e1005573. doi: 10.1371/journal.pgen.1005573.","PLoS Genet.  2015","PubMed","citation","PMID:26451733 | PMCID:PMC4599806","pubmed","26451733","create date:2015/10/10 | first author:Hochner H",
"Molecular Characterization of the NLRC4 Expression in Relation to Interleukin-18 Levels.","/pubmed/26362438","Zeller T, Haase T, Müller C, Riess H, Lau D, Zeller S, Krause J, Baumert J, Pless O, Dupuis J, Wild PS, Eleftheriadis M, Waldenberger M, Zeilinger S, Ziegler A, Peters A, Tiret L, Proust C, Marzi C, Munzel T, Strauch K, Prokisch H, et al.","Circ Cardiovasc Genet. 2015 Oct;8(5):717-26. doi: 10.1161/CIRCGENETICS.115.001079.","Circ Cardiovasc Genet.  2015","PubMed","citation","PMID:26362438 | PMCID:PMC4618032","pubmed","26362438","create date:2015/09/13 | first author:Zeller T",
"Gene expression markers of age-related inflammation in two human cohorts.","/pubmed/26087330","Pilling LC, Joehanes R, Melzer D, Harries LW, Henley W, Dupuis J, Lin H, Mitchell M, Hernandez D, Ying SX, Lunetta KL, Benjamin EJ, Singleton A, Levy D, Munson P, Murabito JM, Ferrucci L.","Exp Gerontol. 2015 Oct;70:37-45. doi: 10.1016/j.exger.2015.05.012.","Exp Gerontol.  2015","PubMed","citation","PMID:26087330 | PMCID:PMC4600657","pubmed","26087330","create date:2015/06/19 | first author:Pilling LC",
"Directional dominance on stature and cognition in diverse human populations.","/pubmed/26131930","Joshi PK, Esko T, Mattsson H, Eklund N, Gandin I, Nutile T, Jackson AU, Schurmann C, Smith AV, Zhang W, Okada Y, Stančáková A, Faul JD, Zhao W, Bartz TM, Concas MP, Franceschini N, Enroth S, Vitart V, Trompet S, Guo X, Chasman DI, et al.","Nature. 2015 Jul 23;523(7561):459-62. doi: 10.1038/nature14618.","Nature.  2015","PubMed","citation","PMID:26131930 | PMCID:PMC4516141","pubmed","26131930","create date:2015/07/02 | first author:Joshi PK",
"Paraseptal emphysema: Prevalence and distribution on CT and association with interstitial lung abnormalities.","/pubmed/25868675","Araki T, Nishino M, Zazueta OE, Gao W, Dupuis J, Okajima Y, Latourelle JC, Rosas IO, Murakami T, O'Connor GT, Washko GR, Hunninghake GM, Hatabu H.","Eur J Radiol. 2015 Jul;84(7):1413-8. doi: 10.1016/j.ejrad.2015.03.010.","Eur J Radiol.  2015","PubMed","citation","PMID:25868675 | PMCID:PMC4450117","pubmed","25868675","create date:2015/04/15 | first author:Araki T",
"Association of a 62 Variants Type 2 Diabetes Genetic Risk Score With Markers of Subclinical Atherosclerosis: A Transethnic, Multicenter Study.","/pubmed/25805414","Dauriz M, Porneala BC, Guo X, Bielak LF, Peyser PA, Durant NH, Carnethon MR, Bonadonna RC, Bonora E, Bowden DW, Florez JC, Fornage M, Hivert MF, Jacobs DR Jr, Kabagambe EK, Lewis CE, Murabito JM, Rasmussen-Torvik LJ, Rich SS, Vassy JL, Yao J, Carr JJ, et al.","Circ Cardiovasc Genet. 2015 Jun;8(3):507-15. doi: 10.1161/CIRCGENETICS.114.000740.","Circ Cardiovasc Genet.  2015","PubMed","citation","PMID:25805414 | PMCID:PMC4472563","pubmed","25805414","create date:2015/03/26 | first author:Dauriz M",
"Modeling gene-covariate interactions in sparse regression with group structure for genome-wide association studies.","/pubmed/25938221","Li Y, O'Connor GT, Dupuis J, Kolaczyk E.","Stat Appl Genet Mol Biol. 2015 Jun;14(3):265-77. doi: 10.1515/sagmb-2014-0073.","Stat Appl Genet Mol Biol.  2015","PubMed","citation","PMID:25938221 | PMCID:PMC4510949","pubmed","25938221","create date:2015/05/06 | first author:Li Y",
"Metabolic factors and genetic risk mediate familial type 2 diabetes risk in the Framingham Heart Study.","/pubmed/25619168","Raghavan S, Porneala B, McKeown N, Fox CS, Dupuis J, Meigs JB.","Diabetologia. 2015 May;58(5):988-96. doi: 10.1007/s00125-015-3498-7.","Diabetologia.  2015","PubMed","citation","PMID:25619168 | PMCID:PMC4393775","pubmed","25619168","create date:2015/01/27 | first author:Raghavan S",
"Revisiting heritability accounting for shared environmental effects and maternal inheritance.","/pubmed/25381465","Liu C, Dupuis J, Larson MG, Cupples LA, Ordovas JM, Vasan RS, Meigs JB, Jacques PF, Levy D.","Hum Genet. 2015 Feb;134(2):169-79. doi: 10.1007/s00439-014-1505-6.","Hum Genet.  2015","PubMed","citation","PMID:25381465 | PMCID:PMC4303043","pubmed","25381465","create date:2014/11/10 | first author:Liu C",
"Low-frequency and rare exome chip variants associate with fasting glucose and type 2 diabetes susceptibility.","/pubmed/25631608","Wessel J, Chu AY, Willems SM, Wang S, Yaghootkar H, Brody JA, Dauriz M, Hivert MF, Raghavan S, Lipovich L, Hidalgo B, Fox K, Huffman JE, An P, Lu Y, Rasmussen-Torvik LJ, Grarup N, Ehm MG, Li L, Baldridge AS, Stančáková A, Abrol R, et al.","Nat Commun. 2015 Jan 29;6:5897. doi: 10.1038/ncomms6897.","Nat Commun.  2015","PubMed","citation","PMID:25631608 | PMCID:PMC4311266","pubmed","25631608","create date:2015/01/30 | first author:Wessel J",
"Identification and functional characterization of G6PC2 coding variants influencing glycemic traits define an effector transcript at the G6PC2-ABCB11 locus.","/pubmed/25625282","Mahajan A, Sim X, Ng HJ, Manning A, Rivas MA, Highland HM, Locke AE, Grarup N, Im HK, Cingolani P, Flannick J, Fontanillas P, Fuchsberger C, Gaulton KJ, Teslovich TM, Rayner NW, Robertson NR, Beer NL, Rundle JK, Bork-Jensen J, Ladenvall C, Blancher C, et al.","PLoS Genet. 2015 Jan 27;11(1):e1004876. doi: 10.1371/journal.pgen.1004876.","PLoS Genet.  2015","PubMed","citation","PMID:25625282 | PMCID:PMC4307976","pubmed","25625282","create date:2015/01/28 | first author:Mahajan A",
"Association of exome sequences with plasma C-reactive protein levels in >9000 participants.","/pubmed/25187575","Schick UM, Auer PL, Bis JC, Lin H, Wei P, Pankratz N, Lange LA, Brody J, Stitziel NO, Kim DS, Carlson CS, Fornage M, Haessler J, Hsu L, Jackson RD, Kooperberg C, Leal SM, Psaty BM, Boerwinkle E, Tracy R, Ardissino D, Shah S, et al.","Hum Mol Genet. 2015 Jan 15;24(2):559-71. doi: 10.1093/hmg/ddu450.","Hum Mol Genet.  2015","PubMed","citation","PMID:25187575 | PMCID:PMC4334838","pubmed","25187575","create date:2014/09/05 | first author:Schick UM",
"Anterior Mediastinal Masses in the Framingham Heart Study: Prevalence and CT Image Characteristics.","/pubmed/25705709","Araki T, Nishino M, Gao W, Dupuis J, Washko GR, Hunninghake GM, Murakami T, O'Connor GT, Hatabu H.","Eur J Radiol Open. 2015;2:26-31.","Eur J Radiol Open.  2015","PubMed","citation","PMID:25705709 | PMCID:PMC4332399","pubmed","25705709","create date:2015/02/24 | first author:Araki T",
"Meta-analysis of genome-wide association studies identifies two loci associated with circulating osteoprotegerin levels.","/pubmed/25080503","Kwan JS, Hsu YH, Cheung CL, Dupuis J, Saint-Pierre A, Eriksson J, Handelman SK, Aragaki A, Karasik D, Pramstaller PP, Kooperberg C, Lacroix AZ, Larson MG, Lau KS, Lorentzon M, Pichler I, Sham PC, Taliun D, Vandenput L, Kiel DP, Hicks AA, Jackson RD, et al.","Hum Mol Genet. 2014 Dec 15;23(24):6684-93. doi: 10.1093/hmg/ddu386.","Hum Mol Genet.  2014","PubMed","citation","PMID:25080503 | PMCID:PMC4240210","pubmed","25080503","create date:2014/08/01 | first author:Kwan JS",
"Whole blood gene expression and interleukin-6 levels.","/pubmed/25311648","Lin H, Joehanes R, Pilling LC, Dupuis J, Lunetta KL, Ying SX, Benjamin EJ, Hernandez D, Singleton A, Melzer D, Munson PJ, Levy D, Ferrucci L, Murabito JM.","Genomics. 2014 Dec;104(6 Pt B):490-5. doi: 10.1016/j.ygeno.2014.10.003.","Genomics.  2014","PubMed","citation","PMID:25311648 | PMCID:PMC4262595","pubmed","25311648","create date:2014/10/15 | first author:Lin H",
"Performance of statistical methods on CHARGE targeted sequencing data.","/pubmed/25277365","Xing C, Dupuis J, Cupples LA.","BMC Genet. 2014 Oct 3;15:104. doi: 10.1186/s12863-014-0104-9.","BMC Genet.  2014","PubMed","citation","PMID:25277365 | PMCID:PMC4197341","pubmed","25277365","create date:2014/10/04 | first author:Xing C",
"Association of vitamin D status with arterial blood pressure and hypertension risk: a mendelian randomisation study.","/pubmed/24974252","Vimaleswaran KS, Cavadino A, Berry DJ; LifeLines Cohort Study investigators., Jorde R, Dieffenbach AK, Lu C, Alves AC, Heerspink HJ, Tikkanen E, Eriksson J, Wong A, Mangino M, Jablonski KA, Nolte IM, Houston DK, Ahluwalia TS, van der Most PJ, Pasko D, Zgaga L, Thiering E, Vitart V, et al.","Lancet Diabetes Endocrinol. 2014 Sep;2(9):719-29. doi: 10.1016/S2213-8587(14)70113-5.","Lancet Diabetes Endocrinol.  2014","PubMed","citation","PMID:24974252 | PMCID:PMC4582411","pubmed","24974252","create date:2014/06/30 | first author:Vimaleswaran KS",
"A low-frequency variant in MAPK14 provides mechanistic evidence of a link with myeloperoxidase: a prognostic cardiovascular risk marker.","/pubmed/25164947","Waterworth DM, Li L, Scott R, Warren L, Gillson C, Aponte J, Sarov-Blat L, Sprecher D, Dupuis J, Reiner A, Psaty BM, Tracy RP, Lin H, McPherson R, Chissoe S, Wareham N, Ehm MG.","J Am Heart Assoc. 2014 Aug 27;3(4). pii: e001074. doi: 10.1161/JAHA.114.001074.","J Am Heart Assoc.  2014","PubMed","citation","PMID:25164947 | PMCID:PMC4310399","pubmed","25164947","create date:2014/08/29 | first author:Waterworth DM",
"Large multiethnic Candidate Gene Study for C-reactive protein levels: identification of a novel association at CD36 in African Americans.","/pubmed/24643644","Ellis J, Lange EM, Li J, Dupuis J, Baumert J, Walston JD, Keating BJ, Durda P, Fox ER, Palmer CD, Meng YA, Young T, Farlow DN, Schnabel RB, Marzi CS, Larkin E, Martin LW, Bis JC, Auer P, Ramachandran VS, Gabriel SB, Willis MS, et al.","Hum Genet. 2014 Aug;133(8):985-95. doi: 10.1007/s00439-014-1439-z.","Hum Genet.  2014","PubMed","citation","PMID:24643644 | PMCID:PMC4104766","pubmed","24643644","create date:2014/03/20 | first author:Ellis J",
"Pleiotropic genes for metabolic syndrome and inflammation.","/pubmed/24981077","Kraja AT, Chasman DI, North KE, Reiner AP, Yanek LR, Kilpeläinen TO, Smith JA, Dehghan A, Dupuis J, Johnson AD, Feitosa MF, Tekola-Ayele F, Chu AY, Nolte IM, Dastani Z, Morris A, Pendergrass SA, Sun YV, Ritchie MD, Vaez A, Lin H, Ligthart S, et al.","Mol Genet Metab. 2014 Aug;112(4):317-38. doi: 10.1016/j.ymgme.2014.04.007.","Mol Genet Metab.  2014","PubMed","citation","PMID:24981077 | PMCID:PMC4122618","pubmed","24981077","create date:2014/07/02 | first author:Kraja AT",
"Genome-wide association analysis identifies six new loci associated with forced vital capacity.","/pubmed/24929828","Loth DW, Soler Artigas M, Gharib SA, Wain LV, Franceschini N, Koch B, Pottinger TD, Smith AV, Duan Q, Oldmeadow C, Lee MK, Strachan DP, James AL, Huffman JE, Vitart V, Ramasamy A, Wareham NJ, Kaprio J, Wang XQ, Trochet H, Kähönen M, Flexeder C, et al.","Nat Genet. 2014 Jul;46(7):669-77. doi: 10.1038/ng.3011.","Nat Genet.  2014","PubMed","citation","PMID:24929828 | PMCID:PMC4140093","pubmed","24929828","create date:2014/06/16 | first author:Loth DW",
"Large-scale genome-wide association studies and meta-analyses of longitudinal change in adult lung function.","/pubmed/24983941","Tang W, Kowgier M, Loth DW, Soler Artigas M, Joubert BR, Hodge E, Gharib SA, Smith AV, Ruczinski I, Gudnason V, Mathias RA, Harris TB, Hansel NN, Launer LJ, Barnes KC, Hansen JG, Albrecht E, Aldrich MC, Allerhand M, Barr RG, Brusselle GG, Couper DJ, et al.","PLoS One. 2014 Jul 1;9(7):e100776. doi: 10.1371/journal.pone.0100776.","PLoS One.  2014","PubMed","citation","PMID:24983941 | PMCID:PMC4077649","pubmed","24983941","create date:2014/07/02 | first author:Tang W",
"Rare genetic variant analysis on blood pressure in related samples.","/pubmed/25519320","Chen H, Choi SH, Hong J, Lu C, Milton JN, Allard C, Lacey SM, Lin H, Dupuis J.","BMC Proc. 2014 Jun 17;8(Suppl 1):S35. doi: 10.1186/1753-6561-8-S1-S35.","BMC Proc.  2014","PubMed","citation","PMID:25519320 | PMCID:PMC4143757","pubmed","25519320","create date:2014/12/19 | first author:Chen H",
"Association of levels of fasting glucose and insulin with rare variants at the chromosome 11p11.2-MADD locus: Cohorts for Heart and Aging Research in Genomic Epidemiology (CHARGE) Consortium Targeted Sequencing Study.","/pubmed/24951664","Cornes BK, Brody JA, Nikpoor N, Morrison AC, Dang HC, Ahn BS, Wang S, Dauriz M, Barzilay JI, Dupuis J, Florez JC, Coresh J, Gibbs RA, Kao WH, Liu CT, McKnight B, Muzny D, Pankow JS, Reid JG, White CC, Johnson AD, Wong TY, et al.","Circ Cardiovasc Genet. 2014 Jun;7(3):374-82. doi: 10.1161/CIRCGENETICS.113.000169.","Circ Cardiovasc Genet.  2014","PubMed","citation","PMID:24951664 | PMCID:PMC4066205","pubmed","24951664","create date:2014/06/22 | first author:Cornes BK",
"ADAM19 and HTR4 variants and pulmonary function: Cohorts for Heart and Aging Research in Genomic Epidemiology (CHARGE) Consortium Targeted Sequencing Study.","/pubmed/24951661","London SJ, Gao W, Gharib SA, Hancock DB, Wilk JB, House JS, Gibbs RA, Muzny DM, Lumley T, Franceschini N, North KE, Psaty BM, Kovar CL, Coresh J, Zhou Y, Heckbert SR, Brody JA, Morrison AC, Dupuis J.","Circ Cardiovasc Genet. 2014 Jun;7(3):350-8. doi: 10.1161/CIRCGENETICS.113.000066.","Circ Cardiovasc Genet.  2014","PubMed","citation","PMID:24951661 | PMCID:PMC4136502","pubmed","24951661","create date:2014/06/22 | first author:London SJ",
"Strategies to design and analyze targeted sequencing data: cohorts for Heart and Aging Research in Genomic Epidemiology (CHARGE) Consortium Targeted Sequencing Study.","/pubmed/24951659","Lin H, Wang M, Brody JA, Bis JC, Dupuis J, Lumley T, McKnight B, Rice KM, Sitlani CM, Reid JG, Bressler J, Liu X, Davis BC, Johnson AD, O'Donnell CJ, Kovar CL, Dinh H, Wu Y, Newsham I, Chen H, Broka A, DeStefano AL, et al.","Circ Cardiovasc Genet. 2014 Jun;7(3):335-43. doi: 10.1161/CIRCGENETICS.113.000350.","Circ Cardiovasc Genet.  2014","PubMed","citation","PMID:24951659 | PMCID:PMC4176824","pubmed","24951659","create date:2014/06/22 | first author:Lin H",
Title,URL,Description,Details,ShortDetails,Resource,Type,Identifiers,Db,EntrezUID,Properties
"Polygenic type 2 diabetes prediction at the limit of common variant detection.","/pubmed/24520119","Vassy JL, Hivert MF, Porneala B, Dauriz M, Florez JC, Dupuis J, Siscovick DS, Fornage M, Rasmussen-Torvik LJ, Bouchard C, Meigs JB.","Diabetes. 2014 Jun;63(6):2172-82. doi: 10.2337/db13-1663.","Diabetes.  2014","PubMed","citation","PMID:24520119 | PMCID:PMC4030114","pubmed","24520119","create date:2014/02/13 | first author:Vassy JL",
"Impact of type 2 diabetes susceptibility variants on quantitative glycemic traits reveals mechanistic heterogeneity.","/pubmed/24296717","Dimas AS, Lagou V, Barker A, Knowles JW, Mägi R, Hivert MF, Benazzo A, Rybin D, Jackson AU, Stringham HM, Song C, Fischer-Rosinsky A, Boesgaard TW, Grarup N, Abbasi FA, Assimes TL, Hao K, Yang X, Lecoeur C, Barroso I, Bonnycastle LL, Böttcher Y, et al.","Diabetes. 2014 Jun;63(6):2158-71. doi: 10.2337/db13-0949. Review.","Diabetes.  2014","PubMed","citation","PMID:24296717 | PMCID:PMC4030103","pubmed","24296717","create date:2013/12/04 | first author:Dimas AS",
"Whole blood gene expression and atrial fibrillation: the Framingham Heart Study.","/pubmed/24805109","Lin H, Yin X, Lunetta KL, Dupuis J, McManus DD, Lubitz SA, Magnani JW, Joehanes R, Munson PJ, Larson MG, Levy D, Ellinor PT, Benjamin EJ.","PLoS One. 2014 May 7;9(5):e96794. doi: 10.1371/journal.pone.0096794.","PLoS One.  2014","PubMed","citation","PMID:24805109 | PMCID:PMC4013062","pubmed","24805109","create date:2014/05/09 | first author:Lin H",
"Sequence kernel association test for survival traits.","/pubmed/24464521","Chen H, Lumley T, Brody J, Heard-Costa NL, Fox CS, Cupples LA, Dupuis J.","Genet Epidemiol. 2014 Apr;38(3):191-7. doi: 10.1002/gepi.21791.","Genet Epidemiol.  2014","PubMed","citation","PMID:24464521 | PMCID:PMC4158946","pubmed","24464521","create date:2014/01/28 | first author:Chen H",
"Correction for multiple testing in a gene region.","/pubmed/23838599","Hendricks AE, Dupuis J, Logue MW, Myers RH, Lunetta KL.","Eur J Hum Genet. 2014 Mar;22(3):414-8. doi: 10.1038/ejhg.2013.144.","Eur J Hum Genet.  2014","PubMed","citation","PMID:23838599 | PMCID:PMC3925272","pubmed","23838599","create date:2013/07/11 | first author:Hendricks AE",
"Genome-wide trans-ancestry meta-analysis provides insight into the genetic architecture of type 2 diabetes susceptibility.","/pubmed/24509480","DIAbetes Genetics Replication And Meta-analysis (DIAGRAM) Consortium.; Asian Genetic Epidemiology Network Type 2 Diabetes (AGEN-T2D) Consortium.; South Asian Type 2 Diabetes (SAT2D) Consortium.; Mexican American Type 2 Diabetes (MAT2D) Consortium.; Type 2 Diabetes Genetic Exploration by Nex-generation sequencing in muylti-Ethnic Samples (T2D-GENES) Consortium., Mahajan A, Go MJ, Zhang W, Below JE, Gaulton KJ, Ferreira T, Horikoshi M, Johnson AD, Ng MC, Prokopenko I, Saleheen D, Wang X, Zeggini E, Abecasis GR, Adair LS, Almgren P, Atalay M, et al.","Nat Genet. 2014 Mar;46(3):234-44. doi: 10.1038/ng.2897.","Nat Genet.  2014","PubMed","citation","PMID:24509480 | PMCID:PMC3969612","pubmed","24509480","create date:2014/02/11 | first author:DIAbetes Genetics Replication And Meta-analysis (DIAGRAM) Consortium.",
"Genome-wide study of percent emphysema on computed tomography in the general population. The Multi-Ethnic Study of Atherosclerosis Lung/SNP Health Association Resource Study.","/pubmed/24383474","Manichaikul A, Hoffman EA, Smolonska J, Gao W, Cho MH, Baumhauer H, Budoff M, Austin JH, Washko GR, Carr JJ, Kaufman JD, Pottinger T, Powell CA, Wijmenga C, Zanen P, Groen HJ, Postma DS, Wanner A, Rouhani FN, Brantly ML, Powell R, Smith BM, et al.","Am J Respir Crit Care Med. 2014 Feb 15;189(4):408-18. doi: 10.1164/rccm.201306-1061OC.","Am J Respir Crit Care Med.  2014","PubMed","citation","PMID:24383474 | PMCID:PMC3977717","pubmed","24383474","create date:2014/01/05 | first author:Manichaikul A",
"Incorporating gene-environment interaction in testing for association with rare genetic variants.","/pubmed/25060534","Chen H, Meigs JB, Dupuis J.","Hum Hered. 2014;78(2):81-90. doi: 10.1159/000363347.","Hum Hered.  2014","PubMed","citation","PMID:25060534 | PMCID:PMC4169076","pubmed","25060534","create date:2014/07/26 | first author:Chen H",
"Mendelian randomization studies do not support a causal role for reduced circulating adiponectin levels in insulin resistance and type 2 diabetes.","/pubmed/23835345","Yaghootkar H, Lamina C, Scott RA, Dastani Z, Hivert MF, Warren LL, Stancáková A, Buxbaum SG, Lyytikäinen LP, Henneman P, Wu Y, Cheung CY, Pankow JS, Jackson AU, Gustafsson S, Zhao JH, Ballantyne CM, Xie W, Bergman RN, Boehnke M, el Bouazzaoui F, Collins FS, et al.","Diabetes. 2013 Oct;62(10):3589-98. doi: 10.2337/db13-0128. Review.","Diabetes.  2013","PubMed","citation","PMID:23835345 | PMCID:PMC3781444","pubmed","23835345","create date:2013/07/10 | first author:Yaghootkar H",
"Genome-wide and gene-centric analyses of circulating myeloperoxidase levels in the charge and care consortia.","/pubmed/23620142","Reiner AP, Hartiala J, Zeller T, Bis JC, Dupuis J, Fornage M, Baumert J, Kleber ME, Wild PS, Baldus S, Bielinski SJ, Fontes JD, Illig T, Keating BJ, Lange LA, Ojeda F, Müller-Nurasyid M, Munzel TF, Psaty BM, Rice K, Rotter JI, Schnabel RB, et al.","Hum Mol Genet. 2013 Aug 15;22(16):3381-93. doi: 10.1093/hmg/ddt189.","Hum Mol Genet.  2013","PubMed","citation","PMID:23620142 | PMCID:PMC3723315","pubmed","23620142","create date:2013/04/27 | first author:Reiner AP",
"Common variants in and near IRS1 and subclinical cardiovascular disease in the Framingham Heart Study.","/pubmed/23659870","Lim S, Hong J, Liu CT, Hivert MF, White CC, Murabito JM, O'Donnell CJ, Dupuis J, Florez JC, Meigs JB.","Atherosclerosis. 2013 Jul;229(1):149-54. doi: 10.1016/j.atherosclerosis.2013.03.037.","Atherosclerosis.  2013","PubMed","citation","PMID:23659870 | PMCID:PMC4040123","pubmed","23659870","create date:2013/05/11 | first author:Lim S",
"MUC5B promoter polymorphism and interstitial lung abnormalities.","/pubmed/23692170","Hunninghake GM, Hatabu H, Okajima Y, Gao W, Dupuis J, Latourelle JC, Nishino M, Araki T, Zazueta OE, Kurugol S, Ross JC, San José Estépar R, Murphy E, Steele MP, Loyd JE, Schwarz MI, Fingerlin TE, Rosas IO, Washko GR, O'Connor GT, Schwartz DA.","N Engl J Med. 2013 Jun 6;368(23):2192-200. doi: 10.1056/NEJMoa1216076.","N Engl J Med.  2013","PubMed","citation","PMID:23692170 | PMCID:PMC3747636","pubmed","23692170","create date:2013/05/23 | first author:Hunninghake GM",
"Network-guided sparse regression modeling for detection of gene-by-gene interactions.","/pubmed/23599501","Lu C, Latourelle J, O'Connor GT, Dupuis J, Kolaczyk ED.","Bioinformatics. 2013 May 15;29(10):1241-9. doi: 10.1093/bioinformatics/btt139.","Bioinformatics.  2013","PubMed","citation","PMID:23599501 | PMCID:PMC3711507","pubmed","23599501","create date:2013/04/20 | first author:Lu C",
"Lack of interaction of beta-cell-function-associated variants with hypertension on change in fasting glucose and diabetes risk: the Framingham Offspring Study.","/pubmed/23425704","de Miguel-Yanes JM, Porneala B, Pencina MJ, Fox CS, Florez JC, Siscovick DS, Dupuis J, Meigs JB.","J Hypertens. 2013 May;31(5):1001-9. doi: 10.1097/HJH.0b013e32835f5a83.","J Hypertens.  2013","PubMed","citation","PMID:23425704 | PMCID:PMC3745997","pubmed","23425704","create date:2013/02/22 | first author:de Miguel-Yanes JM",
"Association testing of the mitochondrial genome using pedigree data.","/pubmed/23319385","Liu C, Dupuis J, Larson MG, Levy D.","Genet Epidemiol. 2013 Apr;37(3):239-47. doi: 10.1002/gepi.21706.","Genet Epidemiol.  2013","PubMed","citation","PMID:23319385 | PMCID:PMC4171957","pubmed","23319385","create date:2013/01/16 | first author:Liu C",
"Transferability and fine mapping of type 2 diabetes loci in African Americans: the Candidate Gene Association Resource Plus Study.","/pubmed/23193183","Ng MC, Saxena R, Li J, Palmer ND, Dimitrov L, Xu J, Rasmussen-Torvik LJ, Zmuda JM, Siscovick DS, Patel SR, Crook ED, Sims M, Chen YD, Bertoni AG, Li M, Grant SF, Dupuis J, Meigs JB, Psaty BM, Pankow JS, Langefeld CD, Freedman BI, et al.","Diabetes. 2013 Mar;62(3):965-76. doi: 10.2337/db12-0266.","Diabetes.  2013","PubMed","citation","PMID:23193183 | PMCID:PMC3581206","pubmed","23193183","create date:2012/11/30 | first author:Ng MC",
"Sequence kernel association test for quantitative traits in family samples.","/pubmed/23280576","Chen H, Meigs JB, Dupuis J.","Genet Epidemiol. 2013 Feb;37(2):196-204. doi: 10.1002/gepi.21703.","Genet Epidemiol.  2013","PubMed","citation","PMID:23280576 | PMCID:PMC3642218","pubmed","23280576","create date:2013/01/03 | first author:Chen H",
"Meta-analysis investigating associations between healthy diet and fasting glucose and insulin levels and modification by loci associated with glucose homeostasis in data from 15 cohorts.","/pubmed/23255780","Nettleton JA, Hivert MF, Lemaitre RN, McKeown NM, Mozaffarian D, Tanaka T, Wojczynski MK, Hruby A, Djoussé L, Ngwa JS, Follis JL, Dimitriou M, Ganna A, Houston DK, Kanoni S, Mikkilä V, Manichaikul A, Ntalla I, Renström F, Sonestedt E, van Rooij FJ, Bandinelli S, et al.","Am J Epidemiol. 2013 Jan 15;177(2):103-15. doi: 10.1093/aje/kws297. Review.","Am J Epidemiol.  2013","PubMed","citation","PMID:23255780 | PMCID:PMC3707424","pubmed","23255780","create date:2012/12/21 | first author:Nettleton JA",
"Genome-wide study identifies two loci associated with lung function decline in mild to moderate COPD.","/pubmed/22986903","Hansel NN, Ruczinski I, Rafaels N, Sin DD, Daley D, Malinina A, Huang L, Sandford A, Murray T, Kim Y, Vergara C, Heckbert SR, Psaty BM, Li G, Elliott WM, Aminuddin F, Dupuis J, O'Connor GT, Doheny K, Scott AF, Boezen HM, Postma DS, et al.","Hum Genet. 2013 Jan;132(1):79-90. doi: 10.1007/s00439-012-1219-6.","Hum Genet.  2013","PubMed","citation","PMID:22986903 | PMCID:PMC3536920","pubmed","22986903","create date:2012/09/19 | first author:Hansel NN",
"Causal relationship between obesity and vitamin D status: bi-directional Mendelian randomization analysis of multiple cohorts.","/pubmed/23393431","Vimaleswaran KS, Berry DJ, Lu C, Tikkanen E, Pilz S, Hiraki LT, Cooper JD, Dastani Z, Li R, Houston DK, Wood AR, Michaëlsson K, Vandenput L, Zgaga L, Yerges-Armstrong LM, McCarthy MI, Dupuis J, Kaakinen M, Kleber ME, Jameson K, Arden N, Raitakari O, et al.","PLoS Med. 2013;10(2):e1001383. doi: 10.1371/journal.pmed.1001383.","PLoS Med.  2013","PubMed","citation","PMID:23393431 | PMCID:PMC3564800","pubmed","23393431","create date:2013/02/09 | first author:Vimaleswaran KS",
"A method of moments estimator for random effect multivariate meta-analysis.","/pubmed/22551393","Chen H, Manning AK, Dupuis J.","Biometrics. 2012 Dec;68(4):1278-84. doi: 10.1111/j.1541-0420.2012.01761.x.","Biometrics.  2012","PubMed","citation","PMID:22551393 | PMCID:PMC4030295","pubmed","22551393","create date:2012/05/04 | first author:Chen H",
"Genome-wide association study evaluating lipoprotein-associated phospholipase A2 mass and activity at baseline and after rosuvastatin therapy.","/pubmed/23118302","Chu AY, Guilianini F, Grallert H, Dupuis J, Ballantyne CM, Barratt BJ, Nyberg F, Chasman DI, Ridker PM.","Circ Cardiovasc Genet. 2012 Dec;5(6):676-85. doi: 10.1161/CIRCGENETICS.112.963314.","Circ Cardiovasc Genet.  2012","PubMed","citation","PMID:23118302","pubmed","23118302","create date:2012/11/03 | first author:Chu AY",
"Genome-wide association studies identify CHRNA5/3 and HTR4 in the development of airflow obstruction.","/pubmed/22837378","Wilk JB, Shrine NR, Loehr LR, Zhao JH, Manichaikul A, Lopez LM, Smith AV, Heckbert SR, Smolonska J, Tang W, Loth DW, Curjuric I, Hui J, Cho MH, Latourelle JC, Henry AP, Aldrich M, Bakke P, Beaty TH, Bentley AR, Borecki IB, Brusselle GG, et al.","Am J Respir Crit Care Med. 2012 Oct 1;186(7):622-32. doi: 10.1164/rccm.201202-0366OC.","Am J Respir Crit Care Med.  2012","PubMed","citation","PMID:22837378 | PMCID:PMC3480517","pubmed","22837378","create date:2012/07/28 | first author:Wilk JB",
"Large-scale association analyses identify new loci influencing glycemic traits and provide insight into the underlying biological pathways.","/pubmed/22885924","Scott RA, Lagou V, Welch RP, Wheeler E, Montasser ME, Luan J, Mägi R, Strawbridge RJ, Rehnberg E, Gustafsson S, Kanoni S, Rasmussen-Torvik LJ, Yengo L, Lecoeur C, Shungin D, Sanna S, Sidore C, Johnson PC, Jukema JW, Johnson T, Mahajan A, Verweij N, et al.","Nat Genet. 2012 Sep;44(9):991-1005. doi: 10.1038/ng.2385.","Nat Genet.  2012","PubMed","citation","PMID:22885924 | PMCID:PMC3433394","pubmed","22885924","create date:2012/08/14 | first author:Scott RA",
"Large-scale association analysis provides insights into the genetic architecture and pathophysiology of type 2 diabetes.","/pubmed/22885922","Morris AP, Voight BF, Teslovich TM, Ferreira T, Segrè AV, Steinthorsdottir V, Strawbridge RJ, Khan H, Grallert H, Mahajan A, Prokopenko I, Kang HM, Dina C, Esko T, Fraser RM, Kanoni S, Kumar A, Lagou V, Langenberg C, Luan J, Lindgren CM, Müller-Nurasyid M, et al.","Nat Genet. 2012 Sep;44(9):981-90. doi: 10.1038/ng.2383.","Nat Genet.  2012","PubMed","citation","PMID:22885922 | PMCID:PMC3442244","pubmed","22885922","create date:2012/08/14 | first author:Morris AP",
"Impact of common variation in bone-related genes on type 2 diabetes and related traits.","/pubmed/22698912","Billings LK, Hsu YH, Ackerman RJ, Dupuis J, Voight BF, Rasmussen-Torvik LJ, Hercberg S, Lathrop M, Barnes D, Langenberg C, Hui J, Fu M, Bouatia-Naji N, Lecoeur C, An P, Magnusson PK, Surakka I, Ripatti S, Christiansen L, Dalgård C, Folkersen L, Grundberg E; et al.","Diabetes. 2012 Aug;61(8):2176-86.","Diabetes.  2012","PubMed","citation","PMID:22698912 | PMCID:PMC3402303","pubmed","22698912","create date:2012/06/16 | first author:Billings LK",
"A genome-wide approach accounting for body mass index identifies genetic variants influencing fasting glycemic traits and insulin resistance.","/pubmed/22581228","Manning AK, Hivert MF, Scott RA, Grimsby JL, Bouatia-Naji N, Chen H, Rybin D, Liu CT, Bielak LF, Prokopenko I, Amin N, Barnes D, Cadby G, Hottenga JJ, Ingelsson E, Jackson AU, Johnson T, Kanoni S, Ladenvall C, Lagou V, Lahti J, Lecoeur C, et al.","Nat Genet. 2012 May 13;44(6):659-69. doi: 10.1038/ng.2274.","Nat Genet.  2012","PubMed","citation","PMID:22581228 | PMCID:PMC3613127","pubmed","22581228","create date:2012/05/15 | first author:Manning AK",
"No interactions between previously associated 2-hour glucose gene variants and physical activity or BMI on 2-hour glucose levels.","/pubmed/22415877","Scott RA, Chu AY, Grarup N, Manning AK, Hivert MF, Shungin D, Tönjes A, Yesupriya A, Barnes D, Bouatia-Naji N, Glazer NL, Jackson AU, Kutalik Z, Lagou V, Marek D, Rasmussen-Torvik LJ, Stringham HM, Tanaka T, Aadahl M, Arking DE, Bergmann S, Boerwinkle E, et al.","Diabetes. 2012 May;61(5):1291-6. doi: 10.2337/db11-0973.","Diabetes.  2012","PubMed","citation","PMID:22415877 | PMCID:PMC3331745","pubmed","22415877","create date:2012/03/15 | first author:Scott RA",
"Stratifying type 2 diabetes cases by BMI identifies genetic risk variants in LAMA1 and enrichment for risk variants in lean compared to obese cases.","/pubmed/22693455","Perry JR, Voight BF, Yengo L, Amin N, Dupuis J, Ganser M, Grallert H, Navarro P, Li M, Qi L, Steinthorsdottir V, Scott RA, Almgren P, Arking DE, Aulchenko Y, Balkau B, Benediktsson R, Bergman RN, Boerwinkle E, Bonnycastle L, Burtt NP, Campbell H, et al.","PLoS Genet. 2012 May;8(5):e1002741. doi: 10.1371/journal.pgen.1002741.","PLoS Genet.  2012","PubMed","citation","PMID:22693455 | PMCID:PMC3364960","pubmed","22693455","create date:2012/06/14 | first author:Perry JR",
"Race-ethnic differences in the association of genetic loci with HbA1c levels and mortality in U.S. adults: the third National Health and Nutrition Examination Survey (NHANES III).","/pubmed/22540250","Grimsby JL, Porneala BC, Vassy JL, Yang Q, Florez JC, Dupuis J, Liu T, Yesupriya A, Chang MH, Ned RM, Dowling NF, Khoury MJ, Meigs JB; MAGIC Investigators..","BMC Med Genet. 2012 Apr 27;13:30.","BMC Med Genet.  2012","PubMed","citation","PMID:22540250 | PMCID:PMC3433372","pubmed","22540250","create date:2012/05/01 | first author:Grimsby JL",
"Eight genetic loci associated with variation in lipoprotein-associated phospholipase A2 mass and activity and coronary heart disease: meta-analysis of genome-wide association studies from five community-based studies.","/pubmed/22003152","Grallert H, Dupuis J, Bis JC, Dehghan A, Barbalic M, Baumert J, Lu C, Smith NL, Uitterlinden AG, Roberts R, Khuseyinova N, Schnabel RB, Rice KM, Rivadeneira F, Hoogeveen RC, Fontes JD, Meisinger C, Keaney JF Jr, Lemaitre R, Aulchenko YS, Vasan RS, Ellis S, et al.","Eur Heart J. 2012 Jan;33(2):238-51. doi: 10.1093/eurheartj/ehr372.","Eur Heart J.  2012","PubMed","citation","PMID:22003152 | PMCID:PMC3258449","pubmed","22003152","create date:2011/10/18 | first author:Grallert H",
"Genome-wide joint meta-analysis of SNP and SNP-by-smoking interaction identifies novel loci for pulmonary function.","/pubmed/23284291","Hancock DB, Soler Artigas M, Gharib SA, Henry A, Manichaikul A, Ramasamy A, Loth DW, Imboden M, Koch B, McArdle WL, Smith AV, Smolonska J, Sood A, Tang W, Wilk JB, Zhai G, Zhao JH, Aschard H, Burkart KM, Curjuric I, Eijgelsheim M, Elliott P, et al.","PLoS Genet. 2012;8(12):e1003098. doi: 10.1371/journal.pgen.1003098.","PLoS Genet.  2012","PubMed","citation","PMID:23284291 | PMCID:PMC3527213","pubmed","23284291","create date:2013/01/04 | first author:Hancock DB",
"Identification of novel type 2 diabetes candidate genes involved in the crosstalk between the mitochondrial and the insulin signaling systems.","/pubmed/23236286","Mercader JM, Puiggros M, Segrè AV, Planet E, Sorianello E, Sebastian D, Rodriguez-Cuenca S, Ribas V, Bonàs-Guarch S, Draghici S, Yang C, Mora S, Vidal-Puig A, Dupuis J; DIAGRAM Consortium., Florez JC; MITIN Consortium., Zorzano A, Torrents D.","PLoS Genet. 2012;8(12):e1003046. doi: 10.1371/journal.pgen.1003046.","PLoS Genet.  2012","PubMed","citation","PMID:23236286 | PMCID:PMC3516534","pubmed","23236286","create date:2012/12/14 | first author:Mercader JM",
"Novel loci for adiponectin levels and their influence on type 2 diabetes and metabolic traits: a multi-ethnic meta-analysis of 45,891 individuals.","/pubmed/22479202","Dastani Z, Hivert MF, Timpson N, Perry JR, Yuan X, Scott RA, Henneman P, Heid IM, Kizer JR, Lyytikäinen LP, Fuchsberger C, Tanaka T, Morris AP, Small K, Isaacs A, Beekman M, Coassin S, Lohman K, Qi L, Kanoni S, Pankow JS, Uh HW, et al.","PLoS Genet. 2012;8(3):e1002607. doi: 10.1371/journal.pgen.1002607.","PLoS Genet.  2012","PubMed","citation","PMID:22479202 | PMCID:PMC3315470","pubmed","22479202","create date:2012/04/06 | first author:Dastani Z",
"A comparison of gene region simulation methods.","/pubmed/22815869","Hendricks AE, Dupuis J, Gupta M, Logue MW, Lunetta KL.","PLoS One. 2012;7(7):e40925. doi: 10.1371/journal.pone.0040925.","PLoS One.  2012","PubMed","citation","PMID:22815869 | PMCID:PMC3399793","pubmed","22815869","create date:2012/07/21 | first author:Hendricks AE",
"A genome-wide association search for type 2 diabetes genes in African Americans.","/pubmed/22238593","Palmer ND, McDonough CW, Hicks PJ, Roh BH, Wing MR, An SS, Hester JM, Cooke JN, Bostrom MA, Rudock ME, Talbert ME, Lewis JP; DIAGRAM Consortium.; MAGIC Investigators., Ferrara A, Lu L, Ziegler JT, Sale MM, Divers J, Shriner D, Adeyemo A, Rotimi CN, et al.","PLoS One. 2012;7(1):e29202. doi: 10.1371/journal.pone.0029202.","PLoS One.  2012","PubMed","citation","PMID:22238593 | PMCID:PMC3251563","pubmed","22238593","create date:2012/01/13 | first author:Palmer ND",
"Association of variation at the ABO locus with circulating levels of soluble intercellular adhesion molecule-1, soluble P-selectin, and soluble E-selectin: a meta-analysis.","/pubmed/22010135","Kiechl S, Paré G, Barbalic M, Qi L, Dupuis J, Dehghan A, Bis JC, Laxton RC, Xiao Q, Bonora E, Willeit J, Xu Q, Witteman JC, Chasman D, Tracy RP, Ballantyne CM, Ridker PM, Benjamin EJ, Ye S.","Circ Cardiovasc Genet. 2011 Dec;4(6):681-6. doi: 10.1161/CIRCGENETICS.111.960682.","Circ Cardiovasc Genet.  2011","PubMed","citation","PMID:22010135 | PMCID:PMC3278232","pubmed","22010135","create date:2011/10/20 | first author:Kiechl S",
"Genetic associations with metabolic syndrome and its quantitative traits by race/ethnicity in the United States.","/pubmed/21848424","Vassy JL, Shrader P, Yang Q, Liu T, Yesupriya A, Chang MH, Dowling NF, Ned RM, Dupuis J, Florez JC, Khoury MJ, Meigs JB.","Metab Syndr Relat Disord. 2011 Dec;9(6):475-82. doi: 10.1089/met.2011.0021.","Metab Syndr Relat Disord.  2011","PubMed","citation","PMID:21848424 | PMCID:PMC3225057","pubmed","21848424","create date:2011/08/19 | first author:Vassy JL",
"Using linkage analysis of large pedigrees to guide association analyses.","/pubmed/22373287","Choi SH, Liu C, Dupuis J, Logue MW, Jun G.","BMC Proc. 2011 Nov 29;5 Suppl 9:S79. doi: 10.1186/1753-6561-5-S9-S79.","BMC Proc.  2011","PubMed","citation","PMID:22373287 | PMCID:PMC3287919","pubmed","22373287","create date:2012/03/01 | first author:Choi SH",
"Comparison of statistical approaches to rare variant analysis for quantitative traits.","/pubmed/22373209","Chen H, Hendricks AE, Cheng Y, Cupples AL, Dupuis J, Liu CT.","BMC Proc. 2011 Nov 29;5 Suppl 9:S113. doi: 10.1186/1753-6561-5-S9-S113.","BMC Proc.  2011","PubMed","citation","PMID:22373209 | PMCID:PMC3287837","pubmed","22373209","create date:2012/03/01 | first author:Chen H",
"Atrial fibrillation: current knowledge and future directions in epidemiology and genomics.","/pubmed/22042927","Magnani JW, Rienstra M, Lin H, Sinner MF, Lubitz SA, McManus DD, Dupuis J, Ellinor PT, Benjamin EJ.","Circulation. 2011 Nov 1;124(18):1982-93. doi: 10.1161/CIRCULATIONAHA.111.039677. Review. No abstract available. ","Circulation.  2011","PubMed","citation","PMID:22042927 | PMCID:PMC3208425","pubmed","22042927","create date:2011/11/02 | first author:Magnani JW",
"Genome-wide association identifies nine common variants associated with fasting proinsulin levels and provides new insights into the pathophysiology of type 2 diabetes.","/pubmed/21873549","Strawbridge RJ, Dupuis J, Prokopenko I, Barker A, Ahlqvist E, Rybin D, Petrie JR, Travers ME, Bouatia-Naji N, Dimas AS, Nica A, Wheeler E, Chen H, Voight BF, Taneera J, Kanoni S, Peden JF, Turrini F, Gustafsson S, Zabena C, Almgren P, Barker DJ, et al.","Diabetes. 2011 Oct;60(10):2624-34. doi: 10.2337/db11-0415.","Diabetes.  2011","PubMed","citation","PMID:21873549 | PMCID:PMC3178302","pubmed","21873549","create date:2011/08/30 | first author:Strawbridge RJ",
"Variants at the endocannabinoid receptor CB1 gene (CNR1) and insulin sensitivity, type 2 diabetes, and coronary heart disease.","/pubmed/21633404","de Miguel-Yanes JM, Manning AK, Shrader P, McAteer JB, Goel A, Hamsten A; PROCARDIS., Fox CS, Florez JC, Dupuis J, Meigs JB.","Obesity (Silver Spring). 2011 Oct;19(10):2031-7. doi: 10.1038/oby.2011.135.","Obesity (Silver Spring).  2011","PubMed","citation","PMID:21633404 | PMCID:PMC3686489","pubmed","21633404","create date:2011/06/03 | first author:de Miguel-Yanes JM",
"Total zinc intake may modify the glucose-raising effect of a zinc transporter (SLC30A8) variant: a 14-cohort meta-analysis.","/pubmed/21810599","Kanoni S, Nettleton JA, Hivert MF, Ye Z, van Rooij FJ, Shungin D, Sonestedt E, Ngwa JS, Wojczynski MK, Lemaitre RN, Gustafsson S, Anderson JS, Tanaka T, Hindy G, Saylor G, Renstrom F, Bennett AJ, van Duijn CM, Florez JC, Fox CS, Hofman A, Hoogeveen RC, et al.","Diabetes. 2011 Sep;60(9):2407-16. doi: 10.2337/db11-0176.","Diabetes.  2011","PubMed","citation","PMID:21810599 | PMCID:PMC3161318","pubmed","21810599","create date:2011/08/04 | first author:Kanoni S",
"Evaluation of methods accounting for population structure with pedigree data and continuous outcomes.","/pubmed/21618600","Peloso GM, Dupuis J, Lunetta KL.","Genet Epidemiol. 2011 Sep;35(6):427-36. doi: 10.1002/gepi.20590.","Genet Epidemiol.  2011","PubMed","citation","PMID:21618600","pubmed","21618600","create date:2011/05/28 | first author:Peloso GM",
"Genome-wide association analysis of soluble ICAM-1 concentration reveals novel associations at the NFKBIK, PNPLA3, RELA, and SH2B3 loci.","/pubmed/21533024","Paré G, Ridker PM, Rose L, Barbalic M, Dupuis J, Dehghan A, Bis JC, Benjamin EJ, Shiffman D, Parker AN, Chasman DI.","PLoS Genet. 2011 Apr;7(4):e1001374. doi: 10.1371/journal.pgen.1001374.","PLoS Genet.  2011","PubMed","citation","PMID:21533024 | PMCID:PMC3080865","pubmed","21533024","create date:2011/05/03 | first author:Paré G",
"Meta-analysis of genome-wide association studies in >80 000 subjects identifies multiple loci for C-reactive protein levels.","/pubmed/21300955","Dehghan A, Dupuis J, Barbalic M, Bis JC, Eiriksdottir G, Lu C, Pellikka N, Wallaschofski H, Kettunen J, Henneman P, Baumert J, Strachan DP, Fuchsberger C, Vitart V, Wilson JF, Paré G, Naitza S, Rudock ME, Surakka I, de Geus EJ, Alizadeh BZ, Guralnik J, et al.","Circulation. 2011 Feb 22;123(7):731-8. doi: 10.1161/CIRCULATIONAHA.110.948570.","Circulation.  2011","PubMed","citation","PMID:21300955 | PMCID:PMC3147232","pubmed","21300955","create date:2011/02/09 | first author:Dehghan A",
"Genetic risk reclassification for type 2 diabetes by age below or above 50 years using 40 type 2 diabetes risk single nucleotide polymorphisms.","/pubmed/20889853","de Miguel-Yanes JM, Shrader P, Pencina MJ, Fox CS, Manning AK, Grant RW, Dupuis J, Florez JC, D'Agostino RB Sr, Cupples LA, Meigs JB; MAGIC Investigators.; DIAGRAM+ Investigators..","Diabetes Care. 2011 Jan;34(1):121-5. doi: 10.2337/dc10-1265.","Diabetes Care.  2011","PubMed","citation","PMID:20889853 | PMCID:PMC3005447","pubmed","20889853","create date:2010/10/05 | first author:de Miguel-Yanes JM",
"Meta-analysis of gene-environment interaction: joint estimation of SNP and SNP × environment regression coefficients.","/pubmed/21181894","Manning AK, LaValley M, Liu CT, Rice K, An P, Liu Y, Miljkovic I, Rasmussen-Torvik L, Harris TB, Province MA, Borecki IB, Florez JC, Meigs JB, Cupples LA, Dupuis J.","Genet Epidemiol. 2011 Jan;35(1):11-8. doi: 10.1002/gepi.20546.","Genet Epidemiol.  2011","PubMed","citation","PMID:21181894 | PMCID:PMC3312394","pubmed","21181894","create date:2010/12/25 | first author:Manning AK",
"Common variants at 10 genomic loci influence hemoglobin A₁(C) levels via glycemic and nonglycemic pathways.","/pubmed/20858683","Soranzo N, Sanna S, Wheeler E, Gieger C, Radke D, Dupuis J, Bouatia-Naji N, Langenberg C, Prokopenko I, Stolerman E, Sandhu MS, Heeney MM, Devaney JM, Reilly MP, Ricketts SL, Stewart AF, Voight BF, Willenborg C, Wright B, Altshuler D, Arking D, Balkau B, et al.","Diabetes. 2010 Dec;59(12):3229-39. doi: 10.2337/db10-0502. Erratum in: Diabetes. 2011 Mar;60(3):1050-1. multiple author names added. ","Diabetes.  2010","PubMed","citation","PMID:20858683 | PMCID:PMC2992787","pubmed","20858683","create date:2010/09/23 | first author:Soranzo N",
Title,URL,Description,Details,ShortDetails,Resource,Type,Identifiers,Db,EntrezUID,Properties
"Interactions of dietary whole-grain intake with fasting glucose- and insulin-related genetic loci in individuals of European descent: a meta-analysis of 14 cohort studies.","/pubmed/20693352","Nettleton JA, McKeown NM, Kanoni S, Lemaitre RN, Hivert MF, Ngwa J, van Rooij FJ, Sonestedt E, Wojczynski MK, Ye Z, Tanaka T, Garcia M, Anderson JS, Follis JL, Djousse L, Mukamal K, Papoutsakis C, Mozaffarian D, Zillikens MC, Bandinelli S, Bennett AJ, Borecki IB, et al.","Diabetes Care. 2010 Dec;33(12):2684-91. doi: 10.2337/dc10-1150. Erratum in: Diabetes Care. 2011 Mar;34(3):785-6. multiple author names added; multiple investigator names added. ","Diabetes Care.  2010","PubMed","citation","PMID:20693352 | PMCID:PMC2992213","pubmed","20693352","create date:2010/08/10 | first author:Nettleton JA",
"Racial/ethnic differences in association of fasting glucose-associated genomic loci with fasting glucose, HOMA-B, and impaired fasting glucose in the U.S. adult population.","/pubmed/20805255","Yang Q, Liu T, Shrader P, Yesupriya A, Chang MH, Dowling NF, Ned RM, Dupuis J, Florez JC, Khoury MJ, Meigs JB; MAGIC Investigators..","Diabetes Care. 2010 Nov;33(11):2370-7. doi: 10.2337/dc10-0898.","Diabetes Care.  2010","PubMed","citation","PMID:20805255 | PMCID:PMC2963497","pubmed","20805255","create date:2010/09/02 | first author:Yang Q",
"Common genetic determinants of vitamin D insufficiency: a genome-wide association study.","/pubmed/20541252","Wang TJ, Zhang F, Richards JB, Kestenbaum B, van Meurs JB, Berry D, Kiel DP, Streeten EA, Ohlsson C, Koller DL, Peltonen L, Cooper JD, O'Reilly PF, Houston DK, Glazer NL, Vandenput L, Peacock M, Shi J, Rivadeneira F, McCarthy MI, Anneli P, de Boer IH, et al.","Lancet. 2010 Jul 17;376(9736):180-8. doi: 10.1016/S0140-6736(10)60588-0.","Lancet.  2010","PubMed","citation","PMID:20541252 | PMCID:PMC3086761","pubmed","20541252","create date:2010/06/15 | first author:Wang TJ",
"Duffy antigen receptor for chemokines (Darc) polymorphism regulates circulating concentrations of monocyte chemoattractant protein-1 and other inflammatory mediators.","/pubmed/20040767","Schnabel RB, Baumert J, Barbalic M, Dupuis J, Ellinor PT, Durda P, Dehghan A, Bis JC, Illig T, Morrison AC, Jenny NS, Keaney JF Jr, Gieger C, Tilley C, Yamamoto JF, Khuseyinova N, Heiss G, Doyle M, Blankenberg S, Herder C, Walston JD, Zhu Y, et al.","Blood. 2010 Jul 1;115(26):5289-99. doi: 10.1182/blood-2009-05-221382.","Blood.  2010","PubMed","citation","PMID:20040767 | PMCID:PMC2902130","pubmed","20040767","create date:2009/12/31 | first author:Schnabel RB",
"Genetic variants at 2q24 are associated with susceptibility to type 2 diabetes.","/pubmed/20418489","Qi L, Cornelis MC, Kraft P, Stanya KJ, Linda Kao WH, Pankow JS, Dupuis J, Florez JC, Fox CS, Paré G, Sun Q, Girman CJ, Laurie CC, Mirel DB, Manolio TA, Chasman DI, Boerwinkle E, Ridker PM, Hunter DJ, Meigs JB, Lee CH, Hu FB, et al.","Hum Mol Genet. 2010 Jul 1;19(13):2706-15. doi: 10.1093/hmg/ddq156.","Hum Mol Genet.  2010","PubMed","citation","PMID:20418489 | PMCID:PMC2883345","pubmed","20418489","create date:2010/04/27 | first author:Qi L",
"Twelve type 2 diabetes susceptibility loci identified through large-scale association analysis.","/pubmed/20581827","Voight BF, Scott LJ, Steinthorsdottir V, Morris AP, Dina C, Welch RP, Zeggini E, Huth C, Aulchenko YS, Thorleifsson G, McCulloch LJ, Ferreira T, Grallert H, Amin N, Wu G, Willer CJ, Raychaudhuri S, McCarroll SA, Langenberg C, Hofmann OM, Dupuis J, Qi L, et al.","Nat Genet. 2010 Jul;42(7):579-89. doi: 10.1038/ng.609. Erratum in: Nat Genet. 2011 Apr;43(4):388. ","Nat Genet.  2010","PubMed","citation","PMID:20581827 | PMCID:PMC3080658","pubmed","20581827","create date:2010/06/29 | first author:Voight BF",
"Detailed physiologic characterization reveals diverse mechanisms for novel genetic Loci regulating glucose and insulin metabolism in humans.","/pubmed/20185807","Ingelsson E, Langenberg C, Hivert MF, Prokopenko I, Lyssenko V, Dupuis J, Mägi R, Sharp S, Jackson AU, Assimes TL, Shrader P, Knowles JW, Zethelius B, Abbasi FA, Bergman RN, Bergmann A, Berne C, Boehnke M, Bonnycastle LL, Bornstein SR, Buchanan TA, Bumpstead SJ, et al.","Diabetes. 2010 May;59(5):1266-75. doi: 10.2337/db09-1568.","Diabetes.  2010","PubMed","citation","PMID:20185807 | PMCID:PMC2857908","pubmed","20185807","create date:2010/02/27 | first author:Ingelsson E",
"Large-scale genomic studies reveal central role of ABO in sP-selectin and sICAM-1 levels.","/pubmed/20167578","Barbalic M, Dupuis J, Dehghan A, Bis JC, Hoogeveen RC, Schnabel RB, Nambi V, Bretler M, Smith NL, Peters A, Lu C, Tracy RP, Aleksic N, Heeriga J, Keaney JF Jr, Rice K, Lip GY, Vasan RS, Glazer NL, Larson MG, Uitterlinden AG, Yamamoto J, et al.","Hum Mol Genet. 2010 May 1;19(9):1863-72. doi: 10.1093/hmg/ddq061.","Hum Mol Genet.  2010","PubMed","citation","PMID:20167578 | PMCID:PMC2850624","pubmed","20167578","create date:2010/02/20 | first author:Barbalic M",
"Refined QTLs of osteoporosis-related traits by linkage analysis with genome-wide SNPs: Framingham SHARe.","/pubmed/20064633","Karasik D, Dupuis J, Cho K, Cupples LA, Zhou Y, Kiel DP, Demissie S.","Bone. 2010 Apr;46(4):1114-21. doi: 10.1016/j.bone.2010.01.001.","Bone.  2010","PubMed","citation","PMID:20064633 | PMCID:PMC2842472","pubmed","20064633","create date:2010/01/13 | first author:Karasik D",
"Clear detection of ADIPOQ locus as the major gene for plasma adiponectin: results of genome-wide association analyses including 4659 European individuals.","/pubmed/20018283","Heid IM, Henneman P, Hicks A, Coassin S, Winkler T, Aulchenko YS, Fuchsberger C, Song K, Hivert MF, Waterworth DM, Timpson NJ, Richards JB, Perry JR, Tanaka T, Amin N, Kollerits B, Pichler I, Oostra BA, Thorand B, Frants RR, Illig T, Dupuis J, et al.","Atherosclerosis. 2010 Feb;208(2):412-20. doi: 10.1016/j.atherosclerosis.2009.11.035.","Atherosclerosis.  2010","PubMed","citation","PMID:20018283 | PMCID:PMC2845297","pubmed","20018283","create date:2009/12/19 | first author:Heid IM",
"New genetic loci implicated in fasting glucose homeostasis and their impact on type 2 diabetes risk.","/pubmed/20081858","Dupuis J, Langenberg C, Prokopenko I, Saxena R, Soranzo N, Jackson AU, Wheeler E, Glazer NL, Bouatia-Naji N, Gloyn AL, Lindgren CM, Mägi R, Morris AP, Randall J, Johnson T, Elliott P, Rybin D, Thorleifsson G, Steinthorsdottir V, Henneman P, Grallert H, Dehghan A, et al.","Nat Genet. 2010 Feb;42(2):105-16. doi: 10.1038/ng.520. Erratum in: Nat Genet.2010 May;42(5):464. ","Nat Genet.  2010","PubMed","citation","PMID:20081858 | PMCID:PMC3018764","pubmed","20081858","create date:2010/01/19 | first author:Dupuis J",
"Genetic variation in GIPR influences the glucose and insulin responses to an oral glucose challenge.","/pubmed/20081857","Saxena R, Hivert MF, Langenberg C, Tanaka T, Pankow JS, Vollenweider P, Lyssenko V, Bouatia-Naji N, Dupuis J, Jackson AU, Kao WH, Li M, Glazer NL, Manning AK, Luan J, Stringham HM, Prokopenko I, Johnson T, Grarup N, Boesgaard TW, Lecoeur C, Shrader P, et al.","Nat Genet. 2010 Feb;42(2):142-8. doi: 10.1038/ng.521.","Nat Genet.  2010","PubMed","citation","PMID:20081857 | PMCID:PMC2922003","pubmed","20081857","create date:2010/01/19 | first author:Saxena R",
"Evaluation of approaches to identify associated SNPs that explain the linkage evidence in nuclear families with affected siblings.","/pubmed/19996608","Chen MH, Van Eerdewegh P, Vincent QB, Alcais A, Abel L, Dupuis J.","Hum Hered. 2010;69(2):104-19. doi: 10.1159/000264448.","Hum Hered.  2010","PubMed","citation","PMID:19996608 | PMCID:PMC2956012","pubmed","19996608","create date:2009/12/10 | first author:Chen MH",
"Incorporating biological knowledge in the search for gene x gene interaction in genome-wide association studies.","/pubmed/20018077","Manning AK, Ngwa JS, Hendricks AE, Liu CT, Johnson AD, Dupuis J, Cupples LA.","BMC Proc. 2009 Dec 15;3 Suppl 7:S81.","BMC Proc.  2009","PubMed","citation","PMID:20018077 | PMCID:PMC2795984","pubmed","20018077","create date:2009/12/19 | first author:Manning AK",
"Genome-wide association and linkage analysis of quantitative traits: comparison of likelihood-ratio test and conditional score statistic.","/pubmed/20017964","Hendricks AE, Zhu Y, Dupuis J.","BMC Proc. 2009 Dec 15;3 Suppl 7:S100.","BMC Proc.  2009","PubMed","citation","PMID:20017964 | PMCID:PMC2795871","pubmed","20017964","create date:2009/12/19 | first author:Hendricks AE",
"A genome-wide association study reveals variants in ARL15 that influence adiponectin levels.","/pubmed/20011104","Richards JB, Waterworth D, O'Rahilly S, Hivert MF, Loos RJ, Perry JR, Tanaka T, Timpson NJ, Semple RK, Soranzo N, Song K, Rocha N, Grundberg E, Dupuis J, Florez JC, Langenberg C, Prokopenko I, Saxena R, Sladek R, Aulchenko Y, Evans D, Waeber G, et al.","PLoS Genet. 2009 Dec;5(12):e1000768. doi: 10.1371/journal.pgen.1000768.","PLoS Genet.  2009","PubMed","citation","PMID:20011104 | PMCID:PMC2781107","pubmed","20011104","create date:2009/12/17 | first author:Richards JB",
"Mapping quantitative traits in unselected families: algorithms and examples.","/pubmed/19278016","Dupuis J, Shi J, Manning AK, Benjamin EJ, Meigs JB, Cupples LA, Siegmund D.","Genet Epidemiol. 2009 Nov;33(7):617-27. doi: 10.1002/gepi.20413.","Genet Epidemiol.  2009","PubMed","citation","PMID:19278016 | PMCID:PMC2766029","pubmed","19278016","create date:2009/03/12 | first author:Dupuis J",
"Handling linkage disequilibrium in qualitative trait linkage analysis using dense SNPs: a two-step strategy.","/pubmed/19664279","Cho K, Dupuis J.","BMC Genet. 2009 Aug 10;10:44. doi: 10.1186/1471-2156-10-44.","BMC Genet.  2009","PubMed","citation","PMID:19664279 | PMCID:PMC2731784","pubmed","19664279","create date:2009/08/12 | first author:Cho K",
"Clinical and genetic factors associated with lipoprotein-associated phospholipase A2 in the Framingham Heart Study.","/pubmed/19135199","Schnabel R, Dupuis J, Larson MG, Lunetta KL, Robins SJ, Zhu Y, Rong J, Yin X, Stirnadel HA, Nelson JJ, Wilson PW, Keaney JF, Vasan RS, Benjamin EJ.","Atherosclerosis. 2009 Jun;204(2):601-7. doi: 10.1016/j.atherosclerosis.2008.10.030.","Atherosclerosis.  2009","PubMed","citation","PMID:19135199 | PMCID:PMC2893025","pubmed","19135199","create date:2009/01/13 | first author:Schnabel R",
"The relation of genetic and environmental factors to systemic inflammatory biomarker concentrations.","/pubmed/20031590","Schnabel RB, Lunetta KL, Larson MG, Dupuis J, Lipinska I, Rong J, Chen MH, Zhao Z, Yamamoto JF, Meigs JB, Nicaud V, Perret C, Zeller T, Blankenberg S, Tiret L, Keaney JF Jr, Vasan RS, Benjamin EJ.","Circ Cardiovasc Genet. 2009 Jun;2(3):229-37. doi: 10.1161/CIRCGENETICS.108.804245.","Circ Cardiovasc Genet.  2009","PubMed","citation","PMID:20031590 | PMCID:PMC2897047","pubmed","20031590","create date:2009/12/25 | first author:Schnabel RB",
"NRXN3 is a novel locus for waist circumference: a genome-wide association study from the CHARGE Consortium.","/pubmed/19557197","Heard-Costa NL, Zillikens MC, Monda KL, Johansson A, Harris TB, Fu M, Haritunians T, Feitosa MF, Aspelund T, Eiriksdottir G, Garcia M, Launer LJ, Smith AV, Mitchell BD, McArdle PF, Shuldiner AR, Bielinski SJ, Boerwinkle E, Brancati F, Demerath EW, Pankow JS, Arnold AM, et al.","PLoS Genet. 2009 Jun;5(6):e1000539. doi: 10.1371/journal.pgen.1000539.","PLoS Genet.  2009","PubMed","citation","PMID:19557197 | PMCID:PMC2695005","pubmed","19557197","create date:2009/06/27 | first author:Heard-Costa NL",
"Selection of the most informative individuals from families with multiple siblings for association studies.","/pubmed/19025786","Liu C, Yang Q, Adrienne Cupples L, Meigs JB, Dupuis J.","Genet Epidemiol. 2009 May;33(4):299-307. doi: 10.1002/gepi.20380.","Genet Epidemiol.  2009","PubMed","citation","PMID:19025786 | PMCID:PMC3747668","pubmed","19025786","create date:2008/11/26 | first author:Liu C",
"Large scale replication and meta-analysis of variants on chromosome 4q25 associated with atrial fibrillation.","/pubmed/19141561","Kääb S, Darbar D, van Noord C, Dupuis J, Pfeufer A, Newton-Cheh C, Schnabel R, Makino S, Sinner MF, Kannankeril PJ, Beckmann BM, Choudry S, Donahue BS, Heeringa J, Perz S, Lunetta KL, Larson MG, Levy D, MacRae CA, Ruskin JN, Wacker A, Schömig A, et al.","Eur Heart J. 2009 Apr;30(7):813-9. doi: 10.1093/eurheartj/ehn578.","Eur Heart J.  2009","PubMed","citation","PMID:19141561 | PMCID:PMC2663727","pubmed","19141561","create date:2009/01/15 | first author:Kääb S",
"Variants in the CNR1 and the FAAH genes and adiposity traits in the community.","/pubmed/19165169","Lieb W, Manning AK, Florez JC, Dupuis J, Cupples LA, McAteer JB, Vasan RS, Hoffmann U, O'Donnell CJ, Meigs JB, Fox CS.","Obesity (Silver Spring). 2009 Apr;17(4):755-60. doi: 10.1038/oby.2008.608.","Obesity (Silver Spring).  2009","PubMed","citation","PMID:19165169 | PMCID:PMC3039277","pubmed","19165169","create date:2009/01/24 | first author:Lieb W",
"Association of variants in RETN with plasma resistin levels and diabetes-related traits in the Framingham Offspring Study.","/pubmed/19074981","Hivert MF, Manning AK, McAteer JB, Dupuis J, Fox CS, Cupples LA, Meigs JB, Florez JC.","Diabetes. 2009 Mar;58(3):750-6. doi: 10.2337/db08-1339.","Diabetes.  2009","PubMed","citation","PMID:19074981 | PMCID:PMC2646076","pubmed","19074981","create date:2008/12/17 | first author:Hivert MF",
"Variants in MTNR1B influence fasting glucose levels.","/pubmed/19060907","Prokopenko I, Langenberg C, Florez JC, Saxena R, Soranzo N, Thorleifsson G, Loos RJ, Manning AK, Jackson AU, Aulchenko Y, Potter SC, Erdos MR, Sanna S, Hottenga JJ, Wheeler E, Kaakinen M, Lyssenko V, Chen WM, Ahmadi K, Beckmann JS, Bergman RN, Bochud M, et al.","Nat Genet. 2009 Jan;41(1):77-81. doi: 10.1038/ng.290.","Nat Genet.  2009","PubMed","citation","PMID:19060907 | PMCID:PMC2682768","pubmed","19060907","create date:2008/12/09 | first author:Prokopenko I",
"Common variants at 30 loci contribute to polygenic dyslipidemia.","/pubmed/19060906","Kathiresan S, Willer CJ, Peloso GM, Demissie S, Musunuru K, Schadt EE, Kaplan L, Bennett D, Li Y, Tanaka T, Voight BF, Bonnycastle LL, Jackson AU, Crawford G, Surti A, Guiducci C, Burtt NP, Parish S, Clarke R, Zelenika D, Kubalanza KA, Morken MA, et al.","Nat Genet. 2009 Jan;41(1):56-65. doi: 10.1038/ng.291.","Nat Genet.  2009","PubMed","citation","PMID:19060906 | PMCID:PMC2881676","pubmed","19060906","create date:2008/12/09 | first author:Kathiresan S",
"Common variants in the adiponectin gene (ADIPOQ) associated with plasma adiponectin levels, type 2 diabetes, and diabetes-related quantitative traits: the Framingham Offspring Study.","/pubmed/18776141","Hivert MF, Manning AK, McAteer JB, Florez JC, Dupuis J, Fox CS, O'Donnell CJ, Cupples LA, Meigs JB.","Diabetes. 2008 Dec;57(12):3353-9. doi: 10.2337/db08-0700.","Diabetes.  2008","PubMed","citation","PMID:18776141 | PMCID:PMC2584143","pubmed","18776141","create date:2008/09/09 | first author:Hivert MF",
"Genotype score in addition to common risk factors for prediction of type 2 diabetes.","/pubmed/19020323","Meigs JB, Shrader P, Sullivan LM, McAteer JB, Fox CS, Dupuis J, Manning AK, Florez JC, Wilson PW, D'Agostino RB Sr, Cupples LA.","N Engl J Med. 2008 Nov 20;359(21):2208-19. doi: 10.1056/NEJMoa0804742. Erratum in: N Engl J Med. 2009 Feb 5;360(6):648. ","N Engl J Med.  2008","PubMed","citation","PMID:19020323 | PMCID:PMC2746946","pubmed","19020323","create date:2008/11/21 | first author:Meigs JB",
"Clinical correlates, heritability, and genetic linkage of circulating CD40 ligand in the Framingham Offspring Study.","/pubmed/19061720","Keaney JF Jr, Lipinska I, Larson MG, Dupuis J, Freedman JE, Hamburg NM, Massaro JM, Rong J, Sutherland P, Vita JA, Vasan RS, Benjamin EJ.","Am Heart J. 2008 Nov;156(5):1003-1009.e1. doi: 10.1016/j.ahj.2008.06.041.","Am Heart J.  2008","PubMed","citation","PMID:19061720 | PMCID:PMC2613323","pubmed","19061720","create date:2008/12/09 | first author:Keaney JF Jr",
"Ordered stratification to reduce heterogeneity in linkage to diabetes-related quantitative traits.","/pubmed/18719643","Meigs JB, Manning AK, Dupuis J, Liu C, Florez JC, Cupples LA.","Obesity (Silver Spring). 2008 Oct;16(10):2314-22. doi: 10.1038/oby.2008.354.","Obesity (Silver Spring).  2008","PubMed","citation","PMID:18719643 | PMCID:PMC3747653","pubmed","18719643","create date:2008/08/23 | first author:Meigs JB",
"Haplotype structure of the ENPP1 Gene and Nominal Association of the K121Q missense single nucleotide polymorphism with glycemic traits in the Framingham Heart Study.","/pubmed/18426862","Stolerman ES, Manning AK, McAteer JB, Dupuis J, Fox CS, Cupples LA, Meigs JB, Florez JC.","Diabetes. 2008 Jul;57(7):1971-7. doi: 10.2337/db08-0266.","Diabetes.  2008","PubMed","citation","PMID:18426862 | PMCID:PMC2453609","pubmed","18426862","create date:2008/04/23 | first author:Stolerman ES",
"Relations of inflammatory biomarkers and common genetic variants with arterial stiffness and wave reflection.","/pubmed/18426996","Schnabel R, Larson MG, Dupuis J, Lunetta KL, Lipinska I, Meigs JB, Yin X, Rong J, Vita JA, Newton-Cheh C, Levy D, Keaney JF Jr, Vasan RS, Mitchell GF, Benjamin EJ.","Hypertension. 2008 Jun;51(6):1651-7. doi: 10.1161/HYPERTENSIONAHA.107.105668.","Hypertension.  2008","PubMed","citation","PMID:18426996 | PMCID:PMC2892983","pubmed","18426996","create date:2008/04/23 | first author:Schnabel R",
"Genome-wide association scan identifies candidate polymorphisms associated with differential response to anti-TNF treatment in rheumatoid arthritis.","/pubmed/18615156","Liu C, Batliwalla F, Li W, Lee A, Roubenoff R, Beckman E, Khalili H, Damle A, Kern M, Furie R, Dupuis J, Plenge RM, Coenen MJ, Behrens TW, Carulli JP, Gregersen PK.","Mol Med. 2008 Sep-Oct;14(9-10):575-81. doi: 10.2119/2008-00056.Liu.","Mol Med.  2008","PubMed","citation","PMID:18615156 | PMCID:PMC2443997","pubmed","18615156","create date:2008/07/11 | first author:Liu C",
"A unified framework for linkage and association analysis of quantitative traits.","/pubmed/18077372","Dupuis J, Siegmund DO, Yakir B.","Proc Natl Acad Sci U S A. 2007 Dec 18;104(51):20210-5.","Proc Natl Acad Sci U S A.  2007","PubMed","citation","PMID:18077372 | PMCID:PMC2154410","pubmed","18077372","create date:2007/12/14 | first author:Dupuis J",
"A 100K genome-wide association scan for diabetes and related traits in the Framingham Heart Study: replication and integration with other genome-wide datasets.","/pubmed/17848626","Florez JC, Manning AK, Dupuis J, McAteer J, Irenze K, Gianniny L, Mirel DB, Fox CS, Cupples LA, Meigs JB.","Diabetes. 2007 Dec;56(12):3063-74.","Diabetes.  2007","PubMed","citation","PMID:17848626","pubmed","17848626","create date:2007/09/13 | first author:Florez JC",
"Genome-wide association to body mass index and waist circumference: the Framingham Heart Study 100K project.","/pubmed/17903300","Fox CS, Heard-Costa N, Cupples LA, Dupuis J, Vasan RS, Atwood LD.","BMC Med Genet. 2007 Sep 19;8 Suppl 1:S18.","BMC Med Genet.  2007","PubMed","citation","PMID:17903300 | PMCID:PMC1995618","pubmed","17903300","create date:2007/10/16 | first author:Fox CS",
"Genome-wide association with diabetes-related traits in the Framingham Heart Study.","/pubmed/17903298","Meigs JB, Manning AK, Fox CS, Florez JC, Liu C, Cupples LA, Dupuis J.","BMC Med Genet. 2007 Sep 19;8 Suppl 1:S16.","BMC Med Genet.  2007","PubMed","citation","PMID:17903298 | PMCID:PMC1995610","pubmed","17903298","create date:2007/10/16 | first author:Meigs JB",
"Genome-wide association with bone mass and geometry in the Framingham Heart Study.","/pubmed/17903296","Kiel DP, Demissie S, Dupuis J, Lunetta KL, Murabito JM, Karasik D.","BMC Med Genet. 2007 Sep 19;8 Suppl 1:S14.","BMC Med Genet.  2007","PubMed","citation","PMID:17903296 | PMCID:PMC1995606","pubmed","17903296","create date:2007/10/16 | first author:Kiel DP",
"Genome-wide association with select biomarker traits in the Framingham Heart Study.","/pubmed/17903293","Benjamin EJ, Dupuis J, Larson MG, Lunetta KL, Booth SL, Govindaraju DR, Kathiresan S, Keaney JF Jr, Keyes MJ, Lin JP, Meigs JB, Robins SJ, Rong J, Schnabel R, Vita JA, Wang TJ, Wilson PW, Wolf PA, Vasan RS.","BMC Med Genet. 2007 Sep 19;8 Suppl 1:S11.","BMC Med Genet.  2007","PubMed","citation","PMID:17903293 | PMCID:PMC1995615","pubmed","17903293","create date:2007/10/16 | first author:Benjamin EJ",
"Genetic variation at the low-density lipoprotein receptor-related protein 5 (LRP5) locus modulates Wnt signaling and the relationship of physical activity with bone mineral density in men.","/pubmed/17137849","Kiel DP, Ferrari SL, Cupples LA, Karasik D, Manen D, Imamovic A, Herbert AG, Dupuis J.","Bone. 2007 Mar;40(3):587-96.","Bone.  2007","PubMed","citation","PMID:17137849 | PMCID:PMC1845172","pubmed","17137849","create date:2006/12/02 | first author:Kiel DP",
"The type 2 deiodinase (DIO2) A/G polymorphism is not associated with glycemic traits: the Framingham Heart Study.","/pubmed/17381351","Maia AL, Dupuis J, Manning A, Liu C, Meigs JB, Cupples LA, Larsen PR, Fox CS.","Thyroid. 2007 Mar;17(3):199-202.","Thyroid.  2007","PubMed","citation","PMID:17381351","pubmed","17381351","create date:2007/03/27 | first author:Maia AL",
"Interpreting results of large-scale genetic association studies: separating gold from fool's gold.","/pubmed/17284705","Dupuis J, O'Donnell CJ.","JAMA. 2007 Feb 7;297(5):529-31. No abstract available. ","JAMA.  2007","PubMed","citation","PMID:17284705","pubmed","17284705","create date:2007/02/08 | first author:Dupuis J",
"The Framingham Heart Study 100K SNP genome-wide association study resource: overview of 17 phenotype working group reports.","/pubmed/17903291","Cupples LA, Arruda HT, Benjamin EJ, D'Agostino RB Sr, Demissie S, DeStefano AL, Dupuis J, Falls KM, Fox CS, Gottlieb DJ, Govindaraju DR, Guo CY, Heard-Costa NL, Hwang SJ, Kathiresan S, Kiel DP, Laramie JM, Larson MG, Levy D, Liu CY, Lunetta KL, Mailman MD, et al.","BMC Med Genet. 2007;8 Suppl 1:S1.","BMC Med Genet.  2007","PubMed","citation","PMID:17903291 | PMCID:PMC1995613","pubmed","17903291","create date:2007/10/02 | first author:Cupples LA",
"Joint modeling of linkage and association using affected sib-pair data.","/pubmed/18466536","Chen MH, Cui J, Guo CY, Cupples LA, Van Eerdewegh P, Dupuis J, Yang Q.","BMC Proc. 2007;1 Suppl 1:S38.","BMC Proc.  2007","PubMed","citation","PMID:18466536 | PMCID:PMC2367481","pubmed","18466536","create date:2008/05/10 | first author:Chen MH",
"Handling linkage disequilibrium in linkage analysis using dense single-nucleotide polymorphisms.","/pubmed/18466507","Cho K, Yang Q, Dupuis J.","BMC Proc. 2007;1 Suppl 1:S161.","BMC Proc.  2007","PubMed","citation","PMID:18466507 | PMCID:PMC2367569","pubmed","18466507","create date:2008/05/10 | first author:Cho K",
"Genetic Analysis Workshop 15: gene expression analysis and approaches to detecting multiple functional loci.","/pubmed/18466438","Cordell HJ, de Andrade M, Babron MC, Bartlett CW, Beyene J, Bickeböller H, Culverhouse R, Cupples LA, Daw EW, Dupuis J, Falk CT, Ghosh S, Goddard KA, Goode EL, Hauser ER, Martin LJ, Martinez M, North KE, Saccone NL, Schmidt S, Tapper W, Thomas D, et al.","BMC Proc. 2007;1 Suppl 1:S1. No abstract available. ","BMC Proc.  2007","PubMed","citation","PMID:18466438 | PMCID:PMC2367529","pubmed","18466438","create date:2008/05/10 | first author:Cordell HJ",
"Effect of linkage disequilibrium between markers in linkage and association analyses.","/pubmed/18046770","Dupuis J, Albers K, Allen-Brady K, Cho K, Elston RC, Kappen HJ, Tang H, Thomas A, Thomson G, Tsung E, Yang Q, Zhang W, Zhao K, Zheng G, Ziegler JT.","Genet Epidemiol. 2007;31 Suppl 1:S139-48.","Genet Epidemiol.  2007","PubMed","citation","PMID:18046770","pubmed","18046770","create date:2007/11/30 | first author:Dupuis J",
"Using linkage and association to identify and model genetic effects: summary of GAW15 Group 4.","/pubmed/18046758","Yang Q, Biernacka JM, Chen MH, Houwing-Duistermaat JJ, Bergemann TL, Basu S, Fan R, Liu L, Bourgey M, Clerget-Darpoux F, Lin WY, Elston RC, Cupples LA, Apprey V, Cui J, Dupuis J, Ionita-Laza I, Li R, Lou X, Perdry H, Sherva R, Shugart YY, et al.","Genet Epidemiol. 2007;31 Suppl 1:S34-42.","Genet Epidemiol.  2007","PubMed","citation","PMID:18046758","pubmed","18046758","create date:2007/11/30 | first author:Yang Q",
"Poor performance of bootstrap confidence intervals for the location of a quantitative trait locus.","/pubmed/16783000","Manichaikul A, Dupuis J, Sen S, Broman KW.","Genetics. 2006 Sep;174(1):481-9.","Genetics.  2006","PubMed","citation","PMID:16783000 | PMCID:PMC1569776","pubmed","16783000","create date:2006/06/20 | first author:Manichaikul A",
Title,URL,Description,Details,ShortDetails,Resource,Type,Identifiers,Db,EntrezUID,Properties
"PAI-1 Gene 4G/5G polymorphism and risk of type 2 diabetes in a population-based sample.","/pubmed/16855181","Meigs JB, Dupuis J, Liu C, O'Donnell CJ, Fox CS, Kathiresan S, Gabriel SB, Larson MG, Yang Q, Herbert AG, Wilson PW, Feng D, Tofler GH, Cupples LA.","Obesity (Silver Spring). 2006 May;14(5):753-8.","Obesity (Silver Spring).  2006","PubMed","citation","PMID:16855181","pubmed","16855181","create date:2006/07/21 | first author:Meigs JB",
"Peptidoglycan recognition proteins Pglyrp3 and Pglyrp4 are encoded from the epidermal differentiation complex and are candidate genes for the Psors4 locus on chromosome 1q21.","/pubmed/16362825","Sun C, Mathur P, Dupuis J, Tizard R, Ticho B, Crowell T, Gardner H, Bowcock AM, Carulli J.","Hum Genet. 2006 Mar;119(1-2):113-25.","Hum Genet.  2006","PubMed","citation","PMID:16362825","pubmed","16362825","create date:2005/12/20 | first author:Sun C",
"Identification of polymorphisms explaining a linkage signal: application to the GAW14 simulated data.","/pubmed/16451703","Chen MH, Van Eerdewegh P, Dupuis J.","BMC Genet. 2005 Dec 30;6 Suppl 1:S88.","BMC Genet.  2005","PubMed","citation","PMID:16451703 | PMCID:PMC1866692","pubmed","16451703","create date:2006/02/03 | first author:Chen MH",
"Comparisons of case-selection approaches based on allele sharing and/or disease severity index: application to the GAW14 simulated data.","/pubmed/16451559","Liu C, Cupples LA, Dupuis J.","BMC Genet. 2005 Dec 30;6 Suppl 1:S103.","BMC Genet.  2005","PubMed","citation","PMID:16451559 | PMCID:PMC1866836","pubmed","16451559","create date:2006/02/03 | first author:Liu C",
"Genome scan of systemic biomarkers of vascular inflammation in the Framingham Heart Study: evidence for susceptibility loci on 1q.","/pubmed/16159603","Dupuis J, Larson MG, Vasan RS, Massaro JM, Wilson PW, Lipinska I, Corey D, Vita JA, Keaney JF Jr, Benjamin EJ.","Atherosclerosis. 2005 Oct;182(2):307-14.","Atherosclerosis.  2005","PubMed","citation","PMID:16159603","pubmed","16159603","create date:2005/09/15 | first author:Dupuis J",
"Identifying SNPs predictive of phenotype using random forests.","/pubmed/15593090","Bureau A, Dupuis J, Falls K, Lunetta KL, Hayward B, Keith TP, Van Eerdewegh P.","Genet Epidemiol. 2005 Feb;28(2):171-82.","Genet Epidemiol.  2005","PubMed","citation","PMID:15593090","pubmed","15593090","create date:2004/12/14 | first author:Bureau A",
"The insulin gene variable number tandem repeat and risk of type 2 diabetes in a population-based sample of families and unrelated men and women.","/pubmed/15562019","Meigs JB, Dupuis J, Herbert AG, Liu C, Wilson PW, Cupples LA.","J Clin Endocrinol Metab. 2005 Feb;90(2):1137-43.","J Clin Endocrinol Metab.  2005","PubMed","citation","PMID:15562019","pubmed","15562019","create date:2004/11/25 | first author:Meigs JB",
"Expectation maximization algorithm based haplotype relative risk (EM-HRR): test of linkage disequilibrium using incomplete case-parents trios.","/pubmed/15867473","Guo CY, DeStefano AL, Lunetta KL, Dupuis J, Cupples LA.","Hum Hered. 2005;59(3):125-35.","Hum Hered.  2005","PubMed","citation","PMID:15867473","pubmed","15867473","create date:2005/05/04 | first author:Guo CY",
"Mapping complex traits using Random Forests.","/pubmed/14975132","Bureau A, Dupuis J, Hayward B, Falls K, Van Eerdewegh P.","BMC Genet. 2003 Dec 31;4 Suppl 1:S64.","BMC Genet.  2003","PubMed","citation","PMID:14975132 | PMCID:PMC1866502","pubmed","14975132","create date:2004/02/21 | first author:Bureau A",
"Exo-proofreading, a versatile SNP scoring technology.","/pubmed/12695330","Cahill P, Bakis M, Hurley J, Kamath V, Nielsen W, Weymouth D, Dupuis J, Doucette-Stamm L, Smith DR.","Genome Res. 2003 May;13(5):925-31.","Genome Res.  2003","PubMed","citation","PMID:12695330 | PMCID:PMC430895","pubmed","12695330","create date:2003/04/16 | first author:Cahill P",
"Association of the ADAM33 gene with asthma and bronchial hyperresponsiveness.","/pubmed/12110844","Van Eerdewegh P, Little RD, Dupuis J, Del Mastro RG, Falls K, Simon J, Torrey D, Pandit S, McKenny J, Braunschweiger K, Walsh A, Liu Z, Hayward B, Folz C, Manning SP, Bawa A, Saracino L, Thackston M, Benchekroun Y, Capparell N, Wang M, Adair R, et al.","Nature. 2002 Jul 25;418(6896):426-30.","Nature.  2002","PubMed","citation","PMID:12110844","pubmed","12110844","create date:2002/07/12 | first author:Van Eerdewegh P",
"A mutation in the LDL receptor-related protein 5 gene results in the autosomal dominant high-bone-mass trait.","/pubmed/11741193","Little RD, Carulli JP, Del Mastro RG, Dupuis J, Osborne M, Folz C, Manning SP, Swain PM, Zhao SC, Eustace B, Lappe MM, Spitzer L, Zweier S, Braunschweiger K, Benchekroun Y, Hu X, Adair R, Chee L, FitzGerald MG, Tulig C, Caruso A, Tzellas N, et al.","Am J Hum Genet. 2002 Jan;70(1):11-9.","Am J Hum Genet.  2002","PubMed","citation","PMID:11741193 | PMCID:PMC419982","pubmed","11741193","create date:2001/12/13 | first author:Little RD",
