Title,URL,Description,Details,ShortDetails,Resource,Type,Identifiers,Db,EntrezUID,Properties
"Two novel loci, COBL and SLC10A2, for Alzheimer's disease in African Americans.","/pubmed/27770636","Mez J, Chung J, Jun G, Kriegel J, Bourlas AP, Sherva R, Logue MW, Barnes LL, Bennett DA, Buxbaum JD, Byrd GS, Crane PK, Ertekin-Taner N, Evans D, Fallin MD, Foroud T, Goate A, Graff-Radford NR, Hall KS, Kamboh MI, Kukull WA, Larson EB, et al.","Alzheimers Dement. 2016 Oct 19. pii: S1552-5260(16)32931-4. doi: 10.1016/j.jalz.2016.09.002.","Alzheimers Dement.  2016","PubMed","citation","PMID:27770636","pubmed","27770636","create date:2016/10/23 | first author:Mez J",
"GWAS analysis of handgrip and lower body strength in older adults in the CHARGE consortium.","/pubmed/27325353","Matteini AM, Tanaka T, Karasik D, Atzmon G, Chou WC, Eicher JD, Johnson AD, Arnold AM, Callisaya ML, Davies G, Evans DS, Holtfreter B, Lohman K, Lunetta KL, Mangino M, Smith AV, Smith JA, Teumer A, Yu L, Arking DE, Buchman AS, Chibinik LB, et al.","Aging Cell. 2016 Oct;15(5):792-800. doi: 10.1111/acel.12468.","Aging Cell.  2016","PubMed","citation","PMID:27325353 | PMCID:PMC5013019","pubmed","27325353","create date:2016/06/22 | first author:Matteini AM",
"Genetic variations in the Hippo signaling pathway and breast cancer risk in African American women in the AMBER Consortium.","/pubmed/27485598","Zhang J, Yao S, Hu Q, Zhu Q, Liu S, Lunetta KL, Haddad SA, Yang N, Shen H, Hong CC, Sucheston-Campbell L, Ruiz-Narvaez EA, Bensen JT, Troester MA, Bandera EV, Rosenberg L, Haiman CA, Olshan AF, Palmer JR, Ambrosone CB.","Carcinogenesis. 2016 Oct;37(10):951-6. doi: 10.1093/carcin/bgw077.","Carcinogenesis.  2016","PubMed","citation","PMID:27485598 | PMCID:PMC5035397","pubmed","27485598","create date:2016/08/04 | first author:Zhang J",
"DNA methylation-based measures of biological age: meta-analysis predicting time to death.","/pubmed/27690265","Chen BH, Marioni RE, Colicino E, Peters MJ, Ward-Caviness CK, Tsai PC, Roetker NS, Just AC, Demerath EW, Guan W, Bressler J, Fornage M, Studenski S, Vandiver AR, Moore AZ, Tanaka T, Kiel DP, Liang L, Vokonas P, Schwartz J, Lunetta KL, Murabito JM, et al.","Aging (Albany NY). 2016 Sep 28;8(9):1844-1865. doi: 10.18632/aging.101020.","Aging (Albany NY).  2016","PubMed","citation","PMID:27690265","pubmed","27690265","create date:2016/10/01 | first author:Chen BH",
"Admixture Mapping of African-American Women in the AMBER Consortium Identifies New Loci for Breast Cancer and Estrogen-Receptor Subtypes.","/pubmed/27708667","Ruiz-Narváez EA, Sucheston-Campbell L, Bensen JT, Yao S, Haddad S, Haiman CA, Bandera EV, John EM, Bernstein L, Hu JJ, Ziegler RG, Deming SL, Olshan AF, Ambrosone CB, Palmer JR, Lunetta KL.","Front Genet. 2016 Sep 21;7:170.","Front Genet.  2016","PubMed","citation","PMID:27708667","pubmed","27708667","create date:2016/10/07 | first author:Ruiz-Narváez EA",
"Genome-wide Association Studies in Women of African Ancestry Identified 3q26.21 as a Novel Susceptibility Locus for Estrogen Receptor Negative Breast Cancer.","/pubmed/27594435","Huo D, Feng Y, Haddad S, Zheng Y, Yao S, Han YJ, Ogundiran TO, Adebamowo C, Ojengbede O, Falusi AG, Zheng W, Blot W, Cai Q, Signorello L, John EM, Bernstein L, Hu JJ, Ziegler RG, Nyante S, Bandera EV, Ingles SA, Press MF, et al.","Hum Mol Genet. 2016 Sep 4. pii: ddw305.","Hum Mol Genet.  2016","PubMed","citation","PMID:27594435","pubmed","27594435","create date:2016/09/07 | first author:Huo D",
"Whole Exome Sequencing in Atrial Fibrillation.","/pubmed/27589061","Lubitz SA, Brody JA, Bihlmeyer NA, Roselli C, Weng LC, Christophersen IE, Alonso A, Boerwinkle E, Gibbs RA, Bis JC; NHLBI GO Exome Sequencing Project., Cupples LA, Mohler PJ, Nickerson DA, Muzny D, Perez MV, Psaty BM, Soliman EZ, Sotoodehnia N, Lunetta KL, Benjamin EJ, Heckbert SR, et al.","PLoS Genet. 2016 Sep 2;12(9):e1006284. doi: 10.1371/journal.pgen.1006284.","PLoS Genet.  2016","PubMed","citation","PMID:27589061 | PMCID:PMC5010214","pubmed","27589061","create date:2016/09/03 | first author:Lubitz SA",
"An exome-wide analysis of low frequency and rare variants in relation to risk of breast cancer in African American Women: the AMBER Consortium.","/pubmed/27267999","Haddad SA, Ruiz-Narváez EA, Haiman CA, Sucheston-Campbell LE, Bensen JT, Zhu Q, Liu S, Yao S, Bandera EV, Rosenberg L, Olshan AF, Ambrosone CB, Palmer JR, Lunetta KL.","Carcinogenesis. 2016 Sep;37(9):870-7. doi: 10.1093/carcin/bgw067.","Carcinogenesis.  2016","PubMed","citation","PMID:27267999 | PMCID:PMC5008246","pubmed","27267999","create date:2016/06/09 | first author:Haddad SA",
"Somatic, positive and negative domains of the Center for Epidemiological Studies Depression (CES-D) scale: a meta-analysis of genome-wide association studies.","/pubmed/26997408","Demirkan A, Lahti J, Direk N, Viktorin A, Lunetta KL, Terracciano A, Nalls MA, Tanaka T, Hek K, Fornage M, Wellmann J, Cornelis MC, Ollila HM, Yu L, Smith JA, Pilling LC, Isaacs A, Palotie A, Zhuang WV, Zonderman A, Faul JD, Sutin A, et al.","Psychol Med. 2016 Jun;46(8):1613-23. doi: 10.1017/S0033291715002081.","Psychol Med.  2016","PubMed","citation","PMID:26997408","pubmed","26997408","create date:2016/03/22 | first author:Demirkan A",
"Evaluation of a Two-Stage Approach in Trans-Ethnic Meta-Analysis in Genome-Wide Association Studies.","/pubmed/27061095","Hong J, Lunetta KL, Cupples LA, Dupuis J, Liu CT.","Genet Epidemiol. 2016 May;40(4):284-92. doi: 10.1002/gepi.21963.","Genet Epidemiol.  2016","PubMed","citation","PMID:27061095 | PMCID:PMC4833581","pubmed","27061095","create date:2016/04/12 | first author:Hong J",
"Genetic variations in vitamin D-related pathways and breast cancer risk in African American women in the AMBER consortium.","/pubmed/26650177","Yao S, Haddad SA, Hu Q, Liu S, Lunetta KL, Ruiz-Narvaez EA, Hong CC, Zhu Q, Sucheston-Campbell L, Cheng TY, Bensen JT, Johnson CS, Trump DL, Haiman CA, Olshan AF, Palmer JR, Ambrosone CB.","Int J Cancer. 2016 May 1;138(9):2118-26. doi: 10.1002/ijc.29954.","Int J Cancer.  2016","PubMed","citation","PMID:26650177","pubmed","26650177","create date:2015/12/10 | first author:Yao S",
"Association of an Index of Healthy Aging With Incident Cardiovascular Disease and Mortality in a Community-Based Sample of Older Adults.","/pubmed/27117172","McCabe EL, Larson MG, Lunetta KL, Newman AB, Cheng S, Murabito JM.","J Gerontol A Biol Sci Med Sci. 2016 Apr 26. pii: glw077.","J Gerontol A Biol Sci Med Sci.  2016","PubMed","citation","PMID:27117172","pubmed","27117172","create date:2016/04/28 | first author:McCabe EL",
"Global and local ancestry in African-Americans: Implications for Alzheimer's disease risk.","/pubmed/26092349","Hohman TJ, Cooke-Bailey JN, Reitz C, Jun G, Naj A, Beecham GW, Liu Z, Carney RM, Vance JM, Cuccaro ML, Rajbhandary R, Vardarajan BN, Wang LS, Valladares O, Lin CF, Larson EB, Graff-Radford NR, Evans D, De Jager PL, Crane PK, Buxbaum JD, Murrell JR, et al.","Alzheimers Dement. 2016 Mar;12(3):233-43. doi: 10.1016/j.jalz.2015.02.012.","Alzheimers Dement.  2016","PubMed","citation","PMID:26092349 | PMCID:PMC4681680","pubmed","26092349","create date:2015/06/21 | first author:Hohman TJ",
"Family History of Cancer in Relation to Breast Cancer Subtypes in African American Women.","/pubmed/26721669","Bethea TN, Rosenberg L, Castro-Webb N, Lunetta KL, Sucheston-Campbell LE, Ruiz-Narváez EA, Charlot M, Park SY, Bandera EV, Troester MA, Ambrosone CB, Palmer JR.","Cancer Epidemiol Biomarkers Prev. 2016 Feb;25(2):366-73. doi: 10.1158/1055-9965.EPI-15-1068.","Cancer Epidemiol Biomarkers Prev.  2016","PubMed","citation","PMID:26721669 | PMCID:PMC4767636","pubmed","26721669","create date:2016/01/02 | first author:Bethea TN",
"Gene-based analysis of the fibroblast growth factor receptor signaling pathway in relation to breast cancer in African American women: the AMBER consortium.","/pubmed/26743380","Ruiz-Narváez EA, Haddad SA, Lunetta KL, Yao S, Bensen JT, Sucheston-Campbell LE, Hong CC, Haiman CA, Olshan AF, Ambrosone CB, Palmer JR.","Breast Cancer Res Treat. 2016 Jan;155(2):355-63. doi: 10.1007/s10549-015-3672-0.","Breast Cancer Res Treat.  2016","PubMed","citation","PMID:26743380 | PMCID:PMC4890604","pubmed","26743380","create date:2016/01/09 | first author:Ruiz-Narváez EA",
"Genetic variants in the mTOR pathway and breast cancer risk in African American women.","/pubmed/26577839","Cheng TY, Ambrosone CB, Hong CC, Lunetta KL, Liu S, Hu Q, Yao S, Sucheston-Campbell L, Bandera EV, Ruiz-Narváez EA, Haddad S, Troester MA, Haiman CA, Bensen JT, Olshan AF, Palmer JR, Rosenberg L.","Carcinogenesis. 2016 Jan;37(1):49-55. doi: 10.1093/carcin/bgv160.","Carcinogenesis.  2016","PubMed","citation","PMID:26577839 | PMCID:PMC5006112","pubmed","26577839","create date:2015/11/19 | first author:Cheng TY",
"Phenotypically Enriched Genotypic Imputation in Genetic Association Tests.","/pubmed/27576319","Zhuang WV, Murabito JM, Lunetta KL.","Hum Hered. 2016;81(1):35-45.","Hum Hered.  2016","PubMed","citation","PMID:27576319","pubmed","27576319","create date:2016/10/19 | first author:Zhuang WV",
"A novel Alzheimer disease locus located near the gene encoding tau protein.","/pubmed/25778476","Jun G, Ibrahim-Verbaas CA, Vronskaya M, Lambert JC, Chung J, Naj AC, Kunkle BW, Wang LS, Bis JC, Bellenguez C, Harold D, Lunetta KL, Destefano AL, Grenier-Boley B, Sims R, Beecham GW, Smith AV, Chouraki V, Hamilton-Nelson KL, Ikram MA, Fievet N, Denning N, et al.","Mol Psychiatry. 2016 Jan;21(1):108-17. doi: 10.1038/mp.2015.23.","Mol Psychiatry.  2016","PubMed","citation","PMID:25778476 | PMCID:PMC4573764","pubmed","25778476","create date:2015/03/18 | first author:Jun G",
"Corrigendum: Rare coding variants and X-linked loci associated with age at menarche.","/pubmed/26674845","Lunetta KL, Day FR, Sulem P, Ruth KS, Tung JY, Hinds DA, Esko T, Elks CE, Altmaier E, He C, Huffman JE, Mihailov E, Porcu E, Robino A, Rose LM, Schick UM, Stolk L, Teumer A, Thompson DJ, Traglia M, Wang CA, Yerges-Armstrong LM, et al.","Nat Commun. 2015 Dec 17;6:10257. doi: 10.1038/ncomms10257. No abstract available. ","Nat Commun.  2015","PubMed","citation","PMID:26674845 | PMCID:PMC4703878","pubmed","26674845","create date:2015/12/18 | first author:Lunetta KL",
"Hormone-related pathways and risk of breast cancer subtypes in African American women.","/pubmed/26458823","Haddad SA, Lunetta KL, Ruiz-Narváez EA, Bensen JT, Hong CC, Sucheston-Campbell LE, Yao S, Bandera EV, Rosenberg L, Haiman CA, Troester MA, Ambrosone CB, Palmer JR.","Breast Cancer Res Treat. 2015 Nov;154(1):145-54. doi: 10.1007/s10549-015-3594-x.","Breast Cancer Res Treat.  2015","PubMed","citation","PMID:26458823","pubmed","26458823","create date:2015/10/16 | first author:Haddad SA",
"Association of Long Runs of Homozygosity With Alzheimer Disease Among African American Individuals.","/pubmed/26366463","Ghani M, Reitz C, Cheng R, Vardarajan BN, Jun G, Sato C, Naj A, Rajbhandary R, Wang LS, Valladares O, Lin CF, Larson EB, Graff-Radford NR, Evans D, De Jager PL, Crane PK, Buxbaum JD, Murrell JR, Raj T, Ertekin-Taner N, Logue M, Baldwin CT, et al.","JAMA Neurol. 2015 Nov;72(11):1313-23. doi: 10.1001/jamaneurol.2015.1700.","JAMA Neurol.  2015","PubMed","citation","PMID:26366463 | PMCID:PMC4641052","pubmed","26366463","create date:2015/09/15 | first author:Ghani M",
"Large-scale genomic analyses link reproductive aging to hypothalamic signaling, breast cancer susceptibility and BRCA1-mediated DNA repair.","/pubmed/26414677","Day FR, Ruth KS, Thompson DJ, Lunetta KL, Pervjakova N, Chasman DI, Stolk L, Finucane HK, Sulem P, Bulik-Sullivan B, Esko T, Johnson AD, Elks CE, Franceschini N, He C, Altmaier E, Brody JA, Franke LL, Huffman JE, Keller MF, McArdle PF, Nutile T, et al.","Nat Genet. 2015 Nov;47(11):1294-303. doi: 10.1038/ng.3412.","Nat Genet.  2015","PubMed","citation","PMID:26414677 | PMCID:PMC4661791","pubmed","26414677","create date:2015/09/29 | first author:Day FR",
"Gene expression markers of age-related inflammation in two human cohorts.","/pubmed/26087330","Pilling LC, Joehanes R, Melzer D, Harries LW, Henley W, Dupuis J, Lin H, Mitchell M, Hernandez D, Ying SX, Lunetta KL, Benjamin EJ, Singleton A, Levy D, Munson P, Murabito JM, Ferrucci L.","Exp Gerontol. 2015 Oct;70:37-45. doi: 10.1016/j.exger.2015.05.012.","Exp Gerontol.  2015","PubMed","citation","PMID:26087330 | PMCID:PMC4600657","pubmed","26087330","create date:2015/06/19 | first author:Pilling LC",
"Rare coding variants and X-linked loci associated with age at menarche.","/pubmed/26239645","Lunetta KL, Day FR, Sulem P, Ruth KS, Tung JY, Hinds DA, Esko T, Elks CE, Altmaier E, He C, Huffman JE, Mihailov E, Porcu E, Robino A, Rose LM, Schick UM, Stolk L, Teumer A, Thompson DJ, Traglia M, Wang CA, Yerges-Armstrong LM, et al.","Nat Commun. 2015 Aug 4;6:7756. doi: 10.1038/ncomms8756. Erratum in: Nat Commun. 2015;6:10257. ","Nat Commun.  2015","PubMed","citation","PMID:26239645 | PMCID:PMC4538850","pubmed","26239645","create date:2015/08/05 | first author:Lunetta KL",
"Genome-Wide Association Study and Linkage Analysis of the Healthy Aging Index.","/pubmed/25758594","Minster RL, Sanders JL, Singh J, Kammerer CM, Barmada MM, Matteini AM, Zhang Q, Wojczynski MK, Daw EW, Brody JA, Arnold AM, Lunetta KL, Murabito JM, Christensen K, Perls TT, Province MA, Newman AB.","J Gerontol A Biol Sci Med Sci. 2015 Aug;70(8):1003-8. doi: 10.1093/gerona/glv006.","J Gerontol A Biol Sci Med Sci.  2015","PubMed","citation","PMID:25758594 | PMCID:PMC4506316","pubmed","25758594","create date:2015/03/12 | first author:Minster RL",
"Protective variant for hippocampal atrophy identified by whole exome sequencing.","/pubmed/25559091","Nho K, Kim S, Risacher SL, Shen L, Corneveaux JJ, Swaminathan S, Lin H, Ramanan VK, Liu Y, Foroud TM, Inlow MH, Siniard AL, Reiman RA, Aisen PS, Petersen RC, Green RC, Jack CR Jr, Weiner MW, Baldwin CT, Lunetta KL, Farrer LA; MIRAGE (Multi-Institutional Research on Alzheimer Genetic Epidemiology) Study., et al.","Ann Neurol. 2015 Mar;77(3):547-52. doi: 10.1002/ana.24349.","Ann Neurol.  2015","PubMed","citation","PMID:25559091 | PMCID:PMC4387567","pubmed","25559091","create date:2015/01/07 | first author:Nho K",
"A case-control analysis of oral contraceptive use and breast cancer subtypes in the African American Breast Cancer Epidemiology and Risk Consortium.","/pubmed/25849024","Bethea TN, Rosenberg L, Hong CC, Troester MA, Lunetta KL, Bandera EV, Schedin P, Kolonel LN, Olshan AF, Ambrosone CB, Palmer JR.","Breast Cancer Res. 2015 Feb 21;17:22. doi: 10.1186/s13058-015-0535-x.","Breast Cancer Res.  2015","PubMed","citation","PMID:25849024 | PMCID:PMC4358874","pubmed","25849024","create date:2015/04/08 | first author:Bethea TN",
"Rarity of the Alzheimer disease-protective APP A673T variant in the United States.","/pubmed/25531812","Wang LS, Naj AC, Graham RR, Crane PK, Kunkle BW, Cruchaga C, Murcia JD, Cannon-Albright L, Baldwin CT, Zetterberg H, Blennow K, Kukull WA, Faber KM, Schupf N, Norton MC, Tschanz JT, Munger RG, Corcoran CD, Rogaeva E; Alzheimer's Disease Genetics Consortium., Lin CF, Dombroski BA, et al.","JAMA Neurol. 2015 Feb;72(2):209-16. doi: 10.1001/jamaneurol.2014.2157.","JAMA Neurol.  2015","PubMed","citation","PMID:25531812 | PMCID:PMC4324097","pubmed","25531812","create date:2014/12/23 | first author:Wang LS",
"DNA methylation age of blood predicts all-cause mortality in later life.","/pubmed/25633388","Marioni RE, Shah S, McRae AF, Chen BH, Colicino E, Harris SE, Gibson J, Henders AK, Redmond P, Cox SR, Pattie A, Corley J, Murphy L, Martin NG, Montgomery GW, Feinberg AP, Fallin MD, Multhaup ML, Jaffe AE, Joehanes R, Schwartz J, Just AC, et al.","Genome Biol. 2015 Jan 30;16:25. doi: 10.1186/s13059-015-0584-6.","Genome Biol.  2015","PubMed","citation","PMID:25633388 | PMCID:PMC4350614","pubmed","25633388","create date:2015/01/31 | first author:Marioni RE",
"GWAS of longevity in CHARGE consortium confirms APOE and FOXO3 candidacy.","/pubmed/25199915","Broer L, Buchman AS, Deelen J, Evans DS, Faul JD, Lunetta KL, Sebastiani P, Smith JA, Smith AV, Tanaka T, Yu L, Arnold AM, Aspelund T, Benjamin EJ, De Jager PL, Eirkisdottir G, Evans DA, Garcia ME, Hofman A, Kaplan RC, Kardia SL, Kiel DP, et al.","J Gerontol A Biol Sci Med Sci. 2015 Jan;70(1):110-8. doi: 10.1093/gerona/glu166.","J Gerontol A Biol Sci Med Sci.  2015","PubMed","citation","PMID:25199915 | PMCID:PMC4296168","pubmed","25199915","create date:2014/09/10 | first author:Broer L",
"Genetic diversity is a predictor of mortality in humans.","/pubmed/25543667","Bihlmeyer NA, Brody JA, Smith AV, Lunetta KL, Nalls M, Smith JA, Tanaka T, Davies G, Yu L, Mirza SS, Teumer A, Coresh J, Pankow JS, Franceschini N, Scaria A, Oshima J, Psaty BM, Gudnason V, Eiriksdottir G, Harris TB, Li H, Karasik D, et al.","BMC Genet. 2014 Dec 29;15:159. doi: 10.1186/s12863-014-0159-7.","BMC Genet.  2014","PubMed","citation","PMID:25543667 | PMCID:PMC4301661","pubmed","25543667","create date:2014/12/30 | first author:Bihlmeyer NA",
"Genome-wide association study of L-arginine and dimethylarginines reveals novel metabolic pathway for symmetric dimethylarginine.","/pubmed/25245031","Lüneburg N, Lieb W, Zeller T, Chen MH, Maas R, Carter AM, Xanthakis V, Glazer NL, Schwedhelm E, Seshadri S, Ikram MA, Longstreth WT Jr, Fornage M, König IR, Loley C, Ojeda FM, Schillert A, Wang TJ, Sticht H, Kittel A, König J, Benjamin EJ, et al.","Circ Cardiovasc Genet. 2014 Dec;7(6):864-72. doi: 10.1161/CIRCGENETICS.113.000264.","Circ Cardiovasc Genet.  2014","PubMed","citation","PMID:25245031 | PMCID:PMC4797637","pubmed","25245031","create date:2014/09/24 | first author:Lüneburg N",
"Whole blood gene expression and interleukin-6 levels.","/pubmed/25311648","Lin H, Joehanes R, Pilling LC, Dupuis J, Lunetta KL, Ying SX, Benjamin EJ, Hernandez D, Singleton A, Melzer D, Munson PJ, Levy D, Ferrucci L, Murabito JM.","Genomics. 2014 Dec;104(6 Pt B):490-5. doi: 10.1016/j.ygeno.2014.10.003.","Genomics.  2014","PubMed","citation","PMID:25311648 | PMCID:PMC4262595","pubmed","25311648","create date:2014/10/15 | first author:Lin H",
"Effects of multiple genetic loci on age at onset in late-onset Alzheimer disease: a genome-wide association study.","/pubmed/25199842","Naj AC, Jun G, Reitz C, Kunkle BW, Perry W, Park YS, Beecham GW, Rajbhandary RA, Hamilton-Nelson KL, Wang LS, Kauwe JS, Huentelman MJ, Myers AJ, Bird TD, Boeve BF, Baldwin CT, Jarvik GP, Crane PK, Rogaeva E, Barmada MM, Demirci FY, Cruchaga C, et al.","JAMA Neurol. 2014 Nov;71(11):1394-404. doi: 10.1001/jamaneurol.2014.1491. Erratum in: JAMA Neurol. 2014 Nov;71(11):1457. ","JAMA Neurol.  2014","PubMed","citation","PMID:25199842 | PMCID:PMC4314944","pubmed","25199842","create date:2014/09/10 | first author:Naj AC",
"Integrating genetic, transcriptional, and functional analyses to identify 5 novel genes for atrial fibrillation.","/pubmed/25124494","Sinner MF, Tucker NR, Lunetta KL, Ozaki K, Smith JG, Trompet S, Bis JC, Lin H, Chung MK, Nielsen JB, Lubitz SA, Krijthe BP, Magnani JW, Ye J, Gollob MH, Tsunoda T, Müller-Nurasyid M, Lichtner P, Peters A, Dolmatova E, Kubo M, Smith JD, et al.","Circulation. 2014 Oct 7;130(15):1225-35. doi: 10.1161/CIRCULATIONAHA.114.009892.","Circulation.  2014","PubMed","citation","PMID:25124494 | PMCID:PMC4190011","pubmed","25124494","create date:2014/08/16 | first author:Sinner MF",
"Parent-of-origin-specific allelic associations among 106 genomic loci for age at menarche.","/pubmed/25231870","Perry JR, Day F, Elks CE, Sulem P, Thompson DJ, Ferreira T, He C, Chasman DI, Esko T, Thorleifsson G, Albrecht E, Ang WQ, Corre T, Cousminer DL, Feenstra B, Franceschini N, Ganna A, Johnson AD, Kjellqvist S, Lunetta KL, McMahon G, Nolte IM, et al.","Nature. 2014 Oct 2;514(7520):92-7. doi: 10.1038/nature13545.","Nature.  2014","PubMed","citation","PMID:25231870 | PMCID:PMC4185210","pubmed","25231870","create date:2014/09/19 | first author:Perry JR",
"PLXNA4 is associated with Alzheimer disease and modulates tau phosphorylation.","/pubmed/25043464","Jun G, Asai H, Zeldich E, Drapeau E, Chen C, Chung J, Park JH, Kim S, Haroutunian V, Foroud T, Kuwano R, Haines JL, Pericak-Vance MA, Schellenberg GD, Lunetta KL, Kim JW, Buxbaum JD, Mayeux R, Ikezu T, Abraham CR, Farrer LA.","Ann Neurol. 2014 Sep;76(3):379-92. doi: 10.1002/ana.24219.","Ann Neurol.  2014","PubMed","citation","PMID:25043464 | PMCID:PMC4830273","pubmed","25043464","create date:2014/07/22 | first author:Jun G",
"Gene-wide analysis detects two new susceptibility genes for Alzheimer's disease.","/pubmed/24922517","Escott-Price V, Bellenguez C, Wang LS, Choi SH, Harold D, Jones L, Holmans P, Gerrish A, Vedernikov A, Richards A, DeStefano AL, Lambert JC, Ibrahim-Verbaas CA, Naj AC, Sims R, Jun G, Bis JC, Beecham GW, Grenier-Boley B, Russo G, Thornton-Wells TA, Denning N, et al.","PLoS One. 2014 Jun 12;9(6):e94661. doi: 10.1371/journal.pone.0094661.","PLoS One.  2014","PubMed","citation","PMID:24922517 | PMCID:PMC4055488","pubmed","24922517","create date:2014/06/13 | first author:Escott-Price V",
"Strategies to design and analyze targeted sequencing data: cohorts for Heart and Aging Research in Genomic Epidemiology (CHARGE) Consortium Targeted Sequencing Study.","/pubmed/24951659","Lin H, Wang M, Brody JA, Bis JC, Dupuis J, Lumley T, McKnight B, Rice KM, Sitlani CM, Reid JG, Bressler J, Liu X, Davis BC, Johnson AD, O'Donnell CJ, Kovar CL, Dinh H, Wu Y, Newsham I, Chen H, Broka A, DeStefano AL, et al.","Circ Cardiovasc Genet. 2014 Jun;7(3):335-43. doi: 10.1161/CIRCGENETICS.113.000350.","Circ Cardiovasc Genet.  2014","PubMed","citation","PMID:24951659 | PMCID:PMC4176824","pubmed","24951659","create date:2014/06/22 | first author:Lin H",
"A novel trafficking-defective HCN4 mutation is associated with early-onset atrial fibrillation.","/pubmed/24607718","Macri V, Mahida SN, Zhang ML, Sinner MF, Dolmatova EV, Tucker NR, McLellan M, Shea MA, Milan DJ, Lunetta KL, Benjamin EJ, Ellinor PT.","Heart Rhythm. 2014 Jun;11(6):1055-62. doi: 10.1016/j.hrthm.2014.03.002.","Heart Rhythm.  2014","PubMed","citation","PMID:24607718 | PMCID:PMC4130372","pubmed","24607718","create date:2014/03/13 | first author:Macri V",
"Search for age-related macular degeneration risk variants in Alzheimer disease genes and pathways.","/pubmed/24439028","Logue MW, Schu M, Vardarajan BN, Farrell J, Lunetta KL, Jun G, Baldwin CT, Deangelis MM, Farrer LA.","Neurobiol Aging. 2014 Jun;35(6):1510.e7-18. doi: 10.1016/j.neurobiolaging.2013.12.007.","Neurobiol Aging.  2014","PubMed","citation","PMID:24439028 | PMCID:PMC3961547","pubmed","24439028","create date:2014/01/21 | first author:Logue MW",
"Whole blood gene expression and atrial fibrillation: the Framingham Heart Study.","/pubmed/24805109","Lin H, Yin X, Lunetta KL, Dupuis J, McManus DD, Lubitz SA, Magnani JW, Joehanes R, Munson PJ, Larson MG, Levy D, Ellinor PT, Benjamin EJ.","PLoS One. 2014 May 7;9(5):e96794. doi: 10.1371/journal.pone.0096794.","PLoS One.  2014","PubMed","citation","PMID:24805109 | PMCID:PMC4013062","pubmed","24805109","create date:2014/05/09 | first author:Lin H",
"Sex- and age-interacting eQTLs in human complex diseases.","/pubmed/24242183","Yao C, Joehanes R, Johnson AD, Huan T, Esko T, Ying S, Freedman JE, Murabito J, Lunetta KL, Metspalu A, Munson PJ, Levy D.","Hum Mol Genet. 2014 Apr 1;23(7):1947-56. doi: 10.1093/hmg/ddt582.","Hum Mol Genet.  2014","PubMed","citation","PMID:24242183 | PMCID:PMC3943525","pubmed","24242183","create date:2013/11/19 | first author:Yao C",
"Novel genetic markers associate with atrial fibrillation risk in Europeans and Japanese.","/pubmed/24486271","Lubitz SA, Lunetta KL, Lin H, Arking DE, Trompet S, Li G, Krijthe BP, Chasman DI, Barnard J, Kleber ME, Dörr M, Ozaki K, Smith AV, Müller-Nurasyid M, Walter S, Agarwal SK, Bis JC, Brody JA, Chen LY, Everett BM, Ford I, Franco OH, et al.","J Am Coll Cardiol. 2014 Apr 1;63(12):1200-10. doi: 10.1016/j.jacc.2013.12.015.","J Am Coll Cardiol.  2014","PubMed","citation","PMID:24486271 | PMCID:PMC4009240","pubmed","24486271","create date:2014/02/04 | first author:Lubitz SA",
"Correction for multiple testing in a gene region.","/pubmed/23838599","Hendricks AE, Dupuis J, Logue MW, Myers RH, Lunetta KL.","Eur J Hum Genet. 2014 Mar;22(3):414-8. doi: 10.1038/ejhg.2013.144.","Eur J Hum Genet.  2014","PubMed","citation","PMID:23838599 | PMCID:PMC3925272","pubmed","23838599","create date:2013/07/11 | first author:Hendricks AE",
"Targeted sequencing in candidate genes for atrial fibrillation: the Cohorts for Heart and Aging Research in Genomic Epidemiology (CHARGE) Targeted Sequencing Study.","/pubmed/24239840","Lin H, Sinner MF, Brody JA, Arking DE, Lunetta KL, Rienstra M, Lubitz SA, Magnani JW, Sotoodehnia N, McKnight B, McManus DD, Boerwinkle E, Psaty BM, Rotter JI, Bis JC, Gibbs RA, Muzny D, Kovar CL, Morrison AC, Gupta M, Folsom AR, Kääb S, et al.","Heart Rhythm. 2014 Mar;11(3):452-7. doi: 10.1016/j.hrthm.2013.11.012.","Heart Rhythm.  2014","PubMed","citation","PMID:24239840 | PMCID:PMC3943920","pubmed","24239840","create date:2013/11/19 | first author:Lin H",
"The heritability of circulating testosterone, oestradiol, oestrone and sex hormone binding globulin concentrations in men: the Framingham Heart Study.","/pubmed/23746309","Travison TG, Zhuang WV, Lunetta KL, Karasik D, Bhasin S, Kiel DP, Coviello AD, Murabito JM.","Clin Endocrinol (Oxf). 2014 Feb;80(2):277-82. doi: 10.1111/cen.12260.","Clin Endocrinol (Oxf).  2014","PubMed","citation","PMID:23746309 | PMCID:PMC3825765","pubmed","23746309","create date:2013/06/12 | first author:Travison TG",
"Gene expression and genetic variation in human atria.","/pubmed/24177373","Lin H, Dolmatova EV, Morley MP, Lunetta KL, McManus DD, Magnani JW, Margulies KB, Hakonarson H, del Monte F, Benjamin EJ, Cappola TP, Ellinor PT.","Heart Rhythm. 2014 Feb;11(2):266-71. doi: 10.1016/j.hrthm.2013.10.051.","Heart Rhythm.  2014","PubMed","citation","PMID:24177373 | PMCID:PMC3946863","pubmed","24177373","create date:2013/11/02 | first author:Lin H",
"Meta-analysis of 74,046 individuals identifies 11 new susceptibility loci for Alzheimer's disease.","/pubmed/24162737","Lambert JC, Ibrahim-Verbaas CA, Harold D, Naj AC, Sims R, Bellenguez C, DeStafano AL, Bis JC, Beecham GW, Grenier-Boley B, Russo G, Thorton-Wells TA, Jones N, Smith AV, Chouraki V, Thomas C, Ikram MA, Zelenika D, Vardarajan BN, Kamatani Y, Lin CF, Gerrish A, et al.","Nat Genet. 2013 Dec;45(12):1452-8. doi: 10.1038/ng.2802.","Nat Genet.  2013","PubMed","citation","PMID:24162737 | PMCID:PMC3896259","pubmed","24162737","create date:2013/10/29 | first author:Lambert JC",
"Incremental value of rare genetic variants for the prediction of multifactorial diseases.","/pubmed/23961719","Mihaescu R, Pencina MJ, Alonso A, Lunetta KL, Heckbert SR, Benjamin EJ, Janssens AC.","Genome Med. 2013 Aug 20;5(8):76. doi: 10.1186/gm480.","Genome Med.  2013","PubMed","citation","PMID:23961719 | PMCID:PMC3971349","pubmed","23961719","create date:2013/08/22 | first author:Mihaescu R",
Title,URL,Description,Details,ShortDetails,Resource,Type,Identifiers,Db,EntrezUID,Properties
"Association of heat shock proteins with all-cause mortality.","/pubmed/22555621","Broer L, Demerath EW, Garcia ME, Homuth G, Kaplan RC, Lunetta KL, Tanaka T, Tranah GJ, Walter S, Arnold AM, Atzmon G, Harris TB, Hoffmann W, Karasik D, Kiel DP, Kocher T, Launer LJ, Lohman KK, Rotter JI, Tiemeier H, Uitterlinden AG, Wallaschofski H, et al.","Age (Dordr). 2013 Aug;35(4):1367-76. doi: 10.1007/s11357-012-9417-7.","Age (Dordr).  2013","PubMed","citation","PMID:22555621 | PMCID:PMC3705092","pubmed","22555621","create date:2012/05/05 | first author:Broer L",
"Association of adiposity genetic variants with menarche timing in 92,105 women of European descent.","/pubmed/23558354","Fernández-Rhodes L, Demerath EW, Cousminer DL, Tao R, Dreyfus JG, Esko T, Smith AV, Gudnason V, Harris TB, Launer L, McArdle PF, Yerges-Armstrong LM, Elks CE, Strachan DP, Kutalik Z, Vollenweider P, Feenstra B, Boyd HA, Metspalu A, Mihailov E, Broer L, Zillikens MC, et al.","Am J Epidemiol. 2013 Aug 1;178(3):451-60. doi: 10.1093/aje/kws473.","Am J Epidemiol.  2013","PubMed","citation","PMID:23558354 | PMCID:PMC3816344","pubmed","23558354","create date:2013/04/06 | first author:Fernández-Rhodes L",
"APOE genotype and MRI markers of cerebrovascular disease: systematic review and meta-analysis.","/pubmed/23858411","Schilling S, DeStefano AL, Sachdev PS, Choi SH, Mather KA, DeCarli CD, Wen W, Høgh P, Raz N, Au R, Beiser A, Wolf PA, Romero JR, Zhu YC, Lunetta KL, Farrer L, Dufouil C, Kuller LH, Mazoyer B, Seshadri S, Tzourio C, Debette S.","Neurology. 2013 Jul 16;81(3):292-300. doi: 10.1212/WNL.0b013e31829bfda4. Review.","Neurology.  2013","PubMed","citation","PMID:23858411 | PMCID:PMC3770168","pubmed","23858411","create date:2013/07/17 | first author:Schilling S",
"Identification of heart rate-associated loci and their effects on cardiac conduction and rhythm disorders.","/pubmed/23583979","den Hoed M, Eijgelsheim M, Esko T, Brundel BJ, Peal DS, Evans DM, Nolte IM, Segrè AV, Holm H, Handsaker RE, Westra HJ, Johnson T, Isaacs A, Yang J, Lundby A, Zhao JH, Kim YJ, Go MJ, Almgren P, Bochud M, Boucher G, Cornelis MC, et al.","Nat Genet. 2013 Jun;45(6):621-31. doi: 10.1038/ng.2610.","Nat Genet.  2013","PubMed","citation","PMID:23583979 | PMCID:PMC3696959","pubmed","23583979","create date:2013/04/16 | first author:den Hoed M",
"Variants in the ATP-binding cassette transporter (ABCA7), apolipoprotein E ϵ4,and the risk of late-onset Alzheimer disease in African Americans.","/pubmed/23571587","Reitz C, Jun G, Naj A, Rajbhandary R, Vardarajan BN, Wang LS, Valladares O, Lin CF, Larson EB, Graff-Radford NR, Evans D, De Jager PL, Crane PK, Buxbaum JD, Murrell JR, Raj T, Ertekin-Taner N, Logue M, Baldwin CT, Green RC, Barnes LL, Cantwell LB, et al.","JAMA. 2013 Apr 10;309(14):1483-92. doi: 10.1001/jama.2013.2973.","JAMA.  2013","PubMed","citation","PMID:23571587 | PMCID:PMC3667653","pubmed","23571587","create date:2013/04/11 | first author:Reitz C",
"A genome-wide association study of depressive symptoms.","/pubmed/23290196","Hek K, Demirkan A, Lahti J, Terracciano A, Teumer A, Cornelis MC, Amin N, Bakshis E, Baumert J, Ding J, Liu Y, Marciante K, Meirelles O, Nalls MA, Sun YV, Vogelzangs N, Yu L, Bandinelli S, Benjamin EJ, Bennett DA, Boomsma D, Cannas A, et al.","Biol Psychiatry. 2013 Apr 1;73(7):667-78. doi: 10.1016/j.biopsych.2012.09.033.","Biol Psychiatry.  2013","PubMed","citation","PMID:23290196 | PMCID:PMC3845085","pubmed","23290196","create date:2013/01/08 | first author:Hek K",
"A genome-wide association study of early menopause and the combined impact of identified variants.","/pubmed/23307926","Perry JR, Corre T, Esko T, Chasman DI, Fischer K, Franceschini N, He C, Kutalik Z, Mangino M, Rose LM, Vernon Smith A, Stolk L, Sulem P, Weedon MN, Zhuang WV, Arnold A, Ashworth A, Bergmann S, Buring JE, Burri A, Chen C, Cornelis MC, et al.","Hum Mol Genet. 2013 Apr 1;22(7):1465-72. doi: 10.1093/hmg/dds551.","Hum Mol Genet.  2013","PubMed","citation","PMID:23307926 | PMCID:PMC3596848","pubmed","23307926","create date:2013/01/12 | first author:Perry JR",
"Methods for meta-analysis of genetic data.","/pubmed/23595597","Lunetta KL.","Curr Protoc Hum Genet. 2013;Chapter 1:Unit1.24. doi: 10.1002/0471142905.hg0124s77.","Curr Protoc Hum Genet.  2013","PubMed","citation","PMID:23595597","pubmed","23595597","create date:2013/04/19 | first author:Lunetta KL",
"Transferability and fine-mapping of glucose and insulin quantitative trait loci across populations: CARe, the Candidate Gene Association Resource.","/pubmed/22893027","Liu CT, Ng MC, Rybin D, Adeyemo A, Bielinski SJ, Boerwinkle E, Borecki I, Cade B, Chen YD, Djousse L, Fornage M, Goodarzi MO, Grant SF, Guo X, Harris T, Kabagambe E, Kizer JR, Liu Y, Lunetta KL, Mukamal K, Nettleton JA, Pankow JS, et al.","Diabetologia. 2012 Nov;55(11):2970-84. doi: 10.1007/s00125-012-2656-4.","Diabetologia.  2012","PubMed","citation","PMID:22893027 | PMCID:PMC3804308","pubmed","22893027","create date:2012/08/16 | first author:Liu CT",
"Assessment of cortical and striatal involvement in 523 Huntington disease brains.","/pubmed/23035064","Hadzi TC, Hendricks AE, Latourelle JC, Lunetta KL, Cupples LA, Gillis T, Mysore JS, Gusella JF, MacDonald ME, Myers RH, Vonsattel JP.","Neurology. 2012 Oct 16;79(16):1708-15. doi: 10.1212/WNL.0b013e31826e9a5d.","Neurology.  2012","PubMed","citation","PMID:23035064 | PMCID:PMC3468776","pubmed","23035064","create date:2012/10/05 | first author:Hadzi TC",
"Comprehensive search for Alzheimer disease susceptibility loci in the APOE region.","/pubmed/22869155","Jun G, Vardarajan BN, Buros J, Yu CE, Hawk MV, Dombroski BA, Crane PK, Larson EB; Alzheimer's Disease Genetics Consortium., Mayeux R, Haines JL, Lunetta KL, Pericak-Vance MA, Schellenberg GD, Farrer LA.","Arch Neurol. 2012 Oct;69(10):1270-9.","Arch Neurol.  2012","PubMed","citation","PMID:22869155 | PMCID:PMC3579659","pubmed","22869155","create date:2012/08/08 | first author:Jun G",
"Novel late-onset Alzheimer disease loci variants associate with brain gene expression.","/pubmed/22722634","Allen M, Zou F, Chai HS, Younkin CS, Crook J, Pankratz VS, Carrasquillo MM, Rowley CN, Nair AA, Middha S, Maharjan S, Nguyen T, Ma L, Malphrus KG, Palusak R, Lincoln S, Bisceglio G, Georgescu C, Schultz D, Rakhshan F, Kolbert CP, Jen J, et al.","Neurology. 2012 Jul 17;79(3):221-8. doi: 10.1212/WNL.0b013e3182605801.","Neurology.  2012","PubMed","citation","PMID:22722634 | PMCID:PMC3398432","pubmed","22722634","create date:2012/06/23 | first author:Allen M",
"Multiple loci influencing hippocampal degeneration identified by genome scan.","/pubmed/22745009","Melville SA, Buros J, Parrado AR, Vardarajan B, Logue MW, Shen L, Risacher SL, Kim S, Jun G, DeCarli C, Lunetta KL, Baldwin CT, Saykin AJ, Farrer LA; Alzheimer's Disease Neuroimaging Initiative..","Ann Neurol. 2012 Jul;72(1):65-75. doi: 10.1002/ana.23644.","Ann Neurol.  2012","PubMed","citation","PMID:22745009 | PMCID:PMC3405172","pubmed","22745009","create date:2012/06/30 | first author:Melville SA",
"The search for longevity and healthy aging genes: insights from epidemiological studies and samples of long-lived individuals.","/pubmed/22499766","Murabito JM, Yuan R, Lunetta KL.","J Gerontol A Biol Sci Med Sci. 2012 May;67(5):470-9. doi: 10.1093/gerona/gls089. Review.","J Gerontol A Biol Sci Med Sci.  2012","PubMed","citation","PMID:22499766 | PMCID:PMC3326242","pubmed","22499766","create date:2012/04/14 | first author:Murabito JM",
"Serum paraoxonase activity is associated with variants in the PON gene cluster and risk of Alzheimer disease.","/pubmed/20980077","Erlich PM, Lunetta KL, Cupples LA, Abraham CR, Green RC, Baldwin CT, Farrer LA.","Neurobiol Aging. 2012 May;33(5):1015.e7-23. doi: 10.1016/j.neurobiolaging.2010.08.003.","Neurobiol Aging.  2012","PubMed","citation","PMID:20980077 | PMCID:PMC3034817","pubmed","20980077","create date:2010/10/29 | first author:Erlich PM",
"Meta-analysis identifies six new susceptibility loci for atrial fibrillation.","/pubmed/22544366","Ellinor PT, Lunetta KL, Albert CM, Glazer NL, Ritchie MD, Smith AV, Arking DE, Müller-Nurasyid M, Krijthe BP, Lubitz SA, Bis JC, Chung MK, Dörr M, Ozaki K, Roberts JD, Smith JG, Pfeufer A, Sinner MF, Lohman K, Ding J, Smith NL, Smith JD, et al.","Nat Genet. 2012 Apr 29;44(6):670-5. doi: 10.1038/ng.2261.","Nat Genet.  2012","PubMed","citation","PMID:22544366 | PMCID:PMC3366038","pubmed","22544366","create date:2012/05/01 | first author:Ellinor PT",
"Reproductive aging-associated common genetic variants and the risk of breast cancer.","/pubmed/22433456","He C, Chasman DI, Dreyfus J, Hwang SJ, Ruiter R, Sanna S, Buring JE, Fernández-Rhodes L, Franceschini N, Hankinson SE, Hofman A, Lunetta KL, Palmieri G, Porcu E, Rivadeneira F, Rose LM, Splansky GL, Stolk L, Uitterlinden AG, Chanock SJ, Crisponi L, Demerath EW, et al.","Breast Cancer Res. 2012 Mar 20;14(2):R54.","Breast Cancer Res.  2012","PubMed","citation","PMID:22433456 | PMCID:PMC3446388","pubmed","22433456","create date:2012/03/22 | first author:He C",
"Meta-analyses identify 13 loci associated with age at menopause and highlight DNA repair and immune pathways.","/pubmed/22267201","Stolk L, Perry JR, Chasman DI, He C, Mangino M, Sulem P, Barbalic M, Broer L, Byrne EM, Ernst F, Esko T, Franceschini N, Gudbjartsson DF, Hottenga JJ, Kraft P, McArdle PF, Porcu E, Shin SY, Smith AV, van Wingerden S, Zhai G, Zhuang WV, et al.","Nat Genet. 2012 Jan 22;44(3):260-8. doi: 10.1038/ng.1051.","Nat Genet.  2012","PubMed","citation","PMID:22267201 | PMCID:PMC3288642","pubmed","22267201","create date:2012/01/24 | first author:Stolk L",
"A genome-wide association meta-analysis of circulating sex hormone-binding globulin reveals multiple Loci implicated in sex steroid hormone regulation.","/pubmed/22829776","Coviello AD, Haring R, Wellons M, Vaidya D, Lehtimäki T, Keildson S, Lunetta KL, He C, Fornage M, Lagou V, Mangino M, Onland-Moret NC, Chen B, Eriksson J, Garcia M, Liu YM, Koster A, Lohman K, Lyytikäinen LP, Petersen AK, Prescott J, Stolk L, et al.","PLoS Genet. 2012;8(7):e1002805. doi: 10.1371/journal.pgen.1002805.","PLoS Genet.  2012","PubMed","citation","PMID:22829776 | PMCID:PMC3400553","pubmed","22829776","create date:2012/07/26 | first author:Coviello AD",
"A comparison of gene region simulation methods.","/pubmed/22815869","Hendricks AE, Dupuis J, Gupta M, Logue MW, Lunetta KL.","PLoS One. 2012;7(7):e40925. doi: 10.1371/journal.pone.0040925.","PLoS One.  2012","PubMed","citation","PMID:22815869 | PMCID:PMC3399793","pubmed","22815869","create date:2012/07/21 | first author:Hendricks AE",
"A comprehensive genetic association study of Alzheimer disease in African Americans.","/pubmed/22159054","Logue MW, Schu M, Vardarajan BN, Buros J, Green RC, Go RC, Griffith P, Obisesan TO, Shatz R, Borenstein A, Cupples LA, Lunetta KL, Fallin MD, Baldwin CT, Farrer LA; Multi-Institutional Research on Alzheimer Genetic Epidemiology (MIRAGE) Study Group..","Arch Neurol. 2011 Dec;68(12):1569-79. doi: 10.1001/archneurol.2011.646.","Arch Neurol.  2011","PubMed","citation","PMID:22159054 | PMCID:PMC3356921","pubmed","22159054","create date:2011/12/14 | first author:Logue MW",
"Large common deletions associate with mortality at old age.","/pubmed/21835882","Kuningas M, Estrada K, Hsu YH, Nandakumar K, Uitterlinden AG, Lunetta KL, van Duijn CM, Karasik D, Hofman A, Murabito J, Rivadeneira F, Kiel DP, Tiemeier H.","Hum Mol Genet. 2011 Nov 1;20(21):4290-6. doi: 10.1093/hmg/ddr340.","Hum Mol Genet.  2011","PubMed","citation","PMID:21835882 | PMCID:PMC3188993","pubmed","21835882","create date:2011/08/13 | first author:Kuningas M",
"A genome-wide association study of aging.","/pubmed/21782286","Walter S, Atzmon G, Demerath EW, Garcia ME, Kaplan RC, Kumari M, Lunetta KL, Milaneschi Y, Tanaka T, Tranah GJ, Völker U, Yu L, Arnold A, Benjamin EJ, Biffar R, Buchman AS, Boerwinkle E, Couper D, De Jager PL, Evans DA, Harris TB, Hoffmann W, et al.","Neurobiol Aging. 2011 Nov;32(11):2109.e15-28. doi: 10.1016/j.neurobiolaging.2011.05.026.","Neurobiol Aging.  2011","PubMed","citation","PMID:21782286 | PMCID:PMC3193030","pubmed","21782286","create date:2011/07/26 | first author:Walter S",
"Large-scale candidate gene analysis in whites and African Americans identifies IL6R polymorphism in relation to atrial fibrillation: the National Heart, Lung, and Blood Institute's Candidate Gene Association Resource (CARe) project.","/pubmed/21846873","Schnabel RB, Kerr KF, Lubitz SA, Alkylbekova EL, Marcus GM, Sinner MF, Magnani JW, Wolf PA, Deo R, Lloyd-Jones DM, Lunetta KL, Mehra R, Levy D, Fox ER, Arking DE, Mosley TH, Müller-Nurasyid M, Young TR, Wichmann HE, Seshadri S, Farlow DN, Rotter JI, et al.","Circ Cardiovasc Genet. 2011 Oct;4(5):557-64. doi: 10.1161/CIRCGENETICS.110.959197.","Circ Cardiovasc Genet.  2011","PubMed","citation","PMID:21846873 | PMCID:PMC3224824","pubmed","21846873","create date:2011/08/19 | first author:Schnabel RB",
"Genetic determinants of serum testosterone concentrations in men.","/pubmed/21998597","Ohlsson C, Wallaschofski H, Lunetta KL, Stolk L, Perry JR, Koster A, Petersen AK, Eriksson J, Lehtimäki T, Huhtaniemi IT, Hammond GL, Maggio M, Coviello AD; EMAS Study Group., Ferrucci L, Heier M, Hofman A, Holliday KL, Jansson JO, Kähönen M, Karasik D, Karlsson MK, et al.","PLoS Genet. 2011 Oct;7(10):e1002313. doi: 10.1371/journal.pgen.1002313.","PLoS Genet.  2011","PubMed","citation","PMID:21998597 | PMCID:PMC3188559","pubmed","21998597","create date:2011/10/15 | first author:Ohlsson C",
"Frailty models: Applications to biomedical and genetic studies.","/pubmed/21786277","Govindarajulu US, Lin H, Lunetta KL, D'Agostino RB Sr.","Stat Med. 2011 Sep 30;30(22):2754-64. doi: 10.1002/sim.4277.","Stat Med.  2011","PubMed","citation","PMID:21786277","pubmed","21786277","create date:2011/07/26 | first author:Govindarajulu US",
"Magnetic resonance imaging-measured atrophy and its relationship to cognitive functioning in vascular dementia and Alzheimer's disease patients.","/pubmed/21723205","Logue MW, Posner H, Green RC, Moline M, Cupples LA, Lunetta KL, Zou H, Hurt SW, Farrer LA, Decarli C; MIRAGE Study Group..","Alzheimers Dement. 2011 Sep;7(5):493-500. doi: 10.1016/j.jalz.2011.01.004.","Alzheimers Dement.  2011","PubMed","citation","PMID:21723205 | PMCID:PMC3166967","pubmed","21723205","create date:2011/07/05 | first author:Logue MW",
"Functional polymorphisms in UDP-glucuronosyl transferases and recurrence in tamoxifen-treated breast cancer survivors.","/pubmed/21750172","Ahern TP, Christensen M, Cronin-Fenton DP, Lunetta KL, Søiland H, Gjerde J, Garne JP, Rosenberg CL, Silliman RA, Sørensen HT, Lash TL, Hamilton-Dutoit S.","Cancer Epidemiol Biomarkers Prev. 2011 Sep;20(9):1937-43. doi: 10.1158/1055-9965.EPI-11-0419.","Cancer Epidemiol Biomarkers Prev.  2011","PubMed","citation","PMID:21750172 | PMCID:PMC3169710","pubmed","21750172","create date:2011/07/14 | first author:Ahern TP",
"Evaluation of methods accounting for population structure with pedigree data and continuous outcomes.","/pubmed/21618600","Peloso GM, Dupuis J, Lunetta KL.","Genet Epidemiol. 2011 Sep;35(6):427-36. doi: 10.1002/gepi.20590.","Genet Epidemiol.  2011","PubMed","citation","PMID:21618600","pubmed","21618600","create date:2011/05/28 | first author:Peloso GM",
"Circulating testosterone and SHBG concentrations are heritable in women: the Framingham Heart Study.","/pubmed/21752884","Coviello AD, Zhuang WV, Lunetta KL, Bhasin S, Ulloor J, Zhang A, Karasik D, Kiel DP, Vasan RS, Murabito JM.","J Clin Endocrinol Metab. 2011 Sep;96(9):E1491-5. doi: 10.1210/jc.2011-0050.","J Clin Endocrinol Metab.  2011","PubMed","citation","PMID:21752884 | PMCID:PMC3167671","pubmed","21752884","create date:2011/07/15 | first author:Coviello AD",
"Choice of population structure informative principal components for adjustment in a case-control study.","/pubmed/21771328","Peloso GM, Lunetta KL.","BMC Genet. 2011 Jul 19;12:64. doi: 10.1186/1471-2156-12-64.","BMC Genet.  2011","PubMed","citation","PMID:21771328 | PMCID:PMC3150322","pubmed","21771328","create date:2011/07/21 | first author:Peloso GM",
"Common variants at MS4A4/MS4A6E, CD2AP, CD33 and EPHA1 are associated with late-onset Alzheimer's disease.","/pubmed/21460841","Naj AC, Jun G, Beecham GW, Wang LS, Vardarajan BN, Buros J, Gallins PJ, Buxbaum JD, Jarvik GP, Crane PK, Larson EB, Bird TD, Boeve BF, Graff-Radford NR, De Jager PL, Evans D, Schneider JA, Carrasquillo MM, Ertekin-Taner N, Younkin SG, Cruchaga C, Kauwe JS, et al.","Nat Genet. 2011 May;43(5):436-41. doi: 10.1038/ng.801.","Nat Genet.  2011","PubMed","citation","PMID:21460841 | PMCID:PMC3090745","pubmed","21460841","create date:2011/04/05 | first author:Naj AC",
"Eight common genetic variants associated with serum DHEAS levels suggest a key role in ageing mechanisms.","/pubmed/21533175","Zhai G, Teumer A, Stolk L, Perry JR, Vandenput L, Coviello AD, Koster A, Bell JT, Bhasin S, Eriksson J, Eriksson A, Ernst F, Ferrucci L, Frayling TM, Glass D, Grundberg E, Haring R, Hedman AK, Hofman A, Kiel DP, Kroemer HK, Liu Y, et al.","PLoS Genet. 2011 Apr;7(4):e1002025. doi: 10.1371/journal.pgen.1002025.","PLoS Genet.  2011","PubMed","citation","PMID:21533175 | PMCID:PMC3077384","pubmed","21533175","create date:2011/05/03 | first author:Zhai G",
"CYP2D6 inhibition and breast cancer recurrence in a population-based study in Denmark.","/pubmed/21325141","Lash TL, Cronin-Fenton D, Ahern TP, Rosenberg CL, Lunetta KL, Silliman RA, Garne JP, Sørensen HT, Hellberg Y, Christensen M, Pedersen L, Hamilton-Dutoit S.","J Natl Cancer Inst. 2011 Mar 16;103(6):489-500. doi: 10.1093/jnci/djr010.","J Natl Cancer Inst.  2011","PubMed","citation","PMID:21325141 | PMCID:PMC3057982","pubmed","21325141","create date:2011/02/18 | first author:Lash TL",
"Lack of replication in polymorphisms reported to be associated with atrial fibrillation.","/pubmed/21056700","Sinner MF, Lubitz SA, Pfeufer A, Makino S, Beckmann BM, Lunetta KL, Steinbeck G, Perz S, Rahman R, Sonni A, Greenberg SM, Furie KL, Wichmann HE, Meitinger T, Peters A, Benjamin EJ, Rosand J, Ellinor PT, Kääb S.","Heart Rhythm. 2011 Mar;8(3):403-9. doi: 10.1016/j.hrthm.2010.11.003.","Heart Rhythm.  2011","PubMed","citation","PMID:21056700 | PMCID:PMC3068750","pubmed","21056700","create date:2010/11/09 | first author:Sinner MF",
"A common connexin-40 gene promoter variant affects connexin-40 expression in human atria and is associated with atrial fibrillation.","/pubmed/21076161","Wirka RC, Gore S, Van Wagoner DR, Arking DE, Lubitz SA, Lunetta KL, Benjamin EJ, Alonso A, Ellinor PT, Barnard J, Chung MK, Smith JD.","Circ Arrhythm Electrophysiol. 2011 Feb;4(1):87-93. doi: 10.1161/CIRCEP.110.959726.","Circ Arrhythm Electrophysiol.  2011","PubMed","citation","PMID:21076161 | PMCID:PMC3057452","pubmed","21076161","create date:2010/11/16 | first author:Wirka RC",
"Association of TTR polymorphisms with hippocampal atrophy in Alzheimer disease families.","/pubmed/19328595","Cuenco KT, Friedland R, Baldwin CT, Guo J, Vardarajan B, Lunetta KL, Cupples LA, Green RC, DeCarli C, Farrer LA; MIRAGE Study Group..","Neurobiol Aging. 2011 Feb;32(2):249-56. doi: 10.1016/j.neurobiolaging.2009.02.014.","Neurobiol Aging.  2011","PubMed","citation","PMID:19328595 | PMCID:PMC2930090","pubmed","19328595","create date:2009/03/31 | first author:Cuenco KT",
"Meta-analysis confirms CR1, CLU, and PICALM as alzheimer disease risk loci and reveals interactions with APOE genotypes.","/pubmed/20697030","Jun G, Naj AC, Beecham GW, Wang LS, Buros J, Gallins PJ, Buxbaum JD, Ertekin-Taner N, Fallin MD, Friedland R, Inzelberg R, Kramer P, Rogaeva E, St George-Hyslop P; Alzheimer's Disease Genetics Consortium., Cantwell LB, Dombroski BA, Saykin AJ, Reiman EM, Bennett DA, Morris JC, Lunetta KL, et al.","Arch Neurol. 2010 Dec;67(12):1473-84. doi: 10.1001/archneurol.2010.201. Erratum in: Arch Neurol. 2011 Feb;68(2):159. ","Arch Neurol.  2010","PubMed","citation","PMID:20697030 | PMCID:PMC3048805","pubmed","20697030","create date:2010/08/11 | first author:Jun G",
"Thirty new loci for age at menarche identified by a meta-analysis of genome-wide association studies.","/pubmed/21102462","Elks CE, Perry JR, Sulem P, Chasman DI, Franceschini N, He C, Lunetta KL, Visser JA, Byrne EM, Cousminer DL, Gudbjartsson DF, Esko T, Feenstra B, Hottenga JJ, Koller DL, Kutalik Z, Lin P, Mangino M, Marongiu M, McArdle PF, Smith AV, Stolk L, et al.","Nat Genet. 2010 Dec;42(12):1077-85. doi: 10.1038/ng.714.","Nat Genet.  2010","PubMed","citation","PMID:21102462 | PMCID:PMC3140055","pubmed","21102462","create date:2010/11/26 | first author:Elks CE",
"Concordance of metabolic enzyme genotypes assayed from paraffin-embedded, formalin-fixed breast tumors and normal lymphatic tissue.","/pubmed/21152250","Ahern TP, Christensen M, Cronin-Fenton DP, Lunetta KL, Rosenberg CL, Sørensen HT, Lash TL, Hamilton-Dutoit S.","Clin Epidemiol. 2010 Oct 22;2:241-6. doi: 10.2147/CLEP.S13811.","Clin Epidemiol.  2010","PubMed","citation","PMID:21152250 | PMCID:PMC2998813","pubmed","21152250","create date:2010/12/15 | first author:Ahern TP",
"Independent susceptibility markers for atrial fibrillation on chromosome 4q25.","/pubmed/20733104","Lubitz SA, Sinner MF, Lunetta KL, Makino S, Pfeufer A, Rahman R, Veltman CE, Barnard J, Bis JC, Danik SP, Sonni A, Shea MA, Del Monte F, Perz S, Müller M, Peters A, Greenberg SM, Furie KL, van Noord C, Boerwinkle E, Stricker BH, Witteman J, et al.","Circulation. 2010 Sep 7;122(10):976-84. doi: 10.1161/CIRCULATIONAHA.109.886440.","Circulation.  2010","PubMed","citation","PMID:20733104 | PMCID:PMC2978508","pubmed","20733104","create date:2010/08/25 | first author:Lubitz SA",
"Head circumference, atrophy, and cognition: implications for brain reserve in Alzheimer disease.","/pubmed/20625166","Perneczky R, Wagenpfeil S, Lunetta KL, Cupples LA, Green RC, Decarli C, Farrer LA, Kurz A; MIRAGE Study Group..","Neurology. 2010 Jul 13;75(2):137-42. doi: 10.1212/WNL.0b013e3181e7ca97.","Neurology.  2010","PubMed","citation","PMID:20625166 | PMCID:PMC2905931","pubmed","20625166","create date:2010/07/14 | first author:Perneczky R",
"A meta-analysis of four genome-wide association studies of survival to age 90 years or older: the Cohorts for Heart and Aging Research in Genomic Epidemiology Consortium.","/pubmed/20304771","Newman AB, Walter S, Lunetta KL, Garcia ME, Slagboom PE, Christensen K, Arnold AM, Aspelund T, Aulchenko YS, Benjamin EJ, Christiansen L, D'Agostino RB Sr, Fitzpatrick AL, Franceschini N, Glazer NL, Gudnason V, Hofman A, Kaplan R, Karasik D, Kelly-Hayes M, Kiel DP, Launer LJ, et al.","J Gerontol A Biol Sci Med Sci. 2010 May;65(5):478-87. doi: 10.1093/gerona/glq028.","J Gerontol A Biol Sci Med Sci.  2010","PubMed","citation","PMID:20304771 | PMCID:PMC2854887","pubmed","20304771","create date:2010/03/23 | first author:Newman AB",
"Breast cancer recurrence risk related to concurrent use of SSRI antidepressants and tamoxifen.","/pubmed/20156115","Lash TL, Cronin-Fenton D, Ahern TP, Rosenberg CL, Lunetta KL, Silliman RA, Hamilton-Dutoit S, Garne JP, Ewertz M, Sørensen HT, Pedersen L.","Acta Oncol. 2010 Apr;49(3):305-12. doi: 10.3109/02841860903575273.","Acta Oncol.  2010","PubMed","citation","PMID:20156115 | PMCID:PMC2892037","pubmed","20156115","create date:2010/02/17 | first author:Lash TL",
"Common variants in KCNN3 are associated with lone atrial fibrillation.","/pubmed/20173747","Ellinor PT, Lunetta KL, Glazer NL, Pfeufer A, Alonso A, Chung MK, Sinner MF, de Bakker PI, Mueller M, Lubitz SA, Fox E, Darbar D, Smith NL, Smith JD, Schnabel RB, Soliman EZ, Rice KM, Van Wagoner DR, Beckmann BM, van Noord C, Wang K, Ehret GB, et al.","Nat Genet. 2010 Mar;42(3):240-4. doi: 10.1038/ng.537.","Nat Genet.  2010","PubMed","citation","PMID:20173747 | PMCID:PMC2871387","pubmed","20173747","create date:2010/02/23 | first author:Ellinor PT",
"Genome-wide association study of PR interval.","/pubmed/20062060","Pfeufer A, van Noord C, Marciante KD, Arking DE, Larson MG, Smith AV, Tarasov KV, Müller M, Sotoodehnia N, Sinner MF, Verwoert GC, Li M, Kao WH, Köttgen A, Coresh J, Bis JC, Psaty BM, Rice K, Rotter JI, Rivadeneira F, Hofman A, Kors JA, et al.","Nat Genet. 2010 Feb;42(2):153-9. doi: 10.1038/ng.517.","Nat Genet.  2010","PubMed","citation","PMID:20062060 | PMCID:PMC2850197","pubmed","20062060","create date:2010/01/12 | first author:Pfeufer A",
"Principal-component-based population structure adjustment in the North American Rheumatoid Arthritis Consortium data: impact of single-nucleotide polymorphism set and analysis method.","/pubmed/20017972","Peloso GM, Timofeev N, Lunetta KL.","BMC Proc. 2009 Dec 15;3 Suppl 7:S108.","BMC Proc.  2009","PubMed","citation","PMID:20017972 | PMCID:PMC2795879","pubmed","20017972","create date:2009/12/19 | first author:Peloso GM",
"Variants in ZFHX3 are associated with atrial fibrillation in individuals of European ancestry.","/pubmed/19597492","Benjamin EJ, Rice KM, Arking DE, Pfeufer A, van Noord C, Smith AV, Schnabel RB, Bis JC, Boerwinkle E, Sinner MF, Dehghan A, Lubitz SA, D'Agostino RB Sr, Lumley T, Ehret GB, Heeringa J, Aspelund T, Newton-Cheh C, Larson MG, Marciante KD, Soliman EZ, Rivadeneira F, et al.","Nat Genet. 2009 Aug;41(8):879-81. doi: 10.1038/ng.416.","Nat Genet.  2009","PubMed","citation","PMID:19597492 | PMCID:PMC2761746","pubmed","19597492","create date:2009/07/15 | first author:Benjamin EJ",
"Estimating the probability of de novo HD cases from transmissions of expanded penetrant CAG alleles in the Huntington disease gene from male carriers of high normal alleles (27-35 CAG).","/pubmed/19507258","Hendricks AE, Latourelle JC, Lunetta KL, Cupples LA, Wheeler V, MacDonald ME, Gusella JF, Myers RH.","Am J Med Genet A. 2009 Jul;149A(7):1375-81. doi: 10.1002/ajmg.a.32901.","Am J Med Genet A.  2009","PubMed","citation","PMID:19507258 | PMCID:PMC2724761","pubmed","19507258","create date:2009/06/10 | first author:Hendricks AE",
"Clinical and genetic factors associated with lipoprotein-associated phospholipase A2 in the Framingham Heart Study.","/pubmed/19135199","Schnabel R, Dupuis J, Larson MG, Lunetta KL, Robins SJ, Zhu Y, Rong J, Yin X, Stirnadel HA, Nelson JJ, Wilson PW, Keaney JF, Vasan RS, Benjamin EJ.","Atherosclerosis. 2009 Jun;204(2):601-7. doi: 10.1016/j.atherosclerosis.2008.10.030.","Atherosclerosis.  2009","PubMed","citation","PMID:19135199 | PMCID:PMC2893025","pubmed","19135199","create date:2009/01/13 | first author:Schnabel R",
Title,URL,Description,Details,ShortDetails,Resource,Type,Identifiers,Db,EntrezUID,Properties
"The relation of genetic and environmental factors to systemic inflammatory biomarker concentrations.","/pubmed/20031590","Schnabel RB, Lunetta KL, Larson MG, Dupuis J, Lipinska I, Rong J, Chen MH, Zhao Z, Yamamoto JF, Meigs JB, Nicaud V, Perret C, Zeller T, Blankenberg S, Tiret L, Keaney JF Jr, Vasan RS, Benjamin EJ.","Circ Cardiovasc Genet. 2009 Jun;2(3):229-37. doi: 10.1161/CIRCGENETICS.108.804245.","Circ Cardiovasc Genet.  2009","PubMed","citation","PMID:20031590 | PMCID:PMC2897047","pubmed","20031590","create date:2009/12/25 | first author:Schnabel RB",
"Meta-analysis of genome-wide association data identifies two loci influencing age at menarche.","/pubmed/19448620","Perry JR, Stolk L, Franceschini N, Lunetta KL, Zhai G, McArdle PF, Smith AV, Aspelund T, Bandinelli S, Boerwinkle E, Cherkas L, Eiriksdottir G, Estrada K, Ferrucci L, Folsom AR, Garcia M, Gudnason V, Hofman A, Karasik D, Kiel DP, Launer LJ, van Meurs J, et al.","Nat Genet. 2009 Jun;41(6):648-50. doi: 10.1038/ng.386.","Nat Genet.  2009","PubMed","citation","PMID:19448620 | PMCID:PMC2942986","pubmed","19448620","create date:2009/05/19 | first author:Perry JR",
"Large scale replication and meta-analysis of variants on chromosome 4q25 associated with atrial fibrillation.","/pubmed/19141561","Kääb S, Darbar D, van Noord C, Dupuis J, Pfeufer A, Newton-Cheh C, Schnabel R, Makino S, Sinner MF, Kannankeril PJ, Beckmann BM, Choudry S, Donahue BS, Heeringa J, Perz S, Lunetta KL, Larson MG, Levy D, MacRae CA, Ruskin JN, Wacker A, Schömig A, et al.","Eur Heart J. 2009 Apr;30(7):813-9. doi: 10.1093/eurheartj/ehn578.","Eur Heart J.  2009","PubMed","citation","PMID:19141561 | PMCID:PMC2663727","pubmed","19141561","create date:2009/01/15 | first author:Kääb S",
"Performance of random forest when SNPs are in linkage disequilibrium.","/pubmed/19265542","Meng YA, Yu Y, Cupples LA, Farrer LA, Lunetta KL.","BMC Bioinformatics. 2009 Mar 5;10:78. doi: 10.1186/1471-2105-10-78.","BMC Bioinformatics.  2009","PubMed","citation","PMID:19265542 | PMCID:PMC2666661","pubmed","19265542","create date:2009/03/07 | first author:Meng YA",
"Cohorts for Heart and Aging Research in Genomic Epidemiology (CHARGE) Consortium: Design of prospective meta-analyses of genome-wide association studies from 5 cohorts.","/pubmed/20031568","Psaty BM, O'Donnell CJ, Gudnason V, Lunetta KL, Folsom AR, Rotter JI, Uitterlinden AG, Harris TB, Witteman JC, Boerwinkle E; CHARGE Consortium..","Circ Cardiovasc Genet. 2009 Feb;2(1):73-80. doi: 10.1161/CIRCGENETICS.108.829747.","Circ Cardiovasc Genet.  2009","PubMed","citation","PMID:20031568 | PMCID:PMC2875693","pubmed","20031568","create date:2009/12/25 | first author:Psaty BM",
"Combined haplotype relative risk (CHRR): a general and simple genetic association test that combines trios and unrelated case-controls.","/pubmed/18636528","Guo CY, Lunetta KL, DeStefano AL, Cupples LA.","Genet Epidemiol. 2009 Jan;33(1):54-62. doi: 10.1002/gepi.20356.","Genet Epidemiol.  2009","PubMed","citation","PMID:18636528 | PMCID:PMC2700841","pubmed","18636528","create date:2008/07/19 | first author:Guo CY",
"Education attenuates the effect of medial temporal lobe atrophy on cognitive function in Alzheimer's disease: the MIRAGE study.","/pubmed/19542606","Perneczky R, Wagenpfeil S, Lunetta KL, Cupples LA, Green RC, DeCarli C, Farrer LA, Kurz A.","J Alzheimers Dis. 2009;17(4):855-62. doi: 10.3233/JAD-2009-1117.","J Alzheimers Dis.  2009","PubMed","citation","PMID:19542606 | PMCID:PMC2868929","pubmed","19542606","create date:2009/06/23 | first author:Perneczky R",
"Common variants at 30 loci contribute to polygenic dyslipidemia.","/pubmed/19060906","Kathiresan S, Willer CJ, Peloso GM, Demissie S, Musunuru K, Schadt EE, Kaplan L, Bennett D, Li Y, Tanaka T, Voight BF, Bonnycastle LL, Jackson AU, Crawford G, Surti A, Guiducci C, Burtt NP, Parish S, Clarke R, Zelenika D, Kubalanza KA, Morken MA, et al.","Nat Genet. 2009 Jan;41(1):56-65. doi: 10.1038/ng.291.","Nat Genet.  2009","PubMed","citation","PMID:19060906 | PMCID:PMC2881676","pubmed","19060906","create date:2008/12/09 | first author:Kathiresan S",
"Intergenerational and striatal CAG repeat instability in Huntington's disease knock-in mice involve different DNA repair genes.","/pubmed/18930147","Dragileva E, Hendricks A, Teed A, Gillis T, Lopez ET, Friedberg EC, Kucherlapati R, Edelmann W, Lunetta KL, MacDonald ME, Wheeler VC.","Neurobiol Dis. 2009 Jan;33(1):37-47. doi: 10.1016/j.nbd.2008.09.014.","Neurobiol Dis.  2009","PubMed","citation","PMID:18930147 | PMCID:PMC2811282","pubmed","18930147","create date:2008/10/22 | first author:Dragileva E",
"Association of distinct variants in SORL1 with cerebrovascular and neurodegenerative changes related to Alzheimer disease.","/pubmed/19064752","T Cuenco K, Lunetta KL, Baldwin CT, McKee AC, Guo J, Cupples LA, Green RC, St George-Hyslop PH, Chui H, DeCarli C, Farrer LA; MIRAGE Study Group..","Arch Neurol. 2008 Dec;65(12):1640-8. doi: 10.1001/archneur.65.12.1640.","Arch Neurol.  2008","PubMed","citation","PMID:19064752 | PMCID:PMC2719762","pubmed","19064752","create date:2008/12/10 | first author:T Cuenco K",
"Tamoxifen's protection against breast cancer recurrence is not reduced by concurrent use of the SSRI citalopram.","/pubmed/18665165","Lash TL, Pedersen L, Cronin-Fenton D, Ahern TP, Rosenberg CL, Lunetta KL, Silliman RA, Hamilton-Dutoit S, Garne JP, Ewertz M, Sørensen HT.","Br J Cancer. 2008 Aug 19;99(4):616-21. doi: 10.1038/sj.bjc.6604533.","Br J Cancer.  2008","PubMed","citation","PMID:18665165 | PMCID:PMC2527838","pubmed","18665165","create date:2008/07/31 | first author:Lash TL",
"Genetic association studies.","/pubmed/18591452","Lunetta KL.","Circulation. 2008 Jul 1;118(1):96-101. doi: 10.1161/CIRCULATIONAHA.107.700401. Review. No abstract available. ","Circulation.  2008","PubMed","citation","PMID:18591452","pubmed","18591452","create date:2008/07/02 | first author:Lunetta KL",
"Relations of inflammatory biomarkers and common genetic variants with arterial stiffness and wave reflection.","/pubmed/18426996","Schnabel R, Larson MG, Dupuis J, Lunetta KL, Lipinska I, Meigs JB, Yin X, Rong J, Vita JA, Newton-Cheh C, Levy D, Keaney JF Jr, Vasan RS, Mitchell GF, Benjamin EJ.","Hypertension. 2008 Jun;51(6):1651-7. doi: 10.1161/HYPERTENSIONAHA.107.105668.","Hypertension.  2008","PubMed","citation","PMID:18426996 | PMCID:PMC2892983","pubmed","18426996","create date:2008/04/23 | first author:Schnabel R",
"Clinical and genetic correlates of soluble P-selectin in the community.","/pubmed/17944986","Lee DS, Larson MG, Lunetta KL, Dupuis J, Rong J, Keaney JF Jr, Lipinska I, Baldwin CT, Vasan RS, Benjamin EJ.","J Thromb Haemost. 2008 Jan;6(1):20-31.","J Thromb Haemost.  2008","PubMed","citation","PMID:17944986","pubmed","17944986","create date:2007/10/20 | first author:Lee DS",
"Genome-wide association with bone mass and geometry in the Framingham Heart Study.","/pubmed/17903296","Kiel DP, Demissie S, Dupuis J, Lunetta KL, Murabito JM, Karasik D.","BMC Med Genet. 2007 Sep 19;8 Suppl 1:S14.","BMC Med Genet.  2007","PubMed","citation","PMID:17903296 | PMCID:PMC1995606","pubmed","17903296","create date:2007/10/16 | first author:Kiel DP",
"Genetic correlates of longevity and selected age-related phenotypes: a genome-wide association study in the Framingham Study.","/pubmed/17903295","Lunetta KL, D'Agostino RB Sr, Karasik D, Benjamin EJ, Guo CY, Govindaraju R, Kiel DP, Kelly-Hayes M, Massaro JM, Pencina MJ, Seshadri S, Murabito JM.","BMC Med Genet. 2007 Sep 19;8 Suppl 1:S13.","BMC Med Genet.  2007","PubMed","citation","PMID:17903295 | PMCID:PMC1995604","pubmed","17903295","create date:2007/10/16 | first author:Lunetta KL",
"Genome-wide association with select biomarker traits in the Framingham Heart Study.","/pubmed/17903293","Benjamin EJ, Dupuis J, Larson MG, Lunetta KL, Booth SL, Govindaraju DR, Kathiresan S, Keaney JF Jr, Keyes MJ, Lin JP, Meigs JB, Robins SJ, Rong J, Schnabel R, Vita JA, Wang TJ, Wilson PW, Wolf PA, Vasan RS.","BMC Med Genet. 2007 Sep 19;8 Suppl 1:S11.","BMC Med Genet.  2007","PubMed","citation","PMID:17903293 | PMCID:PMC1995615","pubmed","17903293","create date:2007/10/16 | first author:Benjamin EJ",
"Informative-transmission disequilibrium test (i-TDT): combined linkage and association mapping that includes unaffected offspring as well as affected offspring.","/pubmed/17123304","Guo CY, Lunetta KL, DeStefano AL, Ordovas JM, Cupples LA.","Genet Epidemiol. 2007 Feb;31(2):115-33.","Genet Epidemiol.  2007","PubMed","citation","PMID:17123304","pubmed","17123304","create date:2006/11/24 | first author:Guo CY",
"The neuronal sortilin-related receptor SORL1 is genetically associated with Alzheimer disease.","/pubmed/17220890","Rogaeva E, Meng Y, Lee JH, Gu Y, Kawarai T, Zou F, Katayama T, Baldwin CT, Cheng R, Hasegawa H, Chen F, Shibata N, Lunetta KL, Pardossi-Piquard R, Bohm C, Wakutani Y, Cupples LA, Cuenco KT, Green RC, Pinessi L, Rainero I, Sorbi S, et al.","Nat Genet. 2007 Feb;39(2):168-77.","Nat Genet.  2007","PubMed","citation","PMID:17220890 | PMCID:PMC2657343","pubmed","17220890","create date:2007/01/16 | first author:Rogaeva E",
"Heritability of magnetic resonance imaging (MRI) traits in Alzheimer disease cases and their siblings in the MIRAGE study.","/pubmed/17545732","Lunetta KL, Erlich PM, Cuenco KT, Cupples LA, Green RC, Farrer LA, Decarli C; MIRAGE Study Group..","Alzheimer Dis Assoc Disord. 2007 Apr-Jun;21(2):85-91.","Alzheimer Dis Assoc Disord.  2007","PubMed","citation","PMID:17545732","pubmed","17545732","create date:2007/06/05 | first author:Lunetta KL",
"The Framingham Heart Study 100K SNP genome-wide association study resource: overview of 17 phenotype working group reports.","/pubmed/17903291","Cupples LA, Arruda HT, Benjamin EJ, D'Agostino RB Sr, Demissie S, DeStefano AL, Dupuis J, Falls KM, Fox CS, Gottlieb DJ, Govindaraju DR, Guo CY, Heard-Costa NL, Hwang SJ, Kathiresan S, Kiel DP, Laramie JM, Larson MG, Levy D, Liu CY, Lunetta KL, Mailman MD, et al.","BMC Med Genet. 2007;8 Suppl 1:S1.","BMC Med Genet.  2007","PubMed","citation","PMID:17903291 | PMCID:PMC1995613","pubmed","17903291","create date:2007/10/02 | first author:Cupples LA",
"Two-stage approach for identifying single-nucleotide polymorphisms associated with rheumatoid arthritis using random forests and Bayesian networks.","/pubmed/18466556","Meng Y, Yang Q, Cuenco KT, Cupples LA, Destefano AL, Lunetta KL.","BMC Proc. 2007;1 Suppl 1:S56.","BMC Proc.  2007","PubMed","citation","PMID:18466556 | PMCID:PMC2367609","pubmed","18466556","create date:2008/05/10 | first author:Meng Y",
"Genetic association between endothelial nitric oxide synthase and Alzheimer disease.","/pubmed/16813604","Akomolafe A, Lunetta KL, Erlich PM, Cupples LA, Baldwin CT, Huyck M, Green RC, Farrer LA; MIRAGE Study Group..","Clin Genet. 2006 Jul;70(1):49-56.","Clin Genet.  2006","PubMed","citation","PMID:16813604","pubmed","16813604","create date:2006/07/04 | first author:Akomolafe A",
"Estrogen receptor alpha gene variation is associated with risk of myocardial infarction in more than seven thousand men from five cohorts.","/pubmed/16484614","Shearman AM, Cooper JA, Kotwinski PJ, Miller GJ, Humphries SE, Ardlie KG, Jordan B, Irenze K, Lunetta KL, Schuit SC, Uitterlinden AG, Pols HA, Demissie S, Cupples LA, Mendelsohn ME, Levy D, Housman DE.","Circ Res. 2006 Mar 17;98(5):590-2.","Circ Res.  2006","PubMed","citation","PMID:16484614","pubmed","16484614","create date:2006/02/18 | first author:Shearman AM",
"Polymorphisms in the PON gene cluster are associated with Alzheimer disease.","/pubmed/16319130","Erlich PM, Lunetta KL, Cupples LA, Huyck M, Green RC, Baldwin CT, Farrer LA; MIRAGE Study Group..","Hum Mol Genet. 2006 Jan 1;15(1):77-85.","Hum Mol Genet.  2006","PubMed","citation","PMID:16319130","pubmed","16319130","create date:2005/12/02 | first author:Erlich PM",
"Demonstrating stratification in a European American population.","/pubmed/16041375","Campbell CD, Ogburn EL, Lunetta KL, Lyon HN, Freedman ML, Groop LC, Altshuler D, Ardlie KG, Hirschhorn JN.","Nat Genet. 2005 Aug;37(8):868-72.","Nat Genet.  2005","PubMed","citation","PMID:16041375","pubmed","16041375","create date:2005/07/26 | first author:Campbell CD",
"Identifying SNPs predictive of phenotype using random forests.","/pubmed/15593090","Bureau A, Dupuis J, Falls K, Lunetta KL, Hayward B, Keith TP, Van Eerdewegh P.","Genet Epidemiol. 2005 Feb;28(2):171-82.","Genet Epidemiol.  2005","PubMed","citation","PMID:15593090","pubmed","15593090","create date:2004/12/14 | first author:Bureau A",
"Expectation maximization algorithm based haplotype relative risk (EM-HRR): test of linkage disequilibrium using incomplete case-parents trios.","/pubmed/15867473","Guo CY, DeStefano AL, Lunetta KL, Dupuis J, Cupples LA.","Hum Hered. 2005;59(3):125-35.","Hum Hered.  2005","PubMed","citation","PMID:15867473","pubmed","15867473","create date:2005/05/04 | first author:Guo CY",
"Screening large-scale association study data: exploiting interactions using random forests.","/pubmed/15588316","Lunetta KL, Hayward LB, Segal J, Van Eerdewegh P.","BMC Genet. 2004 Dec 10;5:32.","BMC Genet.  2004","PubMed","citation","PMID:15588316 | PMCID:PMC545646","pubmed","15588316","create date:2004/12/14 | first author:Lunetta KL",
"Testing for population subdivision and association in four case-control studies.","/pubmed/12096349","Ardlie KG, Lunetta KL, Seielstad M.","Am J Hum Genet. 2002 Aug;71(2):304-11.","Am J Hum Genet.  2002","PubMed","citation","PMID:12096349 | PMCID:PMC379163","pubmed","12096349","create date:2002/07/04 | first author:Ardlie KG",
"On the validity of the TDT test in the presence of comorbidity and ascertainment bias.","/pubmed/11754468","Robins JM, Smoller JW, Lunetta KL.","Genet Epidemiol. 2001 Dec;21(4):326-36.","Genet Epidemiol.  2001","PubMed","citation","PMID:11754468","pubmed","11754468","create date:2002/01/05 | first author:Robins JM",
"HIN-1, a putative cytokine highly expressed in normal but not cancerous mammary epithelial cells.","/pubmed/11481438","Krop IE, Sgroi D, Porter DA, Lunetta KL, LeVangie R, Seth P, Kaelin CM, Rhei E, Bosenberg M, Schnitt S, Marks JR, Pagon Z, Belina D, Razumovic J, Polyak K.","Proc Natl Acad Sci U S A. 2001 Aug 14;98(17):9796-801.","Proc Natl Acad Sci U S A.  2001","PubMed","citation","PMID:11481438 | PMCID:PMC55532","pubmed","11481438","create date:2001/08/02 | first author:Krop IE",
"Abnormalities of bone marrow mesenchymal cells in multiple myeloma patients.","/pubmed/11283920","Wallace SR, Oken MM, Lunetta KL, Panoskaltsis-Mortari A, Masellis AM.","Cancer. 2001 Apr 1;91(7):1219-30.","Cancer.  2001","PubMed","citation","PMID:11283920","pubmed","11283920","create date:2001/04/03 | first author:Wallace SR",
"Phenol sulfotransferases: hormonal regulation, polymorphism, and age of onset of breast cancer.","/pubmed/11156380","Seth P, Lunetta KL, Bell DW, Gray H, Nasser SM, Rhei E, Kaelin CM, Iglehart DJ, Marks JR, Garber JE, Haber DA, Polyak K.","Cancer Res. 2000 Dec 15;60(24):6859-63.","Cancer Res.  2000","PubMed","citation","PMID:11156380","pubmed","11156380","create date:2001/01/13 | first author:Seth P",
"Implications of comorbidity and ascertainment bias for identifying disease genes.","/pubmed/11121189","Smoller JW, Lunetta KL, Robins J.","Am J Med Genet. 2000 Dec 4;96(6):817-22.","Am J Med Genet.  2000","PubMed","citation","PMID:11121189","pubmed","11121189","create date:2000/12/20 | first author:Smoller JW",
"Somatic mitochondrial DNA (mtDNA) mutations in papillary thyroid carcinomas and differential mtDNA sequence variants in cases with thyroid tumours.","/pubmed/10803467","Yeh JJ, Lunetta KL, van Orsouw NJ, Moore FD Jr, Mutter GL, Vijg J, Dahia PL, Eng C.","Oncogene. 2000 Apr 13;19(16):2060-6.","Oncogene.  2000","PubMed","citation","PMID:10803467","pubmed","10803467","create date:2000/05/10 | first author:Yeh JJ",
"Family-based tests of association and linkage that use unaffected sibs, covariates, and interactions.","/pubmed/10677320","Lunetta KL, Faraone SV, Biederman J, Laird NM.","Am J Hum Genet. 2000 Feb;66(2):605-14.","Am J Hum Genet.  2000","PubMed","citation","PMID:10677320 | PMCID:PMC1288113","pubmed","10677320","create date:2000/03/21 | first author:Lunetta KL",
"PTEN mutation spectrum and genotype-phenotype correlations in Bannayan-Riley-Ruvalcaba syndrome suggest a single entity with Cowden syndrome.","/pubmed/10400993","Marsh DJ, Kum JB, Lunetta KL, Bennett MJ, Gorlin RJ, Ahmed SF, Bodurtha J, Crowe C, Curtis MA, Dasouki M, Dunn T, Feit H, Geraghty MT, Graham JM Jr, Hodgson SV, Hunter A, Korf BR, Manchester D, Miesfeldt S, Murday VA, Nathanson KL, Parisi M, et al.","Hum Mol Genet. 1999 Aug;8(8):1461-72.","Hum Mol Genet.  1999","PubMed","citation","PMID:10400993","pubmed","10400993","create date:1999/07/13 | first author:Marsh DJ",
"Using recursive partitioning for exploration and follow-up of linkage and association analyses.","/pubmed/10597468","Wilcox MA, Smoller JW, Lunetta KL, Neuberg D.","Genet Epidemiol. 1999;17 Suppl 1:S391-6.","Genet Epidemiol.  1999","PubMed","citation","PMID:10597468","pubmed","10597468","create date:1999/12/22 | first author:Wilcox MA",
"Exploring linkage for alcoholism using affection status and quantitative event related potential phenotypes.","/pubmed/10597443","Lunetta KL, Wilcox M, Smoller J, Neuberg D.","Genet Epidemiol. 1999;17 Suppl 1:S241-6.","Genet Epidemiol.  1999","PubMed","citation","PMID:10597443","pubmed","10597443","create date:1999/12/22 | first author:Lunetta KL",
"Mutation spectrum and genotype-phenotype analyses in Cowden disease and Bannayan-Zonana syndrome, two hamartoma syndromes with germline PTEN mutation.","/pubmed/9467011","Marsh DJ, Coulon V, Lunetta KL, Rocca-Serra P, Dahia PL, Zheng Z, Liaw D, Caron S, Duboué B, Lin AY, Richardson AL, Bonnetblanc JM, Bressieux JM, Cabarrot-Moreau A, Chompret A, Demange L, Eeles RA, Yahanda AM, Fearon ER, Fricker JP, Gorlin RJ, Hodgson SV, et al.","Hum Mol Genet. 1998 Mar;7(3):507-15.","Hum Mol Genet.  1998","PubMed","citation","PMID:9467011","pubmed","9467011","create date:1998/04/18 | first author:Marsh DJ",
"Strategy for mapping minor histocompatibility genes involved in graft-versus-host disease: a novel application of discordant sib pair methodology.","/pubmed/9811421","Lunetta KL, Rogus JJ.","Genet Epidemiol. 1998;15(6):595-607.","Genet Epidemiol.  1998","PubMed","citation","PMID:9811421","pubmed","9811421","create date:1998/11/12 | first author:Lunetta KL",
"Exclusion of PTEN and 10q22-24 as the susceptibility locus for juvenile polyposis syndrome.","/pubmed/9371495","Marsh DJ, Roth S, Lunetta KL, Hemminki A, Dahia PL, Sistonen P, Zheng Z, Caron S, van Orsouw NJ, Bodmer WF, Cottrell SE, Dunlop MG, Eccles D, Hodgson SV, Järvinen H, Kellokumpu I, Markie D, Neale K, Phillips R, Rozen P, Syngal S, Vijg J, et al.","Cancer Res. 1997 Nov 15;57(22):5017-21.","Cancer Res.  1997","PubMed","citation","PMID:9371495","pubmed","9371495","create date:1997/11/26 | first author:Marsh DJ",
"An allelic variant at the ATM locus is implicated in breast cancer susceptibility.","/pubmed/10464642","Larson GP, Zhang G, Ding S, Foldenauer K, Udar N, Gatti RA, Neuberg D, Lunetta KL, Ruckdeschel JC, Longmate J, Flanagan S, Krontiris TG.","Genet Test. 1997-1998;1(3):165-70.","Genet Test.  1997","PubMed","citation","PMID:10464642","pubmed","10464642","create date:1997/01/01 | first author:Larson GP",
"Polymorphism of adhesion molecule CD31 is not a significant risk factor for graft-versus-host disease.","/pubmed/8977234","Nichols WC, Antin JH, Lunetta KL, Terry VH, Hertel CE, Wheatley MA, Arnold ND, Siemieniak DR, Boehnke M, Ginsburg D.","Blood. 1996 Dec 15;88(12):4429-34.","Blood.  1996","PubMed","citation","PMID:8977234","pubmed","8977234","create date:1996/12/15 | first author:Nichols WC",
"Selected locus and multiple panel models for radiation hybrid mapping.","/pubmed/8751873","Lunetta KL, Boehnke M, Lange K, Cox DR.","Am J Hum Genet. 1996 Sep;59(3):717-25.","Am J Hum Genet.  1996","PubMed","citation","PMID:8751873 | PMCID:PMC1914929","pubmed","8751873","create date:1996/09/01 | first author:Lunetta KL",
"Linkage study of Best's vitelliform macular dystrophy (VMD2) in a large North American family.","/pubmed/8807324","Hou YC, Richards JE, Bingham EL, Pawar H, Scott K, Segal M, Lunetta KL, Boehnke M, Sieving PA.","Hum Hered. 1996 Jul-Aug;46(4):211-20.","Hum Hered.  1996","PubMed","citation","PMID:8807324","pubmed","8807324","create date:1996/07/01 | first author:Hou YC",
"Experimental design and error detection for polyploid radiation hybrid mapping.","/pubmed/9132269","Lunetta KL, Boehnke M, Lange K, Cox DR.","Genome Res. 1995 Sep;5(2):151-63.","Genome Res.  1995","PubMed","citation","PMID:9132269","pubmed","9132269","create date:1995/09/01 | first author:Lunetta KL",
"Statistical methods for polyploid radiation hybrid mapping.","/pubmed/9132268","Lange K, Boehnke M, Cox DR, Lunetta KL.","Genome Res. 1995 Sep;5(2):136-50.","Genome Res.  1995","PubMed","citation","PMID:9132268","pubmed","9132268","create date:1995/09/01 | first author:Lange K",
"Refined genetic mapping of juvenile X-linked retinoschisis.","/pubmed/7558052","Pawar H, Bingham EL, Lunetta KL, Segal M, Richards JE, Boehnke M, Sieving PA.","Hum Hered. 1995 Jul-Aug;45(4):206-10.","Hum Hered.  1995","PubMed","citation","PMID:7558052","pubmed","7558052","create date:1995/07/01 | first author:Pawar H",
Title,URL,Description,Details,ShortDetails,Resource,Type,Identifiers,Db,EntrezUID,Properties
"Multipoint radiation hybrid mapping: comparison of methods, sample size requirements, and optimal study characteristics.","/pubmed/8088821","Lunetta KL, Boehnke M.","Genomics. 1994 May 1;21(1):92-103.","Genomics.  1994","PubMed","citation","PMID:8088821","pubmed","8088821","create date:1994/05/01 | first author:Lunetta KL",
"Inheritance of human plasma dopamine-beta-hydroxylase thermal stability.","/pubmed/1756947","Vuchetich JP, Dunnette J, Lunetta KL, Weinshilboum RM, Price RA.","Genet Epidemiol. 1991;8(4):237-51.","Genet Epidemiol.  1991","PubMed","citation","PMID:1756947","pubmed","1756947","create date:1991/01/01 | first author:Vuchetich JP",
