Title,URL,Description,Details,ShortDetails,Resource,Type,Identifiers,Db,EntrezUID,Properties
"Health Care Use and Spending for Medicaid Enrollees in Federally Qualified Health Centers Versus Other Primary Care Settings.","/pubmed/27631748","Nocon RS, Lee SM, Sharma R, Ngo-Metzger Q, Mukamel DB, Gao Y, White LM, Shi L, Chin MH, Laiteerapong N, Huang ES.","Am J Public Health. 2016 Nov;106(11):1981-1989.","Am J Public Health.  2016","PubMed","citation","PMID:27631748","pubmed","27631748","create date:2016/09/16 | first author:Nocon RS",
"Ambient Air Pollution and 16-Year Weight Change in African-American Women.","/pubmed/27085690","White LF, Jerrett M, Yu J, Marshall JD, Rosenberg L, Coogan PF.","Am J Prev Med. 2016 Oct;51(4):e99-e105. doi: 10.1016/j.amepre.2016.03.007.","Am J Prev Med.  2016","PubMed","citation","PMID:27085690 | PMCID:PMC5030115","pubmed","27085690","create date:2016/04/18 | first author:White LF",
"Hepatitis C Core Antigen Testing for Diagnosis of Hepatitis C Virus Infection: A Systematic Review and Meta-analysis.","/pubmed/27322622","Freiman JM, Tran TM, Schumacher SG, White LF, Ongarello S, Cohn J, Easterbrook PJ, Linas BP, Denkinger CM.","Ann Intern Med. 2016 Sep 6;165(5):345-55. doi: 10.7326/M16-0065.","Ann Intern Med.  2016","PubMed","citation","PMID:27322622","pubmed","27322622","create date:2016/06/21 | first author:Freiman JM",
"Detection and Quantification of Mycobacterium tuberculosis in the Sputum of Culture-Negative HIV-infected Pulmonary Tuberculosis Suspects: A Proof-of-Concept Study.","/pubmed/27391604","Madico G, Mpeirwe M, White L, Vinhas S, Orr B, Orikiriza P, Miller NS, Gaeddert M, Mwanga-Amumpaire J, Palaci M, Kreiswirth B, Straight J, Dietze R, Boum Y 2nd, Jones-López EC.","PLoS One. 2016 Jul 8;11(7):e0158371. doi: 10.1371/journal.pone.0158371.","PLoS One.  2016","PubMed","citation","PMID:27391604 | PMCID:PMC4938528","pubmed","27391604","create date:2016/07/09 | first author:Madico G",
"Cough Aerosols of Mycobacterium tuberculosis in the Prediction of Incident Tuberculosis Disease in Household Contacts.","/pubmed/27025837","Jones-López EC, Acuña-Villaorduña C, Ssebidandi M, Gaeddert M, Kubiak RW, Ayakaka I, White LF, Joloba M, Okwera A, Fennelly KP.","Clin Infect Dis. 2016 Jul 1;63(1):10-20. doi: 10.1093/cid/ciw199.","Clin Infect Dis.  2016","PubMed","citation","PMID:27025837 | PMCID:PMC5006106","pubmed","27025837","create date:2016/03/31 | first author:Jones-López EC",
"Long term exposure to NO2 and diabetes incidence in the Black Women's Health Study.","/pubmed/27124624","Coogan PF, White LF, Yu J, Burnett RT, Marshall JD, Seto E, Brook RD, Palmer JR, Rosenberg L, Jerrett M.","Environ Res. 2016 Jul;148:360-6. doi: 10.1016/j.envres.2016.04.021.","Environ Res.  2016","PubMed","citation","PMID:27124624 | PMCID:PMC4874900","pubmed","27124624","create date:2016/04/29 | first author:Coogan PF",
"Tuberculosis transmission: sputum vs aerosols.","/pubmed/27352747","Acuña-Villaorduña C, White LF, Fennelly KP, Jones-López EC.","Lancet Infect Dis. 2016 Jul;16(7):770-1. doi: 10.1016/S1473-3099(16)30075-5. No abstract available. ","Lancet Infect Dis.  2016","PubMed","citation","PMID:27352747","pubmed","27352747","create date:2016/06/30 | first author:Acuña-Villaorduña C",
"Detained Adolescents: Mental Health Needs, Treatment Use, and Recidivism.","/pubmed/27236176","White LM, Lau KS, Aalsma MC.","J Am Acad Psychiatry Law. 2016 Jun;44(2):200-12.","J Am Acad Psychiatry Law.  2016","PubMed","citation","PMID:27236176","pubmed","27236176","create date:2016/05/29 | first author:White LM",
"Comparing the Cost of Caring for Medicare Beneficiaries in Federally Funded Health Centers to Other Care Settings.","/pubmed/26213167","Mukamel DB, White LM, Nocon RS, Huang ES, Sharma R, Shi L, Ngo-Metzger Q.","Health Serv Res. 2016 Apr;51(2):625-44. doi: 10.1111/1475-6773.12339.","Health Serv Res.  2016","PubMed","citation","PMID:26213167 | PMCID:PMC4799905","pubmed","26213167","create date:2015/07/28 | first author:Mukamel DB",
"PM2.5 and Diabetes and Hypertension Incidence in the Black Women's Health Study.","/pubmed/26595125","Coogan PF, White LF, Yu J, Burnett RT, Seto E, Brook RD, Palmer JR, Rosenberg L, Jerrett M.","Epidemiology. 2016 Mar;27(2):202-10. doi: 10.1097/EDE.0000000000000418.","Epidemiology.  2016","PubMed","citation","PMID:26595125","pubmed","26595125","create date:2015/11/26 | first author:Coogan PF",
"Subpubic Cartilaginous Cyst: A Rare Sub-Clitoral Mass.","/pubmed/27032732","Healy CF, Pang E, Bakhsh S, White L, McAlpine JN, Yee WC, Harris AC.","J Obstet Gynaecol Can. 2016 Feb;38(2):102-3. doi: 10.1016/j.jogc.2015.12.005. English, French.  No abstract available. ","J Obstet Gynaecol Can.  2016","PubMed","citation","PMID:27032732","pubmed","27032732","create date:2016/04/02 | first author:Healy CF",
"Temporal aspects of air pollutant measures in epidemiologic analysis: a simulation study.","/pubmed/26791428","White LF, Yu J, Jerrett M, Coogan P.","Sci Rep. 2016 Jan 21;6:19691. doi: 10.1038/srep19691.","Sci Rep.  2016","PubMed","citation","PMID:26791428 | PMCID:PMC4726372","pubmed","26791428","create date:2016/01/23 | first author:White LF",
"The ""Critical"" Elements of Illness Management and Recovery: Comparing Methodological Approaches.","/pubmed/25425013","McGuire AB, Luther L, White D, White LM, McGrew J, Salyers MP.","Adm Policy Ment Health. 2016 Jan;43(1):1-10. doi: 10.1007/s10488-014-0614-9.","Adm Policy Ment Health.  2016","PubMed","citation","PMID:25425013 | PMCID:PMC5015682","pubmed","25425013","create date:2014/11/27 | first author:McGuire AB",
"Factors Associated With Hospital Length of Stay Following Fibular Free-Tissue Reconstruction of Head and Neck Defects: Assessment Using the American College of Surgeons National Surgical Quality Improvement Program (ACS NSQIP) Criteria.","/pubmed/25905986","White LJ, Zhang H, Strickland KF, El-Deiry MW, Patel MR, Wadsworth JT, Chen AY.","JAMA Otolaryngol Head Neck Surg. 2015 Dec;141(12):1052-8. doi: 10.1001/jamaoto.2015.0756. Erratum in: JAMA Otolaryngol Head Neck Surg. 2015 Dec;141(12):1095. ","JAMA Otolaryngol Head Neck Surg.  2015","PubMed","citation","PMID:25905986","pubmed","25905986","create date:2015/04/24 | first author:White LJ",
"Factors affecting implementation of an evidence-based practice in the Veterans Health Administration: Illness management and recovery.","/pubmed/25844913","McGuire AB, Salyers MP, White DA, Gilbride DJ, White LM, Kean J, Kukla M.","Psychiatr Rehabil J. 2015 Dec;38(4):300-5. doi: 10.1037/prj0000116.","Psychiatr Rehabil J.  2015","PubMed","citation","PMID:25844913","pubmed","25844913","create date:2015/04/07 | first author:McGuire AB",
"Cough Aerosol Cultures of Mycobacterium tuberculosis: Insights on TST / IGRA Discordance and Transmission Dynamics.","/pubmed/26394149","Jones-López EC, White LF, Kirenga B, Mumbowa F, Ssebidandi M, Moine S, Mbabazi O, Mboowa G, Ayakaka I, Kim S, Thornton CS, Okwera A, Joloba M, Fennelly KP.","PLoS One. 2015 Sep 22;10(9):e0138358. doi: 10.1371/journal.pone.0138358.","PLoS One.  2015","PubMed","citation","PMID:26394149 | PMCID:PMC4578948","pubmed","26394149","create date:2015/09/24 | first author:Jones-López EC",
"Job-related burnout among juvenile probation officers: Implications for mental health stigma and competency.","/pubmed/26009896","White LM, Aalsma MC, Holloway ED, Adams EL, Salyers MP.","Psychol Serv. 2015 Aug;12(3):291-302. doi: 10.1037/ser0000031.","Psychol Serv.  2015","PubMed","citation","PMID:26009896","pubmed","26009896","create date:2015/05/27 | first author:White LM",
"Behavioral Health Care Needs, Detention-Based Care, and Criminal Recidivism at Community Reentry From Juvenile Detention: A Multisite Survival Curve Analysis.","/pubmed/25973804","Aalsma MC, White LM, Lau KS, Perkins A, Monahan P, Grisso T.","Am J Public Health. 2015 Jul;105(7):1372-8. doi: 10.2105/AJPH.2014.302529.","Am J Public Health.  2015","PubMed","citation","PMID:25973804","pubmed","25973804","create date:2015/05/15 | first author:Aalsma MC",
"Treatment of Cases of Neisseria gonorrhoeae and Chlamydia trachomatis in Emergency Department Patients.","/pubmed/26222746","Schechter-Perkins EM, Jenkins D, White LF, Mitchell PM.","Sex Transm Dis. 2015 Jul;42(7):353-7. doi: 10.1097/OLQ.0000000000000299.","Sex Transm Dis.  2015","PubMed","citation","PMID:26222746","pubmed","26222746","create date:2015/07/30 | first author:Schechter-Perkins EM",
"Stress Management and Relaxation Techniques use among underserved inpatients in an inner city hospital.","/pubmed/26051576","Gardiner P, Sadikova E, Filippelli AC, Mitchell S, White LF, Saper R, Kaptchuk TJ, Jack BW, Fredman L.","Complement Ther Med. 2015 Jun;23(3):405-12. doi: 10.1016/j.ctim.2015.03.006.","Complement Ther Med.  2015","PubMed","citation","PMID:26051576 | PMCID:PMC4460566","pubmed","26051576","create date:2015/06/09 | first author:Gardiner P",
"Measuring preparedness for mammography in women with intellectual disabilities: a validation study of the Mammography Preparedness Measure.","/pubmed/25266546","Wang CT, Greenwood N, White LF, Wilkinson J.","J Appl Res Intellect Disabil. 2015 May;28(3):212-22. doi: 10.1111/jar.12123.","J Appl Res Intellect Disabil.  2015","PubMed","citation","PMID:25266546 | PMCID:PMC4379134","pubmed","25266546","create date:2014/10/01 | first author:Wang CT",
"Medical reconciliation of dietary supplements: don't ask, don't tell.","/pubmed/25636694","Gardiner P, Sadikova E, Filippelli AC, White LF, Jack BW.","Patient Educ Couns. 2015 Apr;98(4):512-7. doi: 10.1016/j.pec.2014.12.010.","Patient Educ Couns.  2015","PubMed","citation","PMID:25636694 | PMCID:PMC4404157","pubmed","25636694","create date:2015/02/01 | first author:Gardiner P",
"The impact of prior information on estimates of disease transmissibility using Bayesian tools.","/pubmed/25793993","Moser CB, Gupta M, Archer BN, White LF.","PLoS One. 2015 Mar 20;10(3):e0118762. doi: 10.1371/journal.pone.0118762.","PLoS One.  2015","PubMed","citation","PMID:25793993 | PMCID:PMC4368801","pubmed","25793993","create date:2015/03/21 | first author:Moser CB",
"Effectiveness of a computer module to augment the training of school staff in the management of students with food allergies.","/pubmed/25577569","White L, Aubin J, Bradford C, Alix C, Hughes L, Phipatanakul W.","Ann Allergy Asthma Immunol. 2015 Mar;114(3):254-255.e3. doi: 10.1016/j.anai.2014.11.020. No abstract available. ","Ann Allergy Asthma Immunol.  2015","PubMed","citation","PMID:25577569 | PMCID:PMC4352395","pubmed","25577569","create date:2015/01/13 | first author:White L",
"Single genome amplification and standard bulk PCR yield HIV-1 envelope products with similar genotypic and phenotypic characteristics.","/pubmed/25681527","Etemad B, Ghulam-Smith M, Gonzalez O, White LF, Sagar M.","J Virol Methods. 2015 Mar;214:46-53. doi: 10.1016/j.jviromet.2015.01.006.","J Virol Methods.  2015","PubMed","citation","PMID:25681527 | PMCID:PMC4394631","pubmed","25681527","create date:2015/02/15 | first author:Etemad B",
"Effect of below-the-knee compression stockings on severity of obstructive sleep apnea.","/pubmed/25620198","White LH, Lyons OD, Yadollahi A, Ryan CM, Bradley TD.","Sleep Med. 2015 Feb;16(2):258-64. doi: 10.1016/j.sleep.2014.12.005.","Sleep Med.  2015","PubMed","citation","PMID:25620198","pubmed","25620198","create date:2015/01/27 | first author:White LH",
"Night-to-night variability in obstructive sleep apnea severity: relationship to overnight rostral fluid shift.","/pubmed/25406274","White LH, Lyons OD, Yadollahi A, Ryan CM, Bradley TD.","J Clin Sleep Med. 2015 Jan 15;11(2):149-56. doi: 10.5664/jcsm.4462.","J Clin Sleep Med.  2015","PubMed","citation","PMID:25406274 | PMCID:PMC4298772","pubmed","25406274","create date:2014/11/20 | first author:White LH",
"Medication and Dietary Supplement Interactions among a Low-Income, Hospitalized Patient Population Who Take Cardiac Medications.","/pubmed/25949262","Gardiner P, Filippelli AC, Sadikova E, White LF, Jack BW.","Evid Based Complement Alternat Med. 2015;2015:429826. doi: 10.1155/2015/429826.","Evid Based Complement Alternat Med.  2015","PubMed","citation","PMID:25949262 | PMCID:PMC4407526","pubmed","25949262","create date:2015/05/08 | first author:Gardiner P",
"Evaluation of the Utility of the Edmonton Symptom Assessment System (revised) Scale on a Tertiary Palliative Care Unit.","/pubmed/26399090","Beddard-Huber E, Jayaraman J, White L, Yeomans W.","J Palliat Care. 2015;31(1):44-50.","J Palliat Care.  2015","PubMed","citation","PMID:26399090","pubmed","26399090","create date:2015/09/25 | first author:Beddard-Huber E",
"Spatio Temporal Influence of Isoflavonoids on Bacterial Diversity in the Soybean Rhizosphere.","/pubmed/25303334","White LJ, Jothibasu K, Reese RN, Brözel VS, Subramanian S.","Mol Plant Microbe Interact. 2015 Jan;28(1):22-9. doi: 10.1094/MPMI-08-14-0247-R.","Mol Plant Microbe Interact.  2015","PubMed","citation","PMID:25303334","pubmed","25303334","create date:2014/10/11 | first author:White LJ",
"Current practices of screening for incident hepatitis C virus (HCV) infection among HIV-infected, HCV-uninfected individuals in primary care.","/pubmed/25186591","Freiman JM, Huang W, White LF, Geng EH, Hurt CB, Taylor LE, Overton ET, Cachay ER, Kitahata MM, Moore RD, Rodriguez B, Mayer KH, Linas BP.","Clin Infect Dis. 2014 Dec 15;59(12):1686-93. doi: 10.1093/cid/ciu698.","Clin Infect Dis.  2014","PubMed","citation","PMID:25186591 | PMCID:PMC4311177","pubmed","25186591","create date:2014/09/05 | first author:Freiman JM",
"Characterization of HIV-1 envelopes in acutely and chronically infected injection drug users.","/pubmed/25430652","Etemad B, Gonzalez OA, White L, Laeyendecker O, Kirk GD, Mehta S, Sagar M.","Retrovirology. 2014 Nov 28;11:106. doi: 10.1186/s12977-014-0106-8.","Retrovirology.  2014","PubMed","citation","PMID:25430652 | PMCID:PMC4253609","pubmed","25430652","create date:2014/11/29 | first author:Etemad B",
"Relationship of circadian pattern of urine sodium excretion to hypertension and obstructive sleep apnoea.","/pubmed/25160500","White LH, Bradley TD, Logan AG.","J Hypertens. 2014 Nov;32(11):2253-60; discussion 2260. doi: 10.1097/HJH.0000000000000327.","J Hypertens.  2014","PubMed","citation","PMID:25160500","pubmed","25160500","create date:2014/08/28 | first author:White LH",
"A randomized, double crossover study to investigate the influence of saline infusion on sleep apnea severity in men.","/pubmed/25197812","Yadollahi A, Gabriel JM, White LH, Taranto Montemurro L, Kasai T, Bradley TD.","Sleep. 2014 Oct 1;37(10):1699-705. doi: 10.5665/sleep.4084.","Sleep.  2014","PubMed","citation","PMID:25197812 | PMCID:PMC4173926","pubmed","25197812","create date:2014/09/10 | first author:Yadollahi A",
"Utility, limitations, and future of non-human primates for dengue research and vaccine development.","/pubmed/25309540","Sariol CA, White LJ.","Front Immunol. 2014 Sep 24;5:452. doi: 10.3389/fimmu.2014.00452. Review.","Front Immunol.  2014","PubMed","citation","PMID:25309540 | PMCID:PMC4174039","pubmed","25309540","create date:2014/10/14 | first author:Sariol CA",
"Parenthood and severe mental illness: relationships with recovery.","/pubmed/24819698","Bonfils KA, Adams EL, Firmin RL, White LM, Salyers MP.","Psychiatr Rehabil J. 2014 Sep;37(3):186-93. doi: 10.1037/prj0000072.","Psychiatr Rehabil J.  2014","PubMed","citation","PMID:24819698 | PMCID:PMC4152421","pubmed","24819698","create date:2014/05/14 | first author:Bonfils KA",
"Assertive community treatment for parents with serious mental illnesses: a comparison of ""parent-sensitive"" assertive community treatment teams versus other teams.","/pubmed/24564344","White LM, McGrew JH, Salyers MP, Firmin RL.","Psychiatr Rehabil J. 2014 Sep;37(3):251-60. doi: 10.1037/prj0000050.","Psychiatr Rehabil J.  2014","PubMed","citation","PMID:24564344","pubmed","24564344","create date:2014/02/26 | first author:White LM",
"An alphavirus-based adjuvant enhances serum and mucosal antibodies, T cells, and protective immunity to influenza virus in neonatal mice.","/pubmed/24899195","Khalil SM, Tonkin DR, Snead AT, Parks GD, Johnston RE, White LJ.","J Virol. 2014 Aug;88(16):9182-96. doi: 10.1128/JVI.00327-14.","J Virol.  2014","PubMed","citation","PMID:24899195 | PMCID:PMC4136293","pubmed","24899195","create date:2014/06/06 | first author:Khalil SM",
"A tetravalent alphavirus-vector based dengue vaccine provides effective immunity in an early life mouse model.","/pubmed/24882043","Khalil SM, Tonkin DR, Mattocks MD, Snead AT, Johnston RE, White LJ.","Vaccine. 2014 Jul 7;32(32):4068-74. doi: 10.1016/j.vaccine.2014.05.053.","Vaccine.  2014","PubMed","citation","PMID:24882043 | PMCID:PMC4487803","pubmed","24882043","create date:2014/06/03 | first author:Khalil SM",
"Polypoid changes of the middle turbinate as an indicator of atopic disease.","/pubmed/24449408","White LJ, Rotella MR, DelGaudio JM.","Int Forum Allergy Rhinol. 2014 May;4(5):376-80. doi: 10.1002/alr.21290.","Int Forum Allergy Rhinol.  2014","PubMed","citation","PMID:24449408","pubmed","24449408","create date:2014/01/23 | first author:White LJ",
"Determining the dynamics of influenza transmission by age.","/pubmed/24656239","White LF, Archer B, Pagano M.","Emerg Themes Epidemiol. 2014 Mar 21;11(1):4. doi: 10.1186/1742-7622-11-4.","Emerg Themes Epidemiol.  2014","PubMed","citation","PMID:24656239 | PMCID:PMC3997935","pubmed","24656239","create date:2014/03/25 | first author:White LF",
"The policy implications of the cost structure of home health agencies.","/pubmed/24949224","Mukamel DB, Fortinsky RH, White A, Harrington C, White LM, Ngo-Metzger Q.","Medicare Medicaid Res Rev. 2014 Feb 12;4(1). pii: mmrr2014.004.01.a03. doi: 10.5600/mmrr2014-004-01-a03.","Medicare Medicaid Res Rev.  2014","PubMed","citation","PMID:24949224 | PMCID:PMC4062313","pubmed","24949224","create date:2014/06/21 | first author:Mukamel DB",
"Dengue virus envelope protein domain I/II hinge determines long-lived serotype-specific dengue immunity.","/pubmed/24385585","Messer WB, de Alwis R, Yount BL, Royal SR, Huynh JP, Smith SA, Crowe JE Jr, Doranz BJ, Kahle KM, Pfaff JM, White LJ, Sariol CA, de Silva AM, Baric RS.","Proc Natl Acad Sci U S A. 2014 Feb 4;111(5):1939-44. doi: 10.1073/pnas.1317350111. Erratum in: Proc Natl Acad Sci U S A. 2014 Apr 22;111(16):6115.  Retraction in: Proc Natl Acad Sci U S A. 2015 May 19;112(20):E2738. ","Proc Natl Acad Sci U S A.  2014","PubMed","citation","PMID:24385585 | PMCID:PMC3918811","pubmed","24385585","create date:2014/01/05 | first author:Messer WB",
"Effect of rostral fluid shift on pharyngeal resistance in men with and without obstructive sleep apnea.","/pubmed/24280382","White LH, Motwani S, Kasai T, Yumino D, Amirthalingam V, Bradley TD.","Respir Physiol Neurobiol. 2014 Feb 1;192:17-22. doi: 10.1016/j.resp.2013.11.002.","Respir Physiol Neurobiol.  2014","PubMed","citation","PMID:24280382","pubmed","24280382","create date:2013/11/28 | first author:White LH",
"Right ventricular dilatation on bedside echocardiography performed by emergency physicians aids in the diagnosis of pulmonary embolism.","/pubmed/24075286","Dresden S, Mitchell P, Rahimi L, Leo M, Rubin-Smith J, Bibi S, White L, Langlois B, Sullivan A, Carmody K.","Ann Emerg Med. 2014 Jan;63(1):16-24. doi: 10.1016/j.annemergmed.2013.08.016.","Ann Emerg Med.  2014","PubMed","citation","PMID:24075286","pubmed","24075286","create date:2013/10/01 | first author:Dresden S",
"Measuring staff empowerment regarding health care for clients with intellectual disabilities.","/pubmed/24719760","Wilkinson J, Greenwood NW, Wang CT, White LF, Culpepper L.","Int J Family Med. 2014;2014:678127. doi: 10.1155/2014/678127.","Int J Family Med.  2014","PubMed","citation","PMID:24719760 | PMCID:PMC3955629","pubmed","24719760","create date:2014/04/11 | first author:Wilkinson J",
"Facilitating the use of implicit memory and learning in the physical therapy management of individuals with Alzheimer disease: a case series.","/pubmed/23459238","White L, Ford MP, Brown CJ, Peel C, Triebel KL.","J Geriatr Phys Ther. 2014 Jan-Mar;37(1):35-44. doi: 10.1519/JPT.0b013e3182862d2c.","J Geriatr Phys Ther.  2014","PubMed","citation","PMID:23459238","pubmed","23459238","create date:2013/03/06 | first author:White L",
"External validation of the Cardiff model of information sharing to reduce community violence: natural experiment.","/pubmed/23184923","Boyle AA, Snelling K, White L, Ariel B, Ashelford L.","Emerg Med J. 2013 Dec;30(12):1020-3. doi: 10.1136/emermed-2012-201898.","Emerg Med J.  2013","PubMed","citation","PMID:23184923","pubmed","23184923","create date:2012/11/28 | first author:Boyle AA",
"Hairy polyp of the anterior nasal cavity.","/pubmed/24067950","White LJ, Shehata BM, Rajan R.","Otolaryngol Head Neck Surg. 2013 Dec;149(6):961-2. doi: 10.1177/0194599813506527. No abstract available. ","Otolaryngol Head Neck Surg.  2013","PubMed","citation","PMID:24067950","pubmed","24067950","create date:2013/09/27 | first author:White LJ",
"Implementation of illness management and recovery in the Veterans Administration: an on-line survey.","/pubmed/24320835","McGuire AB, White DA, White LM, Salyers MP.","Psychiatr Rehabil J. 2013 Dec;36(4):264-71. doi: 10.1037/prj0000032.","Psychiatr Rehabil J.  2013","PubMed","citation","PMID:24320835","pubmed","24320835","create date:2013/12/11 | first author:McGuire AB",
Title,URL,Description,Details,ShortDetails,Resource,Type,Identifiers,Db,EntrezUID,Properties
"Role of humoral versus cellular responses induced by a protective dengue vaccine candidate.","/pubmed/24204271","Zellweger RM, Miller R, Eddy WE, White LJ, Johnston RE, Shresta S.","PLoS Pathog. 2013 Oct;9(10):e1003723. doi: 10.1371/journal.ppat.1003723.","PLoS Pathog.  2013","PubMed","citation","PMID:24204271 | PMCID:PMC3814346","pubmed","24204271","create date:2013/11/10 | first author:Zellweger RM",
"Complementary and alternative medicine use among patients with thyroid cancer.","/pubmed/23350883","Rosen JE, Gardiner P, Saper RB, Filippelli AC, White LF, Pearce EN, Gupta-Lawrence RL, Lee SL.","Thyroid. 2013 Oct;23(10):1238-46. doi: 10.1089/thy.2012.0495.","Thyroid.  2013","PubMed","citation","PMID:23350883 | PMCID:PMC3783927","pubmed","23350883","create date:2013/01/29 | first author:Rosen JE",
"Acute kidney injury is surprisingly common and a powerful predictor of mortality in surgical sepsis.","/pubmed/24089113","White LE, Hassoun HT, Bihorac A, Moore LJ, Sailors RM, McKinley BA, Valdivia A, Moore FA.","J Trauma Acute Care Surg. 2013 Sep;75(3):432-8. doi: 10.1097/TA.0b013e31829de6cd.","J Trauma Acute Care Surg.  2013","PubMed","citation","PMID:24089113 | PMCID:PMC3823059","pubmed","24089113","create date:2013/10/04 | first author:White LE",
"Emergency department visits after hospital discharge: a missing part of the equation.","/pubmed/23562776","Rising KL, White LF, Fernandez WG, Boutwell AE.","Ann Emerg Med. 2013 Aug;62(2):145-50. doi: 10.1016/j.annemergmed.2013.01.024.","Ann Emerg Med.  2013","PubMed","citation","PMID:23562776","pubmed","23562776","create date:2013/04/09 | first author:Rising KL",
"A systematic review of the prevalence of herb usage among racial/ethnic minorities in the United States.","/pubmed/22723252","Gardiner P, Whelan J, White LF, Filippelli AC, Bharmal N, Kaptchuk TJ.","J Immigr Minor Health. 2013 Aug;15(4):817-28. doi: 10.1007/s10903-012-9661-z. Review.","J Immigr Minor Health.  2013","PubMed","citation","PMID:22723252 | PMCID:PMC4401997","pubmed","22723252","create date:2012/06/23 | first author:Gardiner P",
"Estimating the reproductive number in the presence of spatial heterogeneity of transmission patterns.","/pubmed/23890514","White LF, Archer B, Pagano M.","Int J Health Geogr. 2013 Jul 26;12:35. doi: 10.1186/1476-072X-12-35.","Int J Health Geogr.  2013","PubMed","citation","PMID:23890514 | PMCID:PMC3735474","pubmed","23890514","create date:2013/07/31 | first author:White LF",
"Parents served by assertive community treatment: prevalence, treatment services, and provider attitudes.","/pubmed/23436146","White LM, McGrew JH.","J Behav Health Serv Res. 2013 Jul;40(3):263-78. doi: 10.1007/s11414-013-9321-7.","J Behav Health Serv Res.  2013","PubMed","citation","PMID:23436146","pubmed","23436146","create date:2013/02/26 | first author:White LM",
"Distance-based mapping of disease risk.","/pubmed/23658215","Jeffery C, Ozonoff A, White LF, Pagano M.","Int J Biostat. 2013 May 7;9(2):265-90. doi: 10.1515/ijb-2012-0024.","Int J Biostat.  2013","PubMed","citation","PMID:23658215","pubmed","23658215","create date:2013/05/10 | first author:Jeffery C",
"Self-assessed fidelity: proceed with caution: in reply.","/pubmed/23543173","McGrew JH, White LM, Stull LG.","Psychiatr Serv. 2013 Apr 1;64(4):394. doi: 10.1176/appi.ps.640419. No abstract available. ","Psychiatr Serv.  2013","PubMed","citation","PMID:23543173","pubmed","23543173","create date:2013/04/02 | first author:McGrew JH",
"A systematic review of the reporting of adverse events associated with medical herb use among children.","/pubmed/24416663","Gardiner P, Adams D, Filippelli AC, Nasser H, Saper R, White L, Vohra S.","Glob Adv Health Med. 2013 Mar;2(2):46-55. doi: 10.7453/gahmj.2012.071. Review.","Glob Adv Health Med.  2013","PubMed","citation","PMID:24416663 | PMCID:PMC3833530","pubmed","24416663","create date:2014/01/15 | first author:Gardiner P",
"Role of nocturnal rostral fluid shift in the pathogenesis of obstructive and central sleep apnoea.","/pubmed/23230237","White LH, Bradley TD.","J Physiol. 2013 Mar 1;591(5):1179-93. doi: 10.1113/jphysiol.2012.245159. Review.","J Physiol.  2013","PubMed","citation","PMID:23230237 | PMCID:PMC3607865","pubmed","23230237","create date:2012/12/12 | first author:White LH",
"An alphavirus vector-based tetravalent dengue vaccine induces a rapid and protective immune response in macaques that differs qualitatively from immunity induced by live virus infection.","/pubmed/23302884","White LJ, Sariol CA, Mattocks MD, Wahala M P B W, Yingsiwaphat V, Collier ML, Whitley J, Mikkelsen R, Rodriguez IV, Martinez MI, de Silva A, Johnston RE.","J Virol. 2013 Mar;87(6):3409-24. doi: 10.1128/JVI.02298-12.","J Virol.  2013","PubMed","citation","PMID:23302884 | PMCID:PMC3592161","pubmed","23302884","create date:2013/01/11 | first author:White LJ",
"Parents served by assertive community treatment: parenting needs, services, and attitudes.","/pubmed/23477646","White LM, McGrew JH, Salyers MP.","Psychiatr Rehabil J. 2013 Mar;36(1):22-7. doi: 10.1037/h0094743.","Psychiatr Rehabil J.  2013","PubMed","citation","PMID:23477646 | PMCID:PMC3980453","pubmed","23477646","create date:2013/03/13 | first author:White LM",
"A comparison of self-reported and phone-administered methods of ACT fidelity assessment: a pilot study in Indiana.","/pubmed/23280337","McGrew JH, White LM, Stull LG, Wright-Berryman J.","Psychiatr Serv. 2013 Mar 1;64(3):272-6. doi: 10.1176/appi.ps.001252012.","Psychiatr Serv.  2013","PubMed","citation","PMID:23280337 | PMCID:PMC4058097","pubmed","23280337","create date:2013/01/03 | first author:McGrew JH",
"Health literacy and complementary and alternative medicine use among underserved inpatients in a safety net hospital.","/pubmed/24093362","Gardiner P, Mitchell S, Filippelli AC, Sadikova E, White LF, Paasche-Orlow MK, Jack BW.","J Health Commun. 2013;18 Suppl 1:290-7. doi: 10.1080/10810730.2013.830663.","J Health Commun.  2013","PubMed","citation","PMID:24093362 | PMCID:PMC3814611","pubmed","24093362","create date:2013/10/08 | first author:Gardiner P",
"Recurrent prosthetic valve endocarditis with aortic-ventricular disruption: a surgical challenge.","/pubmed/23611000","Ramlawi B, White LE, Santora RJ, Reardon MJ.","J Heart Valve Dis. 2013 Jan;22(1):126-32.","J Heart Valve Dis.  2013","PubMed","citation","PMID:23611000","pubmed","23611000","create date:2013/04/25 | first author:Ramlawi B",
"Does mandatory inpatient alcohol detoxification reduce emergency department recidivism, hospital admissions, and emergency medical services transports for patients with chronic, severe alcohol dependence?","/pubmed/19944550","Duong DK, Rathlev NK, McGrath ME, White LF, Mitchell P.","J Emerg Med. 2012 Nov;43(5):883-8. doi: 10.1016/j.jemermed.2009.09.019.","J Emerg Med.  2012","PubMed","citation","PMID:19944550","pubmed","19944550","create date:2009/12/01 | first author:Duong DK",
"The influence of neighborhood socioeconomic status and walkability on TV viewing time.","/pubmed/22207592","Coogan PF, White LF, Evans SR, Palmer JR, Rosenberg L.","J Phys Act Health. 2012 Nov;9(8):1074-9.","J Phys Act Health.  2012","PubMed","citation","PMID:22207592 | PMCID:PMC3786398","pubmed","22207592","create date:2011/12/31 | first author:Coogan PF",
"The relationship between rural status, individual characteristics, and self-rated health in the Behavioral Risk Factor Surveillance System.","/pubmed/23083079","Bethea TN, Lopez RP, Cozier YC, White LF, McClean MD.","J Rural Health. 2012 Fall;28(4):327-38. doi: 10.1111/j.1748-0361.2012.00414.x.","J Rural Health.  2012","PubMed","citation","PMID:23083079 | PMCID:PMC3481191","pubmed","23083079","create date:2012/10/23 | first author:Bethea TN",
"Lung T lymphocyte trafficking and activation during ischemic acute kidney injury.","/pubmed/22888136","Lie ML, White LE, Santora RJ, Park JM, Rabb H, Hassoun HT.","J Immunol. 2012 Sep 15;189(6):2843-51. doi: 10.4049/jimmunol.1103254.","J Immunol.  2012","PubMed","citation","PMID:22888136","pubmed","22888136","create date:2012/08/14 | first author:Lie ML",
"TNFR1-dependent pulmonary apoptosis during ischemic acute kidney injury.","/pubmed/22728466","White LE, Santora RJ, Cui Y, Moore FA, Hassoun HT.","Am J Physiol Lung Cell Mol Physiol. 2012 Sep;303(5):L449-59. doi: 10.1152/ajplung.00301.2011.","Am J Physiol Lung Cell Mol Physiol.  2012","PubMed","citation","PMID:22728466 | PMCID:PMC3468427","pubmed","22728466","create date:2012/06/26 | first author:White LE",
"Non-Insertive Acupuncture and Neonatal Abstinence Syndrome: A Case Series from an Inner City Safety Net Hospital.","/pubmed/24078899","Filippelli AC, White LF, Spellman LW, Broderick M, Highfield ES, Sommers E, Gardiner P.","Glob Adv Health Med. 2012 Sep;1(4):48-52.","Glob Adv Health Med.  2012","PubMed","citation","PMID:24078899 | PMCID:PMC3783013","pubmed","24078899","create date:2013/10/01 | first author:Filippelli AC",
"Coprevalence of anxiety and depression with spasmodic dysphonia: a case-control study.","/pubmed/22209056","White LJ, Hapner ER, Klein AM, Delgaudio JM, Hanfelt JJ, Jinnah HA, Johns MM 3rd.","J Voice. 2012 Sep;26(5):667.e1-6. doi: 10.1016/j.jvoice.2011.08.011.","J Voice.  2012","PubMed","citation","PMID:22209056 | PMCID:PMC3495551","pubmed","22209056","create date:2012/01/03 | first author:White LJ",
"Development and reliability of a measure of clinician competence in providing illness management and recovery.","/pubmed/22854724","McGuire AB, Stull LG, Mueser KT, Santos M, Mook A, Rose N, Tunze C, White LM, Salyers MP.","Psychiatr Serv. 2012 Aug;63(8):772-8. doi: 10.1176/appi.ps.201100144.","Psychiatr Serv.  2012","PubMed","citation","PMID:22854724","pubmed","22854724","create date:2012/08/03 | first author:McGuire AB",
"Lung endothelial cell apoptosis during ischemic acute kidney injury.","/pubmed/22777112","White LE, Cui Y, Shelak CM, Lie ML, Hassoun HT.","Shock. 2012 Aug;38(3):320-7. doi: 10.1097/SHK.0b013e31826359d0.","Shock.  2012","PubMed","citation","PMID:22777112","pubmed","22777112","create date:2012/07/11 | first author:White LE",
"Bilateral common carotid artery ligation transiently changes brain lipid metabolism in rats.","/pubmed/22422289","Bhattacharjee AK, White L, Chang L, Ma K, Harry GJ, Deutsch J, Rapoport SI.","Neurochem Res. 2012 Jul;37(7):1490-8. doi: 10.1007/s11064-012-0740-2.","Neurochem Res.  2012","PubMed","citation","PMID:22422289 | PMCID:PMC3478069","pubmed","22422289","create date:2012/03/17 | first author:Bhattacharjee AK",
"Differences in head and neck cancer risk perception between smoking and nonsmoking NASCAR attendees.","/pubmed/22368040","White LJ, Chin-Quee AL, Berg CJ, Wise JC, Hapner ER.","Otolaryngol Head Neck Surg. 2012 Jul;147(1):63-8. doi: 10.1177/0194599812438662.","Otolaryngol Head Neck Surg.  2012","PubMed","citation","PMID:22368040","pubmed","22368040","create date:2012/03/01 | first author:White LJ",
"Identification of human neutralizing antibodies that bind to complex epitopes on dengue virions.","/pubmed/22499787","de Alwis R, Smith SA, Olivarez NP, Messer WB, Huynh JP, Wahala WM, White LJ, Diamond MS, Baric RS, Crowe JE Jr, de Silva AM.","Proc Natl Acad Sci U S A. 2012 May 8;109(19):7439-44. doi: 10.1073/pnas.1200566109.","Proc Natl Acad Sci U S A.  2012","PubMed","citation","PMID:22499787 | PMCID:PMC3358852","pubmed","22499787","create date:2012/04/14 | first author:de Alwis R",
"Time series analysis of emergency department length of stay per 8-hour shift.","/pubmed/22900106","Rathlev NK, Obendorfer D, White LF, Rebholz C, Magauran B, Baker W, Ulrich A, Fisher L, Olshaker J.","West J Emerg Med. 2012 May;13(2):163-8. doi: 10.5811/westjem.2011.7.6743.","West J Emerg Med.  2012","PubMed","citation","PMID:22900106 | PMCID:PMC3415804","pubmed","22900106","create date:2012/08/18 | first author:Rathlev NK",
"Early activation of the host complement system is required to restrict central nervous system invasion and limit neuropathology during Venezuelan equine encephalitis virus infection.","/pubmed/22205717","Brooke CB, Schäfer A, Matsushima GK, White LJ, Johnston RE.","J Gen Virol. 2012 Apr;93(Pt 4):797-806. doi: 10.1099/vir.0.038281-0.","J Gen Virol.  2012","PubMed","citation","PMID:22205717 | PMCID:PMC3542714","pubmed","22205717","create date:2011/12/30 | first author:Brooke CB",
"Recombinant dengue type 2 viruses with altered e protein domain III epitopes are efficiently neutralized by human immune sera.","/pubmed/22278250","Wahala WM, Huang C, Butrapet S, White LJ, de Silva AM.","J Virol. 2012 Apr;86(7):4019-23. doi: 10.1128/JVI.06871-11.","J Virol.  2012","PubMed","citation","PMID:22278250 | PMCID:PMC3302537","pubmed","22278250","create date:2012/01/27 | first author:Wahala WM",
"Outcomes of Pseudomonas eradication therapy in patients with non-cystic fibrosis bronchiectasis.","/pubmed/22204744","White L, Mirrani G, Grover M, Rollason J, Malin A, Suntharalingam J.","Respir Med. 2012 Mar;106(3):356-60. doi: 10.1016/j.rmed.2011.11.018.","Respir Med.  2012","PubMed","citation","PMID:22204744","pubmed","22204744","create date:2011/12/30 | first author:White L",
"Air pollution and incidence of hypertension and diabetes mellitus in black women living in Los Angeles.","/pubmed/22219348","Coogan PF, White LF, Jerrett M, Brook RD, Su JG, Seto E, Burnett R, Palmer JR, Rosenberg L.","Circulation. 2012 Feb 14;125(6):767-72. doi: 10.1161/CIRCULATIONAHA.111.052753.","Circulation.  2012","PubMed","citation","PMID:22219348 | PMCID:PMC3326581","pubmed","22219348","create date:2012/01/06 | first author:Coogan PF",
"Use of National Surgical Quality Improvement Program outcomes data to change guidelines: a sound idea?","/pubmed/22351906","White LE, Hassoun HT.","Arch Surg. 2012 Feb;147(2):124. doi: 10.1001/archsurg.2011.1036. No abstract available. ","Arch Surg.  2012","PubMed","citation","PMID:22351906","pubmed","22351906","create date:2012/02/22 | first author:White LE",
"Inflammatory Mechanisms of Organ Crosstalk during Ischemic Acute Kidney Injury.","/pubmed/21826270","White LE, Hassoun HT.","Int J Nephrol. 2012;2012:505197. doi: 10.4061/2012/505197.","Int J Nephrol.  2012","PubMed","citation","PMID:21826270 | PMCID:PMC3118535","pubmed","21826270","create date:2011/08/10 | first author:White LE",
"Conducting school-based research: lessons learned from an after-school intervention study.","/pubmed/22153147","White LS.","J Pediatr Health Care. 2012 Jan-Feb;26(1):75-9. doi: 10.1016/j.pedhc.2011.05.001.","J Pediatr Health Care.  2012","PubMed","citation","PMID:22153147","pubmed","22153147","create date:2011/12/14 | first author:White LS",
"Reducing stress in school-age girls through mindful yoga.","/pubmed/22153143","White LS.","J Pediatr Health Care. 2012 Jan-Feb;26(1):45-56. doi: 10.1016/j.pedhc.2011.01.002.","J Pediatr Health Care.  2012","PubMed","citation","PMID:22153143","pubmed","22153143","create date:2011/12/14 | first author:White LS",
"Reproductive number and serial interval of the first wave of influenza A(H1N1)pdm09 virus in South Africa.","/pubmed/23166682","Archer BN, Tempia S, White LF, Pagano M, Cohen C.","PLoS One. 2012;7(11):e49482. doi: 10.1371/journal.pone.0049482.","PLoS One.  2012","PubMed","citation","PMID:23166682 | PMCID:PMC3500305","pubmed","23166682","create date:2012/11/21 | first author:Archer BN",
"Impact of an emergency department closure on the local emergency medical services system.","/pubmed/22191683","El Sayed M, Mitchell PM, White LF, Rubin-Smith JE, Maciejko TM, Obendorfer DT, Ulrich AS, Dyer S, Olshaker JS.","Prehosp Emerg Care. 2012 Apr-Jun;16(2):198-203. doi: 10.3109/10903127.2011.640418.","Prehosp Emerg Care.  2012","PubMed","citation","PMID:22191683","pubmed","22191683","create date:2011/12/24 | first author:El Sayed M",
"EMS providers' perceptions of safety climate and adherence to safe work practices.","/pubmed/22128907","Eliseo LJ, Murray KA, White LF, Dyer S, Mitchell PA, Fernandez WG.","Prehosp Emerg Care. 2012 Jan-Mar;16(1):53-8. doi: 10.3109/10903127.2011.621043.","Prehosp Emerg Care.  2012","PubMed","citation","PMID:22128907","pubmed","22128907","create date:2011/12/02 | first author:Eliseo LJ",
"An automated procedure logging system improves resident documentation compliance.","/pubmed/21999559","Seufert TS, Mitchell PM, Wilcox AR, Rubin-Smith JE, White LF, McCabe KK, Schneider JI.","Acad Emerg Med. 2011 Oct;18 Suppl 2:S54-8. doi: 10.1111/j.1553-2712.2011.01183.x.","Acad Emerg Med.  2011","PubMed","citation","PMID:21999559","pubmed","21999559","create date:2011/10/26 | first author:Seufert TS",
"Quantitative urine amino acid analysis using liquid chromatography tandem mass spectrometry and aTRAQ reagents.","/pubmed/21852206","Held PK, White L, Pasquali M.","J Chromatogr B Analyt Technol Biomed Life Sci. 2011 Sep 15;879(26):2695-703. doi: 10.1016/j.jchromb.2011.07.030.","J Chromatogr B Analyt Technol Biomed Life Sci.  2011","PubMed","citation","PMID:21852206","pubmed","21852206","create date:2011/08/20 | first author:Held PK",
"Coprevalence of tremor with spasmodic dysphonia: a case-control study.","/pubmed/21792965","White LJ, Klein AM, Hapner ER, Delgaudio JM, Hanfelt JJ, Jinnah HA, Johns MM 3rd.","Laryngoscope. 2011 Aug;121(8):1752-5. doi: 10.1002/lary.21872.","Laryngoscope.  2011","PubMed","citation","PMID:21792965 | PMCID:PMC3146022","pubmed","21792965","create date:2011/07/28 | first author:White LJ",
"Surgical sepsis and organ crosstalk: the role of the kidney.","/pubmed/21324390","White LE, Chaudhary R, Moore LJ, Moore FA, Hassoun HT.","J Surg Res. 2011 May 15;167(2):306-15. doi: 10.1016/j.jss.2010.11.923. Review.","J Surg Res.  2011","PubMed","citation","PMID:21324390 | PMCID:PMC3077465","pubmed","21324390","create date:2011/02/18 | first author:White LE",
"Decreased dengue replication and an increased anti-viral humoral response with the use of combined Toll-like receptor 3 and 7/8 agonists in macaques.","/pubmed/21559444","Sariol CA, Martínez MI, Rivera F, Rodríguez IV, Pantoja P, Abel K, Arana T, Giavedoni L, Hodara V, White LJ, Angleró YI, Montaner LJ, Kraiselburd EN.","PLoS One. 2011 Apr 29;6(4):e19323. doi: 10.1371/journal.pone.0019323.","PLoS One.  2011","PubMed","citation","PMID:21559444 | PMCID:PMC3084804","pubmed","21559444","create date:2011/05/12 | first author:Sariol CA",
"Longitudinal assessment of urban form and weight gain in African-American women.","/pubmed/21406274","Coogan PF, White LF, Evans SR, Adler TJ, Hathaway KM, Palmer JR, Rosenberg L.","Am J Prev Med. 2011 Apr;40(4):411-8. doi: 10.1016/j.amepre.2010.12.013.","Am J Prev Med.  2011","PubMed","citation","PMID:21406274 | PMCID:PMC3059803","pubmed","21406274","create date:2011/03/17 | first author:Coogan PF",
"Long-term adaptive functioning outcomes of children with inherited metabolic and genetic diseases treated with hematopoietic stem cell transplantation in a single large pediatric center: parents' perspective.","/pubmed/21336168","Gassas A, Raiman J, White L, Schechter T, Clarke J, Doyle J.","J Pediatr Hematol Oncol. 2011 Apr;33(3):216-20. doi: 10.1097/MPH.0b013e3182050945.","J Pediatr Hematol Oncol.  2011","PubMed","citation","PMID:21336168","pubmed","21336168","create date:2011/02/22 | first author:Gassas A",
"Trial to end ambulance diversion in Boston: report from the conference of the Boston teaching hospitals consortium.","/pubmed/21888732","Friedman FD, Rathlev NK, White L, Epstein SK, Sayah A, Pearlmutter M, Biddinger P, Zane R, Moyer P.","Prehosp Disaster Med. 2011 Apr;26(2):122-6. doi: 10.1017/S1049023X11000070.","Prehosp Disaster Med.  2011","PubMed","citation","PMID:21888732","pubmed","21888732","create date:2011/09/06 | first author:Friedman FD",
"Medical student surgery elective in rural Haiti: a novel approach to satisfying clerkship requirements while providing surgical care to an underserved population.","/pubmed/21301838","Chin-Quee A, White L, Leeds I, MacLeod J, Master VA.","World J Surg. 2011 Apr;35(4):739-44. doi: 10.1007/s00268-011-0966-1.","World J Surg.  2011","PubMed","citation","PMID:21301838","pubmed","21301838","create date:2011/02/09 | first author:Chin-Quee A",
"The role of psychosomatic medicine in global health care.","/pubmed/20978952","Bauer AM, Bonilla P, Grover MW, Meyer F, Riselli C, White L.","Curr Psychiatry Rep. 2011 Feb;13(1):10-7. doi: 10.1007/s11920-010-0162-2. Review.","Curr Psychiatry Rep.  2011","PubMed","citation","PMID:20978952","pubmed","20978952","create date:2010/10/28 | first author:Bauer AM",
Title,URL,Description,Details,ShortDetails,Resource,Type,Identifiers,Db,EntrezUID,Properties
"IL-6 in human cytomegalovirus secretome promotes angiogenesis and survival of endothelial cells through the stimulation of survivin.","/pubmed/20930069","Botto S, Streblow DN, DeFilippis V, White L, Kreklywich CN, Smith PP, Caposio P.","Blood. 2011 Jan 6;117(1):352-61. doi: 10.1182/blood-2010-06-291245.","Blood.  2011","PubMed","citation","PMID:20930069 | PMCID:PMC3037756","pubmed","20930069","create date:2010/10/12 | first author:Botto S",
"Chikungunya virus induces IPS-1-dependent innate immune activation and protein kinase R-independent translational shutoff.","/pubmed/20962078","White LK, Sali T, Alvarado D, Gatti E, Pierre P, Streblow D, Defilippis VR.","J Virol. 2011 Jan;85(1):606-20. doi: 10.1128/JVI.00767-10.","J Virol.  2011","PubMed","citation","PMID:20962078 | PMCID:PMC3014158","pubmed","20962078","create date:2010/10/22 | first author:White LK",
"Endovascular repair of ruptured abdominal and thoracic aortic aneurysms.","/pubmed/21979121","Hassoun HT, White LE, Cheema F, Reardon MJ.","Methodist Debakey Cardiovasc J. 2011 Jul-Sep;7(3):20-4.","Methodist Debakey Cardiovasc J.  2011","PubMed","citation","PMID:21979121","pubmed","21979121","create date:2011/10/08 | first author:Hassoun HT",
"Reporting errors in infectious disease outbreaks, with an application to Pandemic Influenza A/H1N1.","/pubmed/21159178","White LF, Pagano M.","Epidemiol Perspect Innov. 2010 Dec 15;7:12. doi: 10.1186/1742-5573-7-12.","Epidemiol Perspect Innov.  2010","PubMed","citation","PMID:21159178 | PMCID:PMC3018365","pubmed","21159178","create date:2010/12/17 | first author:White LF",
"Activation of the interferon response by human cytomegalovirus occurs via cytoplasmic double-stranded DNA but not glycoprotein B.","/pubmed/20573816","DeFilippis VR, Sali T, Alvarado D, White L, Bresnahan W, Früh KJ.","J Virol. 2010 Sep;84(17):8913-25. doi: 10.1128/JVI.00169-10.","J Virol.  2010","PubMed","citation","PMID:20573816 | PMCID:PMC2919031","pubmed","20573816","create date:2010/06/25 | first author:DeFilippis VR",
"Using Abbreviated Injury Scale (AIS) codes to classify Computed Tomography (CT) features in the Marshall System.","/pubmed/20691038","Lesko MM, Woodford M, White L, O'Brien SJ, Childs C, Lecky FE.","BMC Med Res Methodol. 2010 Aug 6;10:72. doi: 10.1186/1471-2288-10-72.","BMC Med Res Methodol.  2010","PubMed","citation","PMID:20691038 | PMCID:PMC2927606","pubmed","20691038","create date:2010/08/10 | first author:Lesko MM",
"Host factors associated with the Sindbis virus RNA-dependent RNA polymerase: role for G3BP1 and G3BP2 in virus replication.","/pubmed/20392851","Cristea IM, Rozjabek H, Molloy KR, Karki S, White LL, Rice CM, Rout MP, Chait BT, MacDonald MR.","J Virol. 2010 Jul;84(13):6720-32. doi: 10.1128/JVI.01983-09.","J Virol.  2010","PubMed","citation","PMID:20392851 | PMCID:PMC2903289","pubmed","20392851","create date:2010/04/16 | first author:Cristea IM",
"T cells facilitate recovery from Venezuelan equine encephalitis virus-induced encephalomyelitis in the absence of antibody.","/pubmed/20181704","Brooke CB, Deming DJ, Whitmore AC, White LJ, Johnston RE.","J Virol. 2010 May;84(9):4556-68. doi: 10.1128/JVI.02545-09.","J Virol.  2010","PubMed","citation","PMID:20181704 | PMCID:PMC2863737","pubmed","20181704","create date:2010/02/26 | first author:Brooke CB",
"Classification system for isolated arthritis of the scaphotrapeziotrapezoidal joint.","/pubmed/20465511","White L, Clavijo J, Gilula LA, Wollstein R.","Scand J Plast Reconstr Surg Hand Surg. 2010 Apr;44(2):112-7. doi: 10.3109/02844311003675388.","Scand J Plast Reconstr Surg Hand Surg.  2010","PubMed","citation","PMID:20465511","pubmed","20465511","create date:2010/05/15 | first author:White L",
"Prospective study of urban form and physical activity in the Black Women's Health Study.","/pubmed/19808635","Coogan PF, White LF, Adler TJ, Hathaway KM, Palmer JR, Rosenberg L.","Am J Epidemiol. 2009 Nov 1;170(9):1105-17. doi: 10.1093/aje/kwp264.","Am J Epidemiol.  2009","PubMed","citation","PMID:19808635 | PMCID:PMC3031349","pubmed","19808635","create date:2009/10/08 | first author:Coogan PF",
"Estimation of the reproductive number and the serial interval in early phase of the 2009 influenza A/H1N1 pandemic in the USA.","/pubmed/19903209","White LF, Wallinga J, Finelli L, Reed C, Riley S, Lipsitch M, Pagano M.","Influenza Other Respir Viruses. 2009 Nov;3(6):267-76. doi: 10.1111/j.1750-2659.2009.00106.x.","Influenza Other Respir Viruses.  2009","PubMed","citation","PMID:19903209 | PMCID:PMC2782458","pubmed","19903209","create date:2009/11/12 | first author:White LF",
"Venezuelan equine encephalitis virus disrupts STAT1 signaling by distinct mechanisms independent of host shutoff.","/pubmed/19656875","Simmons JD, White LJ, Morrison TE, Montgomery SA, Whitmore AC, Johnston RE, Heise MT.","J Virol. 2009 Oct;83(20):10571-81. doi: 10.1128/JVI.01041-09.","J Virol.  2009","PubMed","citation","PMID:19656875 | PMCID:PMC2753124","pubmed","19656875","create date:2009/08/07 | first author:Simmons JD",
"The impact of footwear and packweight on injury and illness among long-distance hikers.","/pubmed/19737037","Anderson LS Jr, Rebholz CM, White LF, Mitchell P, Curcio EP 3rd, Feldman JA, Kahn JH.","Wilderness Environ Med. 2009 Fall;20(3):250-6. doi: 10.1580/08-WEME-OR-196R2.1.","Wilderness Environ Med.  2009","PubMed","citation","PMID:19737037","pubmed","19737037","create date:2009/09/10 | first author:Anderson LS Jr",
"N-linked glycans on dengue viruses grown in mammalian and insect cells.","/pubmed/19494052","Hacker K, White L, de Silva AM.","J Gen Virol. 2009 Sep;90(Pt 9):2097-106. doi: 10.1099/vir.0.012120-0.","J Gen Virol.  2009","PubMed","citation","PMID:19494052 | PMCID:PMC2887570","pubmed","19494052","create date:2009/06/06 | first author:Hacker K",
"The Choice of the Number of Bins for the M Statistic.","/pubmed/20161224","White LF, Bonetti M, Pagano M.","Comput Stat Data Anal. 2009 Aug 1;53(10):3640-3649.","Comput Stat Data Anal.  2009","PubMed","citation","PMID:20161224 | PMCID:PMC2703493","pubmed","20161224","create date:2010/02/18 | first author:White LF",
"Risk factors and viruses associated with hospitalization due to lower respiratory tract infections in Canadian Inuit children : a case-control study.","/pubmed/19461554","Banerji A, Greenberg D, White LF, Macdonald WA, Saxton A, Thomas E, Sage D, Mamdani M, Lanctôt KL, Mahony JB, Dingle M, Roberts A.","Pediatr Infect Dis J. 2009 Aug;28(8):697-701. doi: 10.1097/INF.0b013e31819f1f89.","Pediatr Infect Dis J.  2009","PubMed","citation","PMID:19461554","pubmed","19461554","create date:2009/05/23 | first author:Banerji A",
"Power to detect spatial disturbances under different levels of geographic aggregation.","/pubmed/19717807","Jeffery C, Ozonoff A, White LF, Nuño M, Pagano M.","J Am Med Inform Assoc. 2009 Nov-Dec;16(6):847-54. doi: 10.1197/jamia.M2788.","J Am Med Inform Assoc.  2009","PubMed","citation","PMID:19717807 | PMCID:PMC3002119","pubmed","19717807","create date:2009/09/01 | first author:Jeffery C",
"Yoga for children.","/pubmed/19916343","White LS.","Pediatr Nurs. 2009 Sep-Oct;35(5):277-83, 295.","Pediatr Nurs.  2009","PubMed","citation","PMID:19916343","pubmed","19916343","create date:2009/11/18 | first author:White LS",
"Effect of parents' wartime deployment on the behavior of young children in military families.","/pubmed/18981347","Chartrand MM, Frank DA, White LF, Shope TR.","Arch Pediatr Adolesc Med. 2008 Nov;162(11):1009-14. doi: 10.1001/archpedi.162.11.1009.","Arch Pediatr Adolesc Med.  2008","PubMed","citation","PMID:18981347","pubmed","18981347","create date:2008/11/05 | first author:Chartrand MM",
"Chronic d-amphetamine depresses an imaging marker of arachidonic acid metabolism in rat brain.","/pubmed/18570702","Bhattacharjee AK, Chang L, Chen M, White L, Bell JM, Bazinet RP, Rapoport SI.","Int J Neuropsychopharmacol. 2008 Nov;11(7):957-69. doi: 10.1017/S1461145708008833.","Int J Neuropsychopharmacol.  2008","PubMed","citation","PMID:18570702 | PMCID:PMC2676692","pubmed","18570702","create date:2008/06/24 | first author:Bhattacharjee AK",
"Use of reoperative sentinel lymph node biopsy in breast cancer patients.","/pubmed/18589362","Cox CE, Furman BT, Kiluk JV, Jara J, Koeppel W, Meade T, White L, Dupont E, Allred N, Meyers M.","J Am Coll Surg. 2008 Jul;207(1):57-61. doi: 10.1016/j.jamcollsurg.2008.01.017.","J Am Coll Surg.  2008","PubMed","citation","PMID:18589362","pubmed","18589362","create date:2008/07/01 | first author:Cox CE",
"Functional interaction between paramyxovirus fusion and attachment proteins.","/pubmed/18426797","Lee JK, Prussia A, Paal T, White LK, Snyder JP, Plemper RK.","J Biol Chem. 2008 Jun 13;283(24):16561-72. doi: 10.1074/jbc.M801018200.","J Biol Chem.  2008","PubMed","citation","PMID:18426797 | PMCID:PMC2423242","pubmed","18426797","create date:2008/04/23 | first author:Lee JK",
"Imaging apomorphine stimulation of brain arachidonic acid signaling via D2-like receptors in unanesthetized rats.","/pubmed/18274730","Bhattacharjee AK, Chang L, White L, Bazinet RP, Rapoport SI.","Psychopharmacology (Berl). 2008 May;197(4):557-66. doi: 10.1007/s00213-008-1073-3.","Psychopharmacology (Berl).  2008","PubMed","citation","PMID:18274730","pubmed","18274730","create date:2008/02/16 | first author:Bhattacharjee AK",
"BK virus nephropathy in renal transplant patients in London.","/pubmed/18408582","White LH, Casian A, Hilton R, Macphee IA, Marsh J, Sweny P, Trevitt R, Frankel AH, Warrens AN; Pan-Thames Renal Audit Group..","Transplantation. 2008 Apr 15;85(7):1008-15. doi: 10.1097/TP.0b013e31816a32fc.","Transplantation.  2008","PubMed","citation","PMID:18408582","pubmed","18408582","create date:2008/04/15 | first author:White LH",
"Effects of presentation and electrocardiogram on time to treatment of hyperkalemia.","/pubmed/18304054","Freeman K, Feldman JA, Mitchell P, Donovan J, Dyer KS, Eliseo L, White LF, Temin ES.","Acad Emerg Med. 2008 Mar;15(3):239-49. doi: 10.1111/j.1553-2712.2008.00058.x.","Acad Emerg Med.  2008","PubMed","citation","PMID:18304054","pubmed","18304054","create date:2008/02/29 | first author:Freeman K",
"Transmissibility of the influenza virus in the 1918 pandemic.","/pubmed/18231585","White LF, Pagano M.","PLoS One. 2008 Jan 30;3(1):e1498. doi: 10.1371/journal.pone.0001498.","PLoS One.  2008","PubMed","citation","PMID:18231585 | PMCID:PMC2204055","pubmed","18231585","create date:2008/01/31 | first author:White LF",
"A two-phase innate host response to alphavirus infection identified by mRNP-tagging in vivo.","/pubmed/18215114","Konopka JL, Penalva LO, Thompson JM, White LJ, Beard CW, Keene JD, Johnston RE.","PLoS Pathog. 2007 Dec;3(12):e199. doi: 10.1371/journal.ppat.0030199.","PLoS Pathog.  2007","PubMed","citation","PMID:18215114 | PMCID:PMC2151086","pubmed","18215114","create date:2008/01/25 | first author:Konopka JL",
"Effect of spatial resolution on cluster detection: a simulation study.","/pubmed/18042281","Ozonoff A, Jeffery C, Manjourides J, White LF, Pagano M.","Int J Health Geogr. 2007 Nov 27;6:52.","Int J Health Geogr.  2007","PubMed","citation","PMID:18042281 | PMCID:PMC2213641","pubmed","18042281","create date:2007/11/29 | first author:Ozonoff A",
"An immunogenic and protective alphavirus replicon particle-based dengue vaccine overcomes maternal antibody interference in weanling mice.","/pubmed/17652394","White LJ, Parsons MM, Whitmore AC, Williams BM, de Silva A, Johnston RE.","J Virol. 2007 Oct;81(19):10329-39.","J Virol.  2007","PubMed","citation","PMID:17652394 | PMCID:PMC2045445","pubmed","17652394","create date:2007/07/27 | first author:White LJ",
"In vivo imaging of disturbed pre- and post-synaptic dopaminergic signaling via arachidonic acid in a rat model of Parkinson's disease.","/pubmed/17681816","Bhattacharjee AK, Meister LM, Chang L, Bazinet RP, White L, Rapoport SI.","Neuroimage. 2007 Oct 1;37(4):1112-21.","Neuroimage.  2007","PubMed","citation","PMID:17681816 | PMCID:PMC2040339","pubmed","17681816","create date:2007/08/08 | first author:Bhattacharjee AK",
"Nonnucleoside inhibitor of measles virus RNA-dependent RNA polymerase complex activity.","/pubmed/17470652","White LK, Yoon JJ, Lee JK, Sun A, Du Y, Fu H, Snyder JP, Plemper RK.","Antimicrob Agents Chemother. 2007 Jul;51(7):2293-303.","Antimicrob Agents Chemother.  2007","PubMed","citation","PMID:17470652 | PMCID:PMC1913224","pubmed","17470652","create date:2007/05/02 | first author:White LK",
"Transcriptional activation of interferon-stimulated genes but not of cytokine genes after primary infection of rhesus macaques with dengue virus type 1.","/pubmed/17428947","Sariol CA, Muñoz-Jordán JL, Abel K, Rosado LC, Pantoja P, Giavedoni L, Rodriguez IV, White LJ, Martínez M, Arana T, Kraiselburd EN.","Clin Vaccine Immunol. 2007 Jun;14(6):756-66.","Clin Vaccine Immunol.  2007","PubMed","citation","PMID:17428947 | PMCID:PMC1951081","pubmed","17428947","create date:2007/04/13 | first author:Sariol CA",
"Teaching students behavior change skills: description and assessment of a new Motivational interviewing curriculum.","/pubmed/17786734","White LL, Gazewood JD, Mounsey AL.","Med Teach. 2007 May;29(4):e67-71.","Med Teach.  2007","PubMed","citation","PMID:17786734","pubmed","17786734","create date:2007/09/06 | first author:White LL",
"Highly efficient synthesis of tricyclic amines by a cyclization/cycloaddition cascade: total syntheses of aspidospermine, aspidospermidine, and quebrachamine.","/pubmed/17623291","Coldham I, Burrell AJ, White LE, Adams H, Oram N.","Angew Chem Int Ed Engl. 2007;46(32):6159-62. No abstract available. ","Angew Chem Int Ed Engl.  2007","PubMed","citation","PMID:17623291","pubmed","17623291","create date:2007/07/12 | first author:Coldham I",
"Differential induction of type I interferon responses in myeloid dendritic cells by mosquito and mammalian-cell-derived alphaviruses.","/pubmed/17079324","Shabman RS, Morrison TE, Moore C, White L, Suthar MS, Hueston L, Rulli N, Lidbury B, Ting JP, Mahalingam S, Heise MT.","J Virol. 2007 Jan;81(1):237-47.","J Virol.  2007","PubMed","citation","PMID:17079324 | PMCID:PMC1797231","pubmed","17079324","create date:2006/11/03 | first author:Shabman RS",
"D-Amphetamine stimulates D2 dopamine receptor-mediated brain signaling involving arachidonic acid in unanesthetized rats.","/pubmed/16511499","Bhattacharjee AK, Chang L, White L, Bazinet RP, Rapoport SI.","J Cereb Blood Flow Metab. 2006 Nov;26(11):1378-88.","J Cereb Blood Flow Metab.  2006","PubMed","citation","PMID:16511499","pubmed","16511499","create date:2006/03/03 | first author:Bhattacharjee AK",
"Do students develop better motivational interviewing skills through role-play with standardised patients or with student colleagues?","/pubmed/16869923","Mounsey AL, Bovbjerg V, White L, Gazewood J.","Med Educ. 2006 Aug;40(8):775-80.","Med Educ.  2006","PubMed","citation","PMID:16869923","pubmed","16869923","create date:2006/07/28 | first author:Mounsey AL",
"Survival outcomes in node-negative breast cancer patients evaluated with complete axillary node dissection versus sentinel lymph node biopsy.","/pubmed/16538416","Cox C, White L, Allred N, Meyers M, Dickson D, Dupont E, Cantor A, Ly Q, Dessureault S, King J, Nicosia S, Vrcel V, Diaz N.","Ann Surg Oncol. 2006 May;13(5):708-11.","Ann Surg Oncol.  2006","PubMed","citation","PMID:16538416","pubmed","16538416","create date:2006/03/16 | first author:Cox C",
"Sentinel node biopsy before neoadjuvant chemotherapy for determining axillary status and treatment prognosis in locally advanced breast cancer.","/pubmed/16523361","Cox CE, Cox JM, White LB, Stowell NG, Clark JD, Allred N, Meyers M, Dupont E, Furman B, Minton S.","Ann Surg Oncol. 2006 Apr;13(4):483-90.","Ann Surg Oncol.  2006","PubMed","citation","PMID:16523361","pubmed","16523361","create date:2006/03/09 | first author:Cox CE",
"Two domains that control prefusion stability and transport competence of the measles virus fusion protein.","/pubmed/16415028","Doyle J, Prussia A, White LK, Sun A, Liotta DC, Snyder JP, Compans RW, Plemper RK.","J Virol. 2006 Feb;80(3):1524-36.","J Virol.  2006","PubMed","citation","PMID:16415028 | PMCID:PMC1346935","pubmed","16415028","create date:2006/01/18 | first author:Doyle J",
"Older adults' desire for physical competence.","/pubmed/16394960","Rejeski WJ, Ip EH, Katula JA, White L.","Med Sci Sports Exerc. 2006 Jan;38(1):100-5.","Med Sci Sports Exerc.  2006","PubMed","citation","PMID:16394960","pubmed","16394960","create date:2006/01/06 | first author:Rejeski WJ",
"An update of sentinel lymph node mapping in patients with ductal carcinoma in situ.","/pubmed/16164920","Wilkie C, White L, Dupont E, Cantor A, Cox CE.","Am J Surg. 2005 Oct;190(4):563-6.","Am J Surg.  2005","PubMed","citation","PMID:16164920","pubmed","16164920","create date:2005/09/17 | first author:Wilkie C",
"Development and validation of a lower-extremity activity scale. Use for patients treated with revision total knee arthroplasty.","/pubmed/16140813","Saleh KJ, Mulhall KJ, Bershadsky B, Ghomrawi HM, White LE, Buyea CM, Krackow KA.","J Bone Joint Surg Am. 2005 Sep;87(9):1985-94.","J Bone Joint Surg Am.  2005","PubMed","citation","PMID:16140813","pubmed","16140813","create date:2005/09/06 | first author:Saleh KJ",
"Accuracy of intraoperative imprint cytology for sentinel lymph node evaluation in the treatment of breast carcinoma.","/pubmed/15605359","Cox C, Centeno B, Dickson D, Clark J, Nicosia S, Dupont E, Greenberg H, Stowell N, White L, Patel J, Furman B, Cantor A, Hakam A, Ahmad N, Diaz N, King J.","Cancer. 2005 Feb 25;105(1):13-20.","Cancer.  2005","PubMed","citation","PMID:15605359","pubmed","15605359","create date:2004/12/18 | first author:Cox C",
"Selective sentinel lymphadenectomy for breast cancer.","/pubmed/16209078","Cox CE, Weinberg ES, Furman B, White LB, Patel J, Dickson DC, King J.","Cancer Treat Res. 2005;127:77-104. Review. No abstract available. ","Cancer Treat Res.  2005","PubMed","citation","PMID:16209078","pubmed","16209078","create date:2005/10/08 | first author:Cox CE",
"Cytokeratin staining for intraoperative evaluation of sentinel lymph nodes in patients with invasive lobular carcinoma.","/pubmed/15474439","Weinberg ES, Dickson D, White L, Ahmad N, Patel J, Hakam A, Nicosia S, Dupont E, Furman B, Centeno B, Cox C.","Am J Surg. 2004 Oct;188(4):419-22.","Am J Surg.  2004","PubMed","citation","PMID:15474439","pubmed","15474439","create date:2004/10/12 | first author:Weinberg ES",
"Local recurrence in lumpectomy patients after imprint cytology margin evaluation.","/pubmed/15474425","Weinberg E, Cox C, Dupont E, White L, Ebert M, Greenberg H, Diaz N, Vercel V, Centeno B, Cantor A, Nicosia S.","Am J Surg. 2004 Oct;188(4):349-54. Review.","Am J Surg.  2004","PubMed","citation","PMID:15474425","pubmed","15474425","create date:2004/10/12 | first author:Weinberg E",
"Hyaluronan suppresses epidermal differentiation in organotypic cultures of rat keratinocytes.","/pubmed/15149843","Passi A, Sadeghi P, Kawamura H, Anand S, Sato N, White LE, Hascall VC, Maytin EV.","Exp Cell Res. 2004 Jun 10;296(2):123-34.","Exp Cell Res.  2004","PubMed","citation","PMID:15149843","pubmed","15149843","create date:2004/05/20 | first author:Passi A",
"Clinical considerations in breast cancer sentinel lymph node mapping: a Moffitt review.","/pubmed/15550840","Cox CE, White L, Stowell N, Clark J, Dickson D, Furman B, Weinberg E, Jakub J, Dupont E.","Breast Cancer. 2004;11(3):225-32; discussion 264-6. Review.","Breast Cancer.  2004","PubMed","citation","PMID:15550840","pubmed","15550840","create date:2004/11/20 | first author:Cox CE",
"An attenuating mutation in nsP1 of the Sindbis-group virus S.A.AR86 accelerates nonstructural protein processing and up-regulates viral 26S RNA synthesis.","/pubmed/12502831","Heise MT, White LJ, Simpson DA, Leonard C, Bernard KA, Meeker RB, Johnston RE.","J Virol. 2003 Jan;77(2):1149-56.","J Virol.  2003","PubMed","citation","PMID:12502831 | PMCID:PMC140780","pubmed","12502831","create date:2002/12/28 | first author:Heise MT",
Title,URL,Description,Details,ShortDetails,Resource,Type,Identifiers,Db,EntrezUID,Properties
"Structural requirements for the assembly of Norwalk virus-like particles.","/pubmed/11907243","Bertolotti-Ciarlet A, White LJ, Chen R, Prasad BV, Estes MK.","J Virol. 2002 Apr;76(8):4044-55.","J Virol.  2002","PubMed","citation","PMID:11907243 | PMCID:PMC136079","pubmed","11907243","create date:2002/03/22 | first author:Bertolotti-Ciarlet A",
"Effects of PKR/RNase L-dependent and alternative antiviral pathways on alphavirus replication and pathogenesis.","/pubmed/11952147","Ryman KD, White LJ, Johnston RE, Klimstra WB.","Viral Immunol. 2002;15(1):53-76.","Viral Immunol.  2002","PubMed","citation","PMID:11952147","pubmed","11952147","create date:2002/04/16 | first author:Ryman KD",
