Title,URL,Description,Details,ShortDetails,Resource,Type,Identifiers,Db,EntrezUID,Properties
"Common Statistical Pitfalls in Basic Science Research.","/pubmed/27688237","Sullivan LM, Weinberg J, Keaney JF Jr.","J Am Heart Assoc. 2016 Sep 29;5(10). pii: e004142. Review. No abstract available. ","J Am Heart Assoc.  2016","PubMed","citation","PMID:27688237","pubmed","27688237","create date:2016/10/01 | first author:Sullivan LM",
"Plasma Fibroblast Growth Factor 23: Clinical Correlates and Association With Cardiovascular Disease and Mortality in the Framingham Heart Study.","/pubmed/27385427","Haring R, Enserro D, Xanthakis V, Mitchell GF, Benjamin EJ, Hamburg NM, Sullivan L, Nauck M, Wallaschofski H, Vasan RS.","J Am Heart Assoc. 2016 Jul 6;5(7). pii: e003486. doi: 10.1161/JAHA.116.003486.","J Am Heart Assoc.  2016","PubMed","citation","PMID:27385427 | PMCID:PMC5015386","pubmed","27385427","create date:2016/07/08 | first author:Haring R",
"What is the viva experience of phase 2 Radiation Oncology examination candidates? Survey and advice for future candidates.","/pubmed/26833641","Kleiven HM, Tejani N, Sullivan L.","J Med Imaging Radiat Oncol. 2016 Jun;60(3):428-32. doi: 10.1111/1754-9485.12436.","J Med Imaging Radiat Oncol.  2016","PubMed","citation","PMID:26833641","pubmed","26833641","create date:2016/02/03 | first author:Kleiven HM",
"Relations of circulating GDF-15, soluble ST2, and troponin-I concentrations with vascular function in the community: The Framingham Heart Study.","/pubmed/26972631","Andersson C, Enserro D, Sullivan L, Wang TJ, Januzzi JL Jr, Benjamin EJ, Vita JA, Hamburg NM, Larson MG, Mitchell GF, Vasan RS.","Atherosclerosis. 2016 May;248:245-51. doi: 10.1016/j.atherosclerosis.2016.02.013.","Atherosclerosis.  2016","PubMed","citation","PMID:26972631 | PMCID:PMC5018232","pubmed","26972631","create date:2016/03/15 | first author:Andersson C",
"Atrial Fibrillation and Declining Physical Performance in Older Adults: The Health, Aging, and Body Composition Study.","/pubmed/27052031","Magnani JW, Wang N, Benjamin EJ, Garcia ME, Bauer DC, Butler J, Ellinor PT, Kritchevsky S, Marcus GM, Newman A, Phillips CL, Sasai H, Satterfield S, Sullivan LM, Harris TB; Health, Aging, and Body Composition Study..","Circ Arrhythm Electrophysiol. 2016 May;9(5):e003525. doi: 10.1161/CIRCEP.115.003525.","Circ Arrhythm Electrophysiol.  2016","PubMed","citation","PMID:27052031 | PMCID:PMC4826757","pubmed","27052031","create date:2016/04/08 | first author:Magnani JW",
"Generation of Hermansky Pudlak syndrome type 2 (HPS2) induced pluripotent stem cells (iPSCs).","/pubmed/27345985","Maguire JA, Lu L, Mills JA, Sullivan LM, Gadue P, French DL.","Stem Cell Res. 2016 Mar;16(2):287-9. doi: 10.1016/j.scr.2016.01.015.","Stem Cell Res.  2016","PubMed","citation","PMID:27345985","pubmed","27345985","create date:2016/06/28 | first author:Maguire JA",
"Generation of Hermansky-Pudlak Syndrome Type 1 (HPS1) induced pluripotent stem cells (iPSCs).","/pubmed/27345974","Maguire JA, Lu L, Mills JA, Sullivan LM, Gagne A, Gadue P, French DL.","Stem Cell Res. 2016 Mar;16(2):233-5. doi: 10.1016/j.scr.2016.01.014.","Stem Cell Res.  2016","PubMed","citation","PMID:27345974","pubmed","27345974","create date:2016/06/28 | first author:Maguire JA",
"Circulating Adipokines and Vascular Function: Cross-Sectional Associations in a Community-Based Cohort.","/pubmed/26628673","Zachariah JP, Hwang S, Hamburg NM, Benjamin EJ, Larson MG, Levy D, Vita JA, Sullivan LM, Mitchell GF, Vasan RS.","Hypertension. 2016 Feb;67(2):294-300. doi: 10.1161/HYPERTENSIONAHA.115.05949.","Hypertension.  2016","PubMed","citation","PMID:26628673 | PMCID:PMC4845672","pubmed","26628673","create date:2015/12/03 | first author:Zachariah JP",
"Atrial flutter: Clinical risk factors and adverse outcomes in the Framingham Heart Study.","/pubmed/26226213","Rahman F, Wang N, Yin X, Ellinor PT, Lubitz SA, LeLorier PA, McManus DD, Sullivan LM, Seshadri S, Vasan RS, Benjamin EJ, Magnani JW.","Heart Rhythm. 2016 Jan;13(1):233-40. doi: 10.1016/j.hrthm.2015.07.031.","Heart Rhythm.  2016","PubMed","citation","PMID:26226213 | PMCID:PMC4698205","pubmed","26226213","create date:2015/08/01 | first author:Rahman F",
"Residual Cardiovascular Risk in Individuals on Blood Pressure-Lowering Treatment.","/pubmed/26588944","Lieb W, Enserro DM, Sullivan LM, Vasan RS.","J Am Heart Assoc. 2015 Nov 20;4(11). pii: e002155. doi: 10.1161/JAHA.115.002155.","J Am Heart Assoc.  2015","PubMed","citation","PMID:26588944 | PMCID:PMC4845218","pubmed","26588944","create date:2015/11/22 | first author:Lieb W",
"Generation of poikiloderma with neutropenia (PN) induced pluripotent stem cells (iPSCs).","/pubmed/26987923","Mills JA, Hudock KM, Sullivan SK, Herrera P, Sullivan LM, Gadue P, French DL.","Stem Cell Res. 2015 Nov;15(3):595-7. doi: 10.1016/j.scr.2015.10.006.","Stem Cell Res.  2015","PubMed","citation","PMID:26987923","pubmed","26987923","create date:2016/03/19 | first author:Mills JA",
"Correction: AAV-Mediated Gene Therapy for Choroideremia: Preclinical Studies in Personalized Models.","/pubmed/26090960","Vasireddy V, Mills JA, Gaddameedi R, Basner-Tschakarjan E, Kohnke M, Black AD, Alexandrov K, Zhou S, Maguire AM, Chung DC, Mac H, Sullivan L, Gadue P, Bennicelli JL, French DL, Bennett J.","PLoS One. 2015 Jun 19;10(6):e0129982. doi: 10.1371/journal.pone.0129982. No abstract available. ","PLoS One.  2015","PubMed","citation","PMID:26090960 | PMCID:PMC4474960","pubmed","26090960","create date:2015/06/20 | first author:Vasireddy V",
"Peptide spectra in Wilms tumor that associate with adverse outcomes.","/pubmed/25868780","Murphy AJ, Pierce J, Seeley EH, Sullivan LM, Ruchelli ED, Nance ML, Caprioli RM, Lovvorn HN 3rd.","J Surg Res. 2015 Jun 15;196(2):332-8. doi: 10.1016/j.jss.2015.03.020.","J Surg Res.  2015","PubMed","citation","PMID:25868780 | PMCID:PMC4599776","pubmed","25868780","create date:2015/04/15 | first author:Murphy AJ",
"SMARCB1-deficient Vulvar Neoplasms: A Clinicopathologic, Immunohistochemical, and Molecular Genetic Study of 14 Cases.","/pubmed/25651469","Folpe AL, Schoolmeester JK, McCluggage WG, Sullivan LM, Castagna K, Ahrens WA, Oliva E, Biegel JA, Nielsen GP.","Am J Surg Pathol. 2015 Jun;39(6):836-49. doi: 10.1097/PAS.0000000000000397.","Am J Surg Pathol.  2015","PubMed","citation","PMID:25651469","pubmed","25651469","create date:2015/02/05 | first author:Folpe AL",
"Pediatric Thyroid Carcinoma in Patients with Graves' Disease: The Role of Ultrasound in Selecting Patients for Definitive Therapy.","/pubmed/25896059","Kovatch KJ, Bauer AJ, Isaacoff EJ, Prickett KK, Adzick NS, Kazahaya K, Sullivan LM, Mostoufi-Moab S.","Horm Res Paediatr. 2015 Apr 15.","Horm Res Paediatr.  2015","PubMed","citation","PMID:25896059","pubmed","25896059","create date:2015/04/22 | first author:Kovatch KJ",
"Mortality among a national population sentenced to compulsory care for substance use disorders in Sweden: descriptive study.","/pubmed/25577663","Hall T, Chassler D, Blom B, Grahn R, Blom-Nilsson M, Sullivan L, Lundgren L.","Eval Program Plann. 2015 Apr;49:153-62. doi: 10.1016/j.evalprogplan.2014.12.013.","Eval Program Plann.  2015","PubMed","citation","PMID:25577663","pubmed","25577663","create date:2015/01/13 | first author:Hall T",
"Register data in the evaluation and program planning of addiction treatment programs: using Sweden as an example.","/pubmed/25577662","Blom B, Dukes KA, Lundgren L, Sullivan LM.","Eval Program Plann. 2015 Apr;49:185-91. doi: 10.1016/j.evalprogplan.2014.12.017.","Eval Program Plann.  2015","PubMed","citation","PMID:25577662","pubmed","25577662","create date:2015/01/13 | first author:Blom B",
"Using register data to examine patterns of compulsory addiction treatment care in Sweden: program planning and methodological implications.","/pubmed/25547476","Lundgren L, Blom B, Chassler D, Sullivan LM.","Eval Program Plann. 2015 Apr;49:149-52. doi: 10.1016/j.evalprogplan.2014.12.012. No abstract available. ","Eval Program Plann.  2015","PubMed","citation","PMID:25547476","pubmed","25547476","create date:2014/12/31 | first author:Lundgren L",
"Association of soda consumption with subclinical cardiac remodeling in the Framingham heart study.","/pubmed/25456096","Andersson C, Sullivan L, Benjamin EJ, Aragam J, Jacques P, Cheng S, Vasan RS.","Metabolism. 2015 Feb;64(2):208-12. doi: 10.1016/j.metabol.2014.10.009.","Metabolism.  2015","PubMed","citation","PMID:25456096 | PMCID:PMC4277910","pubmed","25456096","create date:2014/12/03 | first author:Andersson C",
"Genome-wide association study of L-arginine and dimethylarginines reveals novel metabolic pathway for symmetric dimethylarginine.","/pubmed/25245031","Lüneburg N, Lieb W, Zeller T, Chen MH, Maas R, Carter AM, Xanthakis V, Glazer NL, Schwedhelm E, Seshadri S, Ikram MA, Longstreth WT Jr, Fornage M, König IR, Loley C, Ojeda FM, Schillert A, Wang TJ, Sticht H, Kittel A, König J, Benjamin EJ, et al.","Circ Cardiovasc Genet. 2014 Dec;7(6):864-72. doi: 10.1161/CIRCGENETICS.113.000264.","Circ Cardiovasc Genet.  2014","PubMed","citation","PMID:25245031 | PMCID:PMC4797637","pubmed","25245031","create date:2014/09/24 | first author:Lüneburg N",
"Association of exhaled carbon monoxide with subclinical cardiovascular disease and their conjoint impact on the incidence of cardiovascular outcomes.","/pubmed/24574370","Cheng S, Enserro D, Xanthakis V, Sullivan LM, Murabito JM, Benjamin EJ, Polak JF, O'Donnell CJ, Wolf PA, O'Connor GT, Keaney JF, Vasan RS.","Eur Heart J. 2014 Nov 7;35(42):2980-7. doi: 10.1093/eurheartj/ehu052.","Eur Heart J.  2014","PubMed","citation","PMID:24574370 | PMCID:PMC4271053","pubmed","24574370","create date:2014/02/28 | first author:Cheng S",
"A sensitive and specific histopathologic prognostic marker for H3F3A K27M mutant pediatric glioblastomas.","/pubmed/25200322","Venneti S, Santi M, Felicella MM, Yarilin D, Phillips JJ, Sullivan LM, Martinez D, Perry A, Lewis PW, Thompson CB, Judkins AR.","Acta Neuropathol. 2014 Nov;128(5):743-53. doi: 10.1007/s00401-014-1338-3.","Acta Neuropathol.  2014","PubMed","citation","PMID:25200322 | PMCID:PMC4201755","pubmed","25200322","create date:2014/09/10 | first author:Venneti S",
"Baseline levels, and changes over time in body mass index and fasting insulin, and their relationship to change in metabolic trait clustering.","/pubmed/25007010","Rutter MK, Sullivan LM, Fox CS, Wilson PW, Nathan DM, Vasan RS, D'Agostino RB Sr, Meigs JB.","Metab Syndr Relat Disord. 2014 Sep;12(7):372-80. doi: 10.1089/met.2013.0148.","Metab Syndr Relat Disord.  2014","PubMed","citation","PMID:25007010 | PMCID:PMC4209491","pubmed","25007010","create date:2014/07/10 | first author:Rutter MK",
"The safe passage study: design, methods, recruitment, and follow-up approach.","/pubmed/25131605","Dukes KA, Burd L, Elliott AJ, Fifer WP, Folkerth RD, Hankins GD, Hereld D, Hoffman HJ, Myers MM, Odendaal HJ, Signore C, Sullivan LM, Willinger M, Wright C, Kinney HC; PASS Research Network..","Paediatr Perinat Epidemiol. 2014 Sep;28(5):455-65. doi: 10.1111/ppe.12136.","Paediatr Perinat Epidemiol.  2014","PubMed","citation","PMID:25131605 | PMCID:PMC4286367","pubmed","25131605","create date:2014/08/19 | first author:Dukes KA",
"Assessing the incremental predictive performance of novel biomarkers over standard predictors.","/pubmed/24719270","Xanthakis V, Sullivan LM, Vasan RS, Benjamin EJ, Massaro JM, D'Agostino RB Sr, Pencina MJ.","Stat Med. 2014 Jul 10;33(15):2577-84. doi: 10.1002/sim.6165.","Stat Med.  2014","PubMed","citation","PMID:24719270 | PMCID:PMC4047140","pubmed","24719270","create date:2014/04/11 | first author:Xanthakis V",
"Association of sex hormones, aging, and atrial fibrillation in men: the Framingham Heart Study.","/pubmed/24610804","Magnani JW, Moser CB, Murabito JM, Sullivan LM, Wang N, Ellinor PT, Vasan RS, Benjamin EJ, Coviello AD.","Circ Arrhythm Electrophysiol. 2014 Apr;7(2):307-12. doi: 10.1161/CIRCEP.113.001322.","Circ Arrhythm Electrophysiol.  2014","PubMed","citation","PMID:24610804 | PMCID:PMC4035016","pubmed","24610804","create date:2014/03/13 | first author:Magnani JW",
"Ectopic production of β-hCG by osteosarcoma: a case report and review of the literature.","/pubmed/24072248","Oshrine BR, Sullivan LM, Balamuth NJ.","J Pediatr Hematol Oncol. 2014 Apr;36(3):e202-6. doi: 10.1097/MPH.0000000000000037. Review.","J Pediatr Hematol Oncol.  2014","PubMed","citation","PMID:24072248","pubmed","24072248","create date:2013/09/28 | first author:Oshrine BR",
"High-level transgene expression in induced pluripotent stem cell-derived megakaryocytes: correction of Glanzmann thrombasthenia.","/pubmed/24335497","Sullivan SK, Mills JA, Koukouritaki SB, Vo KK, Lyde RB, Paluru P, Zhao G, Zhai L, Sullivan LM, Wang Y, Kishore S, Gharaibeh EZ, Lambert MP, Wilcox DA, French DL, Poncz M, Gadue P.","Blood. 2014 Jan 30;123(5):753-7. doi: 10.1182/blood-2013-10-530725.","Blood.  2014","PubMed","citation","PMID:24335497 | PMCID:PMC3907760","pubmed","24335497","create date:2013/12/18 | first author:Sullivan SK",
"Significant immunohistochemical expression of human chorionic gonadotropin in high-grade osteosarcoma is rare, but may be associated with clinically elevated serum levels.","/pubmed/24856811","Lee AF, Pawel BR, Sullivan LM.","Pediatr Dev Pathol. 2014 Jul-Aug;17(4):278-85. doi: 10.2350/14-02-1436-OA.1.","Pediatr Dev Pathol.  2014","PubMed","citation","PMID:24856811","pubmed","24856811","create date:2014/05/27 | first author:Lee AF",
"Effective practices for teaching the biostatistics core course for the MPH using a competency-based approach.","/pubmed/24982544","Sullivan LM, Hooper L, Begg MD.","Public Health Rep. 2014 Jul-Aug;129(4):381-92. No abstract available. ","Public Health Rep.  2014","PubMed","citation","PMID:24982544 | PMCID:PMC4037466","pubmed","24982544","create date:2014/07/02 | first author:Sullivan LM",
"Integrating competencies and learning outcomes in core courses for the MPH.","/pubmed/24982543","Hooper L, Begg MD, Sullivan LM.","Public Health Rep. 2014 Jul-Aug;129(4):376-81. No abstract available. ","Public Health Rep.  2014","PubMed","citation","PMID:24982543 | PMCID:PMC4037465","pubmed","24982543","create date:2014/07/02 | first author:Hooper L",
"Multilevel modeling versus cross-sectional analysis for assessing the longitudinal tracking of cardiovascular risk factors over time.","/pubmed/23784950","Xanthakis V, Sullivan LM, Vasan RS.","Stat Med. 2013 Dec 10;32(28):5028-38. doi: 10.1002/sim.5880.","Stat Med.  2013","PubMed","citation","PMID:23784950 | PMCID:PMC4068405","pubmed","23784950","create date:2013/06/21 | first author:Xanthakis V",
"Baseline factors predicting placebo response to treatment in children and adolescents with autism spectrum disorders: a multisite randomized clinical trial.","/pubmed/24061784","King BH, Dukes K, Donnelly CL, Sikich L, McCracken JT, Scahill L, Hollander E, Bregman JD, Anagnostou E, Robinson F, Sullivan L, Hirtz D.","JAMA Pediatr. 2013 Nov;167(11):1045-52. doi: 10.1001/jamapediatrics.2013.2698.","JAMA Pediatr.  2013","PubMed","citation","PMID:24061784 | PMCID:PMC4913472","pubmed","24061784","create date:2013/09/26 | first author:King BH",
"The alternative lengthening of telomere phenotype is significantly associated with loss of ATRX expression in high-grade pediatric and adult astrocytomas: a multi-institutional study of 214 astrocytomas.","/pubmed/23765250","Abedalthagafi M, Phillips JJ, Kim GE, Mueller S, Haas-Kogen DA, Marshall RE, Croul SE, Santi MR, Cheng J, Zhou S, Sullivan LM, Martinez-Lage M, Judkins AR, Perry A.","Mod Pathol. 2013 Nov;26(11):1425-32. doi: 10.1038/modpathol.2013.90.","Mod Pathol.  2013","PubMed","citation","PMID:23765250","pubmed","23765250","create date:2013/06/15 | first author:Abedalthagafi M",
"Plan B: access to emergency contraception in the legal and political cross hairs.","/pubmed/23993430","Cohen IG, Sullivan L, Adashi EY.","Contraception. 2013 Oct;88(4):477-80. doi: 10.1016/j.contraception.2013.07.005. No abstract available. ","Contraception.  2013","PubMed","citation","PMID:23993430","pubmed","23993430","create date:2013/09/03 | first author:Cohen IG",
"Clonal genetic and hematopoietic heterogeneity among human-induced pluripotent stem cell lines.","/pubmed/23940280","Mills JA, Wang K, Paluru P, Ying L, Lu L, Galvão AM, Xu D, Yao Y, Sullivan SK, Sullivan LM, Mac H, Omari A, Jean JC, Shen S, Gower A, Spira A, Mostoslavsky G, Kotton DN, French DL, Weiss MJ, Gadue P.","Blood. 2013 Sep 19;122(12):2047-51. doi: 10.1182/blood-2013-02-484444.","Blood.  2013","PubMed","citation","PMID:23940280 | PMCID:PMC3778548","pubmed","23940280","create date:2013/08/14 | first author:Mills JA",
"Atrial fibrillation patterns and risks of subsequent stroke, heart failure, or death in the community.","/pubmed/24002369","Lubitz SA, Moser C, Sullivan L, Rienstra M, Fontes JD, Villalon ML, Pai M, McManus DD, Schnabel RB, Magnani JW, Yin X, Levy D, Pencina MJ, Larson MG, Ellinor PT, Benjamin EJ.","J Am Heart Assoc. 2013 Sep 3;2(5):e000126. doi: 10.1161/JAHA.113.000126.","J Am Heart Assoc.  2013","PubMed","citation","PMID:24002369 | PMCID:PMC3835216","pubmed","24002369","create date:2013/09/05 | first author:Lubitz SA",
"PDGFRA amplification is common in pediatric and adult high-grade astrocytomas and identifies a poor prognostic group in IDH1 mutant glioblastoma.","/pubmed/23438035","Phillips JJ, Aranda D, Ellison DW, Judkins AR, Croul SE, Brat DJ, Ligon KL, Horbinski C, Venneti S, Zadeh G, Santi M, Zhou S, Appin CL, Sioletic S, Sullivan LM, Martinez-Lage M, Robinson AE, Yong WH, Cloughesy T, Lai A, Phillips HS, Marshall R, et al.","Brain Pathol. 2013 Sep;23(5):565-73. doi: 10.1111/bpa.12043.","Brain Pathol.  2013","PubMed","citation","PMID:23438035 | PMCID:PMC3715570","pubmed","23438035","create date:2013/02/27 | first author:Phillips JJ",
"Evaluation of histone 3 lysine 27 trimethylation (H3K27me3) and enhancer of Zest 2 (EZH2) in pediatric glial and glioneuronal tumors shows decreased H3K27me3 in H3F3A K27M mutant glioblastomas.","/pubmed/23414300","Venneti S, Garimella MT, Sullivan LM, Martinez D, Huse JT, Heguy A, Santi M, Thompson CB, Judkins AR.","Brain Pathol. 2013 Sep;23(5):558-64. doi: 10.1111/bpa.12042.","Brain Pathol.  2013","PubMed","citation","PMID:23414300 | PMCID:PMC3701028","pubmed","23414300","create date:2013/02/19 | first author:Venneti S",
"Ribosomal and hematopoietic defects in induced pluripotent stem cells derived from Diamond Blackfan anemia patients.","/pubmed/23744582","Garçon L, Ge J, Manjunath SH, Mills JA, Apicella M, Parikh S, Sullivan LM, Podsakoff GM, Gadue P, French DL, Mason PJ, Bessler M, Weiss MJ.","Blood. 2013 Aug 8;122(6):912-21. doi: 10.1182/blood-2013-01-478321.","Blood.  2013","PubMed","citation","PMID:23744582 | PMCID:PMC3739037","pubmed","23744582","create date:2013/06/08 | first author:Garçon L",
"Risk assessment for incident heart failure in individuals with atrial fibrillation.","/pubmed/23594831","Schnabel RB, Rienstra M, Sullivan LM, Sun JX, Moser CB, Levy D, Pencina MJ, Fontes JD, Magnani JW, McManus DD, Lubitz SA, Tadros TM, Wang TJ, Ellinor PT, Vasan RS, Benjamin EJ.","Eur J Heart Fail. 2013 Aug;15(8):843-9. doi: 10.1093/eurjhf/hft041.","Eur J Heart Fail.  2013","PubMed","citation","PMID:23594831 | PMCID:PMC3858114","pubmed","23594831","create date:2013/04/19 | first author:Schnabel RB",
"AAV-mediated gene therapy for choroideremia: preclinical studies in personalized models.","/pubmed/23667438","Vasireddy V, Mills JA, Gaddameedi R, Basner-Tschakarjan E, Kohnke M, Black AD, Alexandrov K, Zhou S, Maguire AM, Chung DC, Mac H, Sullivan L, Gadue P, Bennicelli JL, French DL, Bennett J.","PLoS One. 2013;8(5):e61396. doi: 10.1371/journal.pone.0061396. Erratum in: PLoS One. 2015;10(6):e0129982. ","PLoS One.  2013","PubMed","citation","PMID:23667438 | PMCID:PMC3646845","pubmed","23667438","create date:2013/05/15 | first author:Vasireddy V",
"Association of sex steroids, gonadotrophins, and their trajectories with clinical cardiovascular disease and all-cause mortality in elderly men from the Framingham Heart Study.","/pubmed/22901104","Haring R, Teng Z, Xanthakis V, Coviello A, Sullivan L, Bhasin S, Murabito JM, Wallaschofski H, Vasan RS.","Clin Endocrinol (Oxf). 2013 Apr;78(4):629-34. doi: 10.1111/cen.12013.","Clin Endocrinol (Oxf).  2013","PubMed","citation","PMID:22901104 | PMCID:PMC4161203","pubmed","22901104","create date:2012/08/21 | first author:Haring R",
"Histone 3 lysine 9 trimethylation is differentially associated with isocitrate dehydrogenase mutations in oligodendrogliomas and high-grade astrocytomas.","/pubmed/23481705","Venneti S, Felicella MM, Coyne T, Phillips JJ, Gorovets D, Huse JT, Kofler J, Lu C, Tihan T, Sullivan LM, Santi M, Judkins AR, Perry A, Thompson CB.","J Neuropathol Exp Neurol. 2013 Apr;72(4):298-306. doi: 10.1097/NEN.0b013e3182898113.","J Neuropathol Exp Neurol.  2013","PubMed","citation","PMID:23481705 | PMCID:PMC3615673","pubmed","23481705","create date:2013/03/14 | first author:Venneti S",
"Epithelioid sarcoma is associated with a high percentage of SMARCB1 deletions.","/pubmed/23060122","Sullivan LM, Folpe AL, Pawel BR, Judkins AR, Biegel JA.","Mod Pathol. 2013 Mar;26(3):385-92. doi: 10.1038/modpathol.2012.175.","Mod Pathol.  2013","PubMed","citation","PMID:23060122 | PMCID:PMC3556344","pubmed","23060122","create date:2012/10/13 | first author:Sullivan LM",
"Relation of circulating liver transaminase concentrations to risk of new-onset atrial fibrillation.","/pubmed/23127690","Sinner MF, Wang N, Fox CS, Fontes JD, Rienstra M, Magnani JW, Vasan RS, Calderwood AH, Pencina M, Sullivan LM, Ellinor PT, Benjamin EJ.","Am J Cardiol. 2013 Jan 15;111(2):219-24. doi: 10.1016/j.amjcard.2012.09.021.","Am J Cardiol.  2013","PubMed","citation","PMID:23127690 | PMCID:PMC3538882","pubmed","23127690","create date:2012/11/07 | first author:Sinner MF",
"Low serum magnesium and the development of atrial fibrillation in the community: the Framingham Heart Study.","/pubmed/23172839","Khan AM, Lubitz SA, Sullivan LM, Sun JX, Levy D, Vasan RS, Magnani JW, Ellinor PT, Benjamin EJ, Wang TJ.","Circulation. 2013 Jan 1;127(1):33-8. doi: 10.1161/CIRCULATIONAHA.111.082511.","Circulation.  2013","PubMed","citation","PMID:23172839 | PMCID:PMC3541701","pubmed","23172839","create date:2012/11/23 | first author:Khan AM",
"Organizational readiness for change in community-based addiction treatment programs and adherence in implementing evidence-based practices: a national study.","/pubmed/23928378","Lundgren L, Amodeo M, Chassler D, Krull I, Sullivan L.","J Subst Abuse Treat. 2013 Nov-Dec;45(5):457-65. doi: 10.1016/j.jsat.2013.06.007.","J Subst Abuse Treat.  2013","PubMed","citation","PMID:23928378","pubmed","23928378","create date:2013/08/10 | first author:Lundgren L",
"Portal and sinusoidal fibrosis are common on liver biopsy after Fontan surgery.","/pubmed/22695765","Schwartz MC, Sullivan LM, Glatz AC, Rand E, Russo P, Goldberg DJ, Rome JJ, Cohen MS.","Pediatr Cardiol. 2013 Jan;34(1):135-42. doi: 10.1007/s00246-012-0402-9.","Pediatr Cardiol.  2013","PubMed","citation","PMID:22695765","pubmed","22695765","create date:2012/06/15 | first author:Schwartz MC",
"Immunohistochemical expression of glypican-3 in pediatric tumors: an analysis of 414 cases.","/pubmed/23530909","Chan ES, Pawel BR, Corao DA, Venneti S, Russo P, Santi M, Sullivan LM.","Pediatr Dev Pathol. 2013 Jul-Aug;16(4):272-7. doi: 10.2350/12-06-1216-OA.1.","Pediatr Dev Pathol.  2013","PubMed","citation","PMID:23530909","pubmed","23530909","create date:2013/03/28 | first author:Chan ES",
Title,URL,Description,Details,ShortDetails,Resource,Type,Identifiers,Db,EntrezUID,Properties
"Blood pressure tracking over the adult life course: patterns and correlates in the Framingham heart study.","/pubmed/23108660","Cheng S, Xanthakis V, Sullivan LM, Vasan RS.","Hypertension. 2012 Dec;60(6):1393-9. doi: 10.1161/HYPERTENSIONAHA.112.201780.","Hypertension.  2012","PubMed","citation","PMID:23108660 | PMCID:PMC3499677","pubmed","23108660","create date:2012/10/31 | first author:Cheng S",
"Cardiometabolic correlates and heritability of fetuin-A, retinol-binding protein 4, and fatty-acid binding protein 4 in the Framingham Heart Study.","/pubmed/22855337","Kaess BM, Enserro DM, McManus DD, Xanthakis V, Chen MH, Sullivan LM, Ingram C, O'Donnell CJ, Keaney JF, Vasan RS, Glazer NL.","J Clin Endocrinol Metab. 2012 Oct;97(10):E1943-7. doi: 10.1210/jc.2012-1458.","J Clin Endocrinol Metab.  2012","PubMed","citation","PMID:22855337 | PMCID:PMC3674297","pubmed","22855337","create date:2012/08/03 | first author:Kaess BM",
"Age of natural menopause and atrial fibrillation: the Framingham Heart Study.","/pubmed/22520541","Magnani JW, Moser CB, Murabito JM, Nelson KP, Fontes JD, Lubitz SA, Sullivan LM, Ellinor PT, Benjamin EJ.","Am Heart J. 2012 Apr;163(4):729-34. doi: 10.1016/j.ahj.2012.01.010.","Am Heart J.  2012","PubMed","citation","PMID:22520541 | PMCID:PMC3334861","pubmed","22520541","create date:2012/04/24 | first author:Magnani JW",
"Circulating vascular growth factors and central hemodynamic load in the community.","/pubmed/22371357","Zachariah JP, Xanthakis V, Larson MG, Vita JA, Sullivan LM, Smith HM, Safa R, Peng X, Hamburg N, Levy D, Sawyer DB, Mitchell GF, Vasan RS.","Hypertension. 2012 Apr;59(4):773-9. doi: 10.1161/HYPERTENSIONAHA.111.179242.","Hypertension.  2012","PubMed","citation","PMID:22371357 | PMCID:PMC3336212","pubmed","22371357","create date:2012/03/01 | first author:Zachariah JP",
"Barriers to implementation of evidence-based addiction treatment: a national study.","/pubmed/22000323","Lundgren L, Chassler D, Amodeo M, D'Ippolito M, Sullivan L.","J Subst Abuse Treat. 2012 Apr;42(3):231-8. doi: 10.1016/j.jsat.2011.08.003.","J Subst Abuse Treat.  2012","PubMed","citation","PMID:22000323","pubmed","22000323","create date:2011/10/18 | first author:Lundgren L",
"Hepatic pathology may develop before the Fontan operation in children with functional single ventricle: an autopsy study.","/pubmed/21955477","Schwartz MC, Sullivan L, Cohen MS, Russo P, John AS, Guo R, Guttenberg M, Rand EB.","J Thorac Cardiovasc Surg. 2012 Apr;143(4):904-9. doi: 10.1016/j.jtcvs.2011.08.038.","J Thorac Cardiovasc Surg.  2012","PubMed","citation","PMID:21955477","pubmed","21955477","create date:2011/10/01 | first author:Schwartz MC",
"Design and subject characteristics in the federally-funded citalopram trial in children with pervasive developmental disorders.","/pubmed/21667200","Scahill L, McCracken JT, Bearss K, Robinson F, Hollander E, King B, Bregman J, Sikich L, Dukes K, Sullivan L, Anagnostou E, Donnelly C, Kim YS, Ritz L, Hirtz D, Wagner A.","J Autism Dev Disord. 2012 Mar;42(3):432-40. doi: 10.1007/s10803-011-1251-8.","J Autism Dev Disord.  2012","PubMed","citation","PMID:21667200","pubmed","21667200","create date:2011/06/15 | first author:Scahill L",
"White blood cell count and risk of incident atrial fibrillation (from the Framingham Heart Study).","/pubmed/22100030","Rienstra M, Sun JX, Magnani JW, Sinner MF, Lubitz SA, Sullivan LM, Ellinor PT, Benjamin EJ.","Am J Cardiol. 2012 Feb 15;109(4):533-7. doi: 10.1016/j.amjcard.2011.09.049.","Am J Cardiol.  2012","PubMed","citation","PMID:22100030 | PMCID:PMC3270118","pubmed","22100030","create date:2011/11/22 | first author:Rienstra M",
"Repeat prenatal corticosteroid prior to preterm birth: a systematic review and individual participant data meta-analysis for the PRECISE study group (prenatal repeat corticosteroid international IPD study group: assessing the effects using the best level of evidence) - study protocol.","/pubmed/22588009","Crowther CA, Aghajafari F, Askie LM, Asztalos EV, Brocklehurst P, Bubner TK, Doyle LW, Dutta S, Garite TJ, Guinn DA, Hallman M, Hannah ME, Hardy P, Maurel K, Mazumder P, McEvoy C, Middleton PF, Murphy KE, Peltoniemi OM, Peters D, Sullivan L, Thom EA, et al.","Syst Rev. 2012 Feb 12;1:12. doi: 10.1186/2046-4053-1-12. Review.","Syst Rev.  2012","PubMed","citation","PMID:22588009 | PMCID:PMC3351733","pubmed","22588009","create date:2012/05/17 | first author:Crowther CA",
"Improving self-care for heart failure for seniors: the impact of video and written education and decision aids.","/pubmed/22004181","Veroff DR, Sullivan LA, Shoptaw EJ, Venator B, Ochoa-Arvelo T, Baxter JR, Manocchia M, Wennberg D.","Popul Health Manag. 2012 Feb;15(1):37-45. doi: 10.1089/pop.2011.0019.","Popul Health Manag.  2012","PubMed","citation","PMID:22004181","pubmed","22004181","create date:2011/10/19 | first author:Veroff DR",
"Plasma resistin, adiponectin, and risk of incident atrial fibrillation: the Framingham Offspring Study.","/pubmed/22172445","Rienstra M, Sun JX, Lubitz SA, Frankel DS, Vasan RS, Levy D, Magnani JW, Sullivan LM, Meigs JB, Ellinor PT, Benjamin EJ.","Am Heart J. 2012 Jan;163(1):119-124.e1. doi: 10.1016/j.ahj.2011.09.029.","Am Heart J.  2012","PubMed","citation","PMID:22172445 | PMCID:PMC3375331","pubmed","22172445","create date:2011/12/17 | first author:Rienstra M",
"Claudin-6 is a nonspecific marker for malignant rhabdoid and other pediatric tumors.","/pubmed/21989342","Sullivan LM, Yankovich T, Le P, Martinez D, Santi M, Biegel JA, Pawel BR, Judkins AR.","Am J Surg Pathol. 2012 Jan;36(1):73-80. doi: 10.1097/PAS.0b013e31822cfa7e.","Am J Surg Pathol.  2012","PubMed","citation","PMID:21989342 | PMCID:PMC3477871","pubmed","21989342","create date:2011/10/13 | first author:Sullivan LM",
"Clinical utilization of high-resolution single nucleotide polymorphism based oligonucleotide arrays in diagnostic studies of pediatric patients with solid tumors.","/pubmed/22429597","Dougherty MJ, Tooke LS, Sullivan LM, Hakonarson H, Wainwright LM, Biegel JA.","Cancer Genet. 2012 Jan-Feb;205(1-2):42-54. doi: 10.1016/j.cancergen.2012.01.014.","Cancer Genet.  2012","PubMed","citation","PMID:22429597","pubmed","22429597","create date:2012/03/21 | first author:Dougherty MJ",
"Reference intervals for plasma L-arginine and the L-arginine:asymmetric dimethylarginine ratio in the Framingham Offspring Cohort.","/pubmed/22031661","Lüneburg N, Xanthakis V, Schwedhelm E, Sullivan LM, Maas R, Anderssohn M, Riederer U, Glazer NL, Vasan RS, Böger RH.","J Nutr. 2011 Dec;141(12):2186-90. doi: 10.3945/jn.111.148197.","J Nutr.  2011","PubMed","citation","PMID:22031661 | PMCID:PMC3223876","pubmed","22031661","create date:2011/10/28 | first author:Lüneburg N",
"Plasma symmetric dimethylarginine reference limits from the Framingham offspring cohort.","/pubmed/21864208","Schwedhelm E, Xanthakis V, Maas R, Sullivan LM, Atzler D, Lüneburg N, Glazer NL, Riederer U, Vasan RS, Böger RH.","Clin Chem Lab Med. 2011 Nov;49(11):1907-10. doi: 10.1515/CCLM.2011.679.","Clin Chem Lab Med.  2011","PubMed","citation","PMID:21864208 | PMCID:PMC3235736","pubmed","21864208","create date:2011/08/26 | first author:Schwedhelm E",
"Malignant rhabdoid tumors express stem cell factors, which relate to the expression of EZH2 and Id proteins.","/pubmed/21921784","Venneti S, Le P, Martinez D, Xie SX, Sullivan LM, Rorke-Adams LB, Pawel B, Judkins AR.","Am J Surg Pathol. 2011 Oct;35(10):1463-72. doi: 10.1097/PAS.0b013e318224d2cd.","Am J Surg Pathol.  2011","PubMed","citation","PMID:21921784","pubmed","21921784","create date:2011/09/17 | first author:Venneti S",
"Identification of cis- and trans-acting genetic variants explaining up to half the variation in circulating vascular endothelial growth factor levels.","/pubmed/21757650","Debette S, Visvikis-Siest S, Chen MH, Ndiaye NC, Song C, Destefano A, Safa R, Azimi Nezhad M, Sawyer D, Marteau JB, Xanthakis V, Siest G, Sullivan L, Pfister M, Smith H, Choi SH, Lamont J, Lind L, Yang Q, Fitzgerald P, Ingelsson E, Vasan RS, et al.","Circ Res. 2011 Aug 19;109(5):554-63. doi: 10.1161/CIRCRESAHA.111.243790.","Circ Res.  2011","PubMed","citation","PMID:21757650 | PMCID:PMC3193930","pubmed","21757650","create date:2011/07/16 | first author:Debette S",
"Type 2 diabetes risk in persons with dysglycemia: the Framingham Offspring Study.","/pubmed/21242014","Wilson PW, D'Agostino RB, Fox CS, Sullivan LM, Meigs JB.","Diabetes Res Clin Pract. 2011 Apr;92(1):124-7. doi: 10.1016/j.diabres.2010.12.024.","Diabetes Res Clin Pract.  2011","PubMed","citation","PMID:21242014 | PMCID:PMC3079064","pubmed","21242014","create date:2011/01/19 | first author:Wilson PW",
"P wave duration and risk of longitudinal atrial fibrillation in persons ≥ 60 years old (from the Framingham Heart Study).","/pubmed/21255761","Magnani JW, Johnson VM, Sullivan LM, Gorodeski EZ, Schnabel RB, Lubitz SA, Levy D, Ellinor PT, Benjamin EJ.","Am J Cardiol. 2011 Mar 15;107(6):917-921.e1. doi: 10.1016/j.amjcard.2010.10.075.","Am J Cardiol.  2011","PubMed","citation","PMID:21255761 | PMCID:PMC3049849","pubmed","21255761","create date:2011/01/25 | first author:Magnani JW",
"A genome-wide association study identifies novel loci associated with circulating IGF-I and IGFBP-3.","/pubmed/21216879","Kaplan RC, Petersen AK, Chen MH, Teumer A, Glazer NL, Döring A, Lam CS, Friedrich N, Newman A, Müller M, Yang Q, Homuth G, Cappola A, Klopp N, Smith H, Ernst F, Psaty BM, Wichmann HE, Sawyer DB, Biffar R, Rotter JI, Gieger C, et al.","Hum Mol Genet. 2011 Mar 15;20(6):1241-51. doi: 10.1093/hmg/ddq560.","Hum Mol Genet.  2011","PubMed","citation","PMID:21216879 | PMCID:PMC3043664","pubmed","21216879","create date:2011/01/11 | first author:Kaplan RC",
"Relation of brachial and digital measures of vascular function in the community: the Framingham heart study.","/pubmed/21263120","Hamburg NM, Palmisano J, Larson MG, Sullivan LM, Lehman BT, Vasan RS, Levy D, Mitchell GF, Vita JA, Benjamin EJ.","Hypertension. 2011 Mar;57(3):390-6. doi: 10.1161/HYPERTENSIONAHA.110.160812.","Hypertension.  2011","PubMed","citation","PMID:21263120 | PMCID:PMC3049726","pubmed","21263120","create date:2011/01/26 | first author:Hamburg NM",
"Dietary factors and incident atrial fibrillation: the Framingham Heart Study.","/pubmed/21106919","Shen J, Johnson VM, Sullivan LM, Jacques PF, Magnani JW, Lubitz SA, Pandey S, Levy D, Vasan RS, Quatromoni PA, Junyent M, Ordovas JM, Benjamin EJ.","Am J Clin Nutr. 2011 Feb;93(2):261-6. doi: 10.3945/ajcn.110.001305.","Am J Clin Nutr.  2011","PubMed","citation","PMID:21106919 | PMCID:PMC3021424","pubmed","21106919","create date:2010/11/26 | first author:Shen J",
"P wave duration is associated with cardiovascular and all-cause mortality outcomes: the National Health and Nutrition Examination Survey.","/pubmed/20868770","Magnani JW, Gorodeski EZ, Johnson VM, Sullivan LM, Hamburg NM, Benjamin EJ, Ellinor PT.","Heart Rhythm. 2011 Jan;8(1):93-100. doi: 10.1016/j.hrthm.2010.09.020.","Heart Rhythm.  2011","PubMed","citation","PMID:20868770 | PMCID:PMC3046401","pubmed","20868770","create date:2010/09/28 | first author:Magnani JW",
"Leclercia adecarboxylata cellulitis in a child with acute lymphoblastic leukemia.","/pubmed/21385207","Shah A, Nguyen J, Sullivan LM, Chikwava KR, Yan AC, Treat JR.","Pediatr Dermatol. 2011 Mar-Apr;28(2):162-4. doi: 10.1111/j.1525-1470.2011.01348.x.","Pediatr Dermatol.  2011","PubMed","citation","PMID:21385207","pubmed","21385207","create date:2011/03/10 | first author:Shah A",
"Validation of an atrial fibrillation risk algorithm in whites and African Americans.","/pubmed/21098350","Schnabel RB, Aspelund T, Li G, Sullivan LM, Suchy-Dicey A, Harris TB, Pencina MJ, D'Agostino RB Sr, Levy D, Kannel WB, Wang TJ, Kronmal RA, Wolf PA, Burke GL, Launer LJ, Vasan RS, Psaty BM, Benjamin EJ, Gudnason V, Heckbert SR.","Arch Intern Med. 2010 Nov 22;170(21):1909-17. doi: 10.1001/archinternmed.2010.434.","Arch Intern Med.  2010","PubMed","citation","PMID:21098350 | PMCID:PMC3021784","pubmed","21098350","create date:2010/11/26 | first author:Schnabel RB",
"Lack of association between serum magnesium and the risks of hypertension and cardiovascular disease.","/pubmed/20934566","Khan AM, Sullivan L, McCabe E, Levy D, Vasan RS, Wang TJ.","Am Heart J. 2010 Oct;160(4):715-20. doi: 10.1016/j.ahj.2010.06.036.","Am Heart J.  2010","PubMed","citation","PMID:20934566 | PMCID:PMC2953800","pubmed","20934566","create date:2010/10/12 | first author:Khan AM",
"P-wave indices: derivation of reference values from the Framingham Heart Study.","/pubmed/20946557","Magnani JW, Johnson VM, Sullivan LM, Lubitz SA, Schnabel RB, Ellinor PT, Benjamin EJ.","Ann Noninvasive Electrocardiol. 2010 Oct;15(4):344-52. doi: 10.1111/j.1542-474X.2010.00390.x.","Ann Noninvasive Electrocardiol.  2010","PubMed","citation","PMID:20946557 | PMCID:PMC3394095","pubmed","20946557","create date:2010/10/16 | first author:Magnani JW",
"Aortic root remodeling over the adult life course: longitudinal data from the Framingham Heart Study.","/pubmed/20713896","Lam CS, Xanthakis V, Sullivan LM, Lieb W, Aragam J, Redfield MM, Mitchell GF, Benjamin EJ, Vasan RS.","Circulation. 2010 Aug 31;122(9):884-90. doi: 10.1161/CIRCULATIONAHA.110.937839.","Circulation.  2010","PubMed","citation","PMID:20713896 | PMCID:PMC2956587","pubmed","20713896","create date:2010/08/18 | first author:Lam CS",
"Correlates of echocardiographic indices of cardiac remodeling over the adult life course: longitudinal observations from the Framingham Heart Study.","/pubmed/20660804","Cheng S, Xanthakis V, Sullivan LM, Lieb W, Massaro J, Aragam J, Benjamin EJ, Vasan RS.","Circulation. 2010 Aug 10;122(6):570-8. doi: 10.1161/CIRCULATIONAHA.110.937821.","Circulation.  2010","PubMed","citation","PMID:20660804 | PMCID:PMC2942081","pubmed","20660804","create date:2010/07/28 | first author:Cheng S",
"Circulating insulin-like growth factor-1 and its binding protein-3: metabolic and genetic correlates in the community.","/pubmed/20378848","Lam CS, Chen MH, Lacey SM, Yang Q, Sullivan LM, Xanthakis V, Safa R, Smith HM, Peng X, Sawyer DB, Vasan RS.","Arterioscler Thromb Vasc Biol. 2010 Jul;30(7):1479-84. doi: 10.1161/ATVBAHA.110.203943.","Arterioscler Thromb Vasc Biol.  2010","PubMed","citation","PMID:20378848 | PMCID:PMC2891230","pubmed","20378848","create date:2010/04/10 | first author:Lam CS",
"Clinical and genetic correlates of circulating angiopoietin-2 and soluble Tie-2 in the community.","/pubmed/20348331","Lieb W, Zachariah JP, Xanthakis V, Safa R, Chen MH, Sullivan LM, Larson MG, Smith HM, Yang Q, Mitchell GF, Vita JA, Sawyer DB, Vasan RS.","Circ Cardiovasc Genet. 2010 Jun;3(3):300-6. doi: 10.1161/CIRCGENETICS.109.914556.","Circ Cardiovasc Genet.  2010","PubMed","citation","PMID:20348331 | PMCID:PMC2892960","pubmed","20348331","create date:2010/03/30 | first author:Lieb W",
"The association of tumor necrosis factor alpha receptor 2 and tumor necrosis factor alpha with insulin resistance and the influence of adipose tissue biomarkers in humans.","/pubmed/19846171","Hivert MF, Sullivan LM, Shrader P, Fox CS, Nathan DM, D'Agostino RB Sr, Wilson PW, Benjamin EJ, Meigs JB.","Metabolism. 2010 Apr;59(4):540-6. doi: 10.1016/j.metabol.2009.08.017.","Metabolism.  2010","PubMed","citation","PMID:19846171 | PMCID:PMC2843788","pubmed","19846171","create date:2009/10/23 | first author:Hivert MF",
"Longitudinal tracking of left atrial diameter over the adult life course: Clinical correlates in the community.","/pubmed/20100973","McManus DD, Xanthakis V, Sullivan LM, Zachariah J, Aragam J, Larson MG, Benjamin EJ, Vasan RS.","Circulation. 2010 Feb 9;121(5):667-74. doi: 10.1161/CIRCULATIONAHA.109.885806.","Circulation.  2010","PubMed","citation","PMID:20100973 | PMCID:PMC2823068","pubmed","20100973","create date:2010/01/27 | first author:McManus DD",
"Relations of biomarkers of distinct pathophysiological pathways and atrial fibrillation incidence in the community.","/pubmed/20048208","Schnabel RB, Larson MG, Yamamoto JF, Sullivan LM, Pencina MJ, Meigs JB, Tofler GH, Selhub J, Jacques PF, Wolf PA, Magnani JW, Ellinor PT, Wang TJ, Levy D, Vasan RS, Benjamin EJ.","Circulation. 2010 Jan 19;121(2):200-7. doi: 10.1161/CIRCULATIONAHA.109.882241.","Circulation.  2010","PubMed","citation","PMID:20048208 | PMCID:PMC3224826","pubmed","20048208","create date:2010/01/06 | first author:Schnabel RB",
"P-wave indices, distribution and quality control assessment (from the Framingham Heart Study).","/pubmed/20146786","Magnani JW, Mazzini MJ, Sullivan LM, Williamson M, Ellinor PT, Benjamin EJ.","Ann Noninvasive Electrocardiol. 2010 Jan;15(1):77-84. doi: 10.1111/j.1542-474X.2009.00343.x.","Ann Noninvasive Electrocardiol.  2010","PubMed","citation","PMID:20146786 | PMCID:PMC2901840","pubmed","20146786","create date:2010/02/12 | first author:Magnani JW",
"Role of second-trimester genetic sonography after Down syndrome screening.","/pubmed/19935018","Aagaard-Tillery KM, Malone FD, Nyberg DA, Porter TF, Cuckle HS, Fuchs K, Sullivan L, Comstock CH, Saade GR, Eddleman K, Gross S, Dugoff L, Craigo SD, Timor-Tritsch IE, Carr SR, Wolfe HM, Bianchi DW, D'Alton ME; First and Second Trimester Evaluation of Risk Research Consortium..","Obstet Gynecol. 2009 Dec;114(6):1189-96. doi: 10.1097/AOG.0b013e3181c15064.","Obstet Gynecol.  2009","PubMed","citation","PMID:19935018 | PMCID:PMC4824304","pubmed","19935018","create date:2009/11/26 | first author:Aagaard-Tillery KM",
"Relation of serum leptin with cardiac mass and left atrial dimension in individuals >70 years of age.","/pubmed/19660619","Lieb W, Sullivan LM, Aragam J, Harris TB, Roubenoff R, Benjamin EJ, Vasan RS.","Am J Cardiol. 2009 Aug 15;104(4):602-5. doi: 10.1016/j.amjcard.2009.04.026.","Am J Cardiol.  2009","PubMed","citation","PMID:19660619 | PMCID:PMC2745631","pubmed","19660619","create date:2009/08/08 | first author:Lieb W",
"Asymmetric dimethylarginine reference intervals determined with liquid chromatography-tandem mass spectrometry: results from the Framingham offspring cohort.","/pubmed/19541865","Schwedhelm E, Xanthakis V, Maas R, Sullivan LM, Schulze F, Riederer U, Benndorf RA, Böger RH, Vasan RS.","Clin Chem. 2009 Aug;55(8):1539-45. doi: 10.1373/clinchem.2009.124263.","Clin Chem.  2009","PubMed","citation","PMID:19541865 | PMCID:PMC3794429","pubmed","19541865","create date:2009/06/23 | first author:Schwedhelm E",
"Association of the endogenous nitric oxide synthase inhibitor ADMA with carotid artery intimal media thickness in the Framingham Heart Study offspring cohort.","/pubmed/19498184","Maas R, Xanthakis V, Polak JF, Schwedhelm E, Sullivan LM, Benndorf R, Schulze F, Vasan RS, Wolf PA, Böger RH, Seshadri S.","Stroke. 2009 Aug;40(8):2715-9. doi: 10.1161/STROKEAHA.109.552539.","Stroke.  2009","PubMed","citation","PMID:19498184 | PMCID:PMC2749947","pubmed","19498184","create date:2009/06/06 | first author:Maas R",
"Longitudinal tracking of left ventricular mass over the adult life course: clinical correlates of short- and long-term change in the framingham offspring study.","/pubmed/19506113","Lieb W, Xanthakis V, Sullivan LM, Aragam J, Pencina MJ, Larson MG, Benjamin EJ, Vasan RS.","Circulation. 2009 Jun 23;119(24):3085-92. doi: 10.1161/CIRCULATIONAHA.108.824243.","Circulation.  2009","PubMed","citation","PMID:19506113 | PMCID:PMC2761217","pubmed","19506113","create date:2009/06/10 | first author:Lieb W",
"Lack of efficacy of citalopram in children with autism spectrum disorders and high levels of repetitive behavior: citalopram ineffective in children with autism.","/pubmed/19487623","King BH, Hollander E, Sikich L, McCracken JT, Scahill L, Bregman JD, Donnelly CL, Anagnostou E, Dukes K, Sullivan L, Hirtz D, Wagner A, Ritz L; STAART Psychopharmacology Network..","Arch Gen Psychiatry. 2009 Jun;66(6):583-90. doi: 10.1001/archgenpsychiatry.2009.30.","Arch Gen Psychiatry.  2009","PubMed","citation","PMID:19487623 | PMCID:PMC4112556","pubmed","19487623","create date:2009/06/03 | first author:King BH",
"PAX immunoreactivity identifies alveolar rhabdomyosarcoma.","/pubmed/19145202","Sullivan LM, Atkins KA, LeGallo RD.","Am J Surg Pathol. 2009 May;33(5):775-80. doi: 10.1097/PAS.0b013e318191614f.","Am J Surg Pathol.  2009","PubMed","citation","PMID:19145202","pubmed","19145202","create date:2009/01/16 | first author:Sullivan LM",
"Plasma asymmetric dimethylarginine, L-arginine and left ventricular structure and function in a community-based sample.","/pubmed/18829028","Lieb W, Benndorf RA, Benjamin EJ, Sullivan LM, Maas R, Xanthakis V, Schwedhelm E, Aragam J, Schulze F, Böger RH, Vasan RS.","Atherosclerosis. 2009 May;204(1):282-7. doi: 10.1016/j.atherosclerosis.2008.08.018.","Atherosclerosis.  2009","PubMed","citation","PMID:18829028 | PMCID:PMC2714984","pubmed","18829028","create date:2008/10/03 | first author:Lieb W",
"Vascular endothelial growth factor, its soluble receptor, and hepatocyte growth factor: clinical and genetic correlates and association with vascular function.","/pubmed/19223316","Lieb W, Safa R, Benjamin EJ, Xanthakis V, Yin X, Sullivan LM, Larson MG, Smith HM, Vita JA, Mitchell GF, Sawyer DB, Vasan RS.","Eur Heart J. 2009 May;30(9):1121-7. doi: 10.1093/eurheartj/ehp007. Erratum in: Eur Heart J. 2010 Oct;31(20):2557. ","Eur Heart J.  2009","PubMed","citation","PMID:19223316 | PMCID:PMC2721714","pubmed","19223316","create date:2009/02/19 | first author:Lieb W",
"Urethral stricture following high dose rate brachytherapy for prostate cancer.","/pubmed/19097660","Sullivan L, Williams SG, Tai KH, Foroudi F, Cleeve L, Duchesne GM.","Radiother Oncol. 2009 May;91(2):232-6. doi: 10.1016/j.radonc.2008.11.013.","Radiother Oncol.  2009","PubMed","citation","PMID:19097660","pubmed","19097660","create date:2008/12/23 | first author:Sullivan L",
"Plasma leptin levels and incidence of heart failure, cardiovascular disease, and total mortality in elderly individuals.","/pubmed/19114611","Lieb W, Sullivan LM, Harris TB, Roubenoff R, Benjamin EJ, Levy D, Fox CS, Wang TJ, Wilson PW, Kannel WB, Vasan RS.","Diabetes Care. 2009 Apr;32(4):612-6. doi: 10.2337/dc08-1596.","Diabetes Care.  2009","PubMed","citation","PMID:19114611 | PMCID:PMC2660448","pubmed","19114611","create date:2008/12/31 | first author:Lieb W",
"Plasma asymmetric dimethylarginine and incidence of cardiovascular disease and death in the community.","/pubmed/19289633","Böger RH, Sullivan LM, Schwedhelm E, Wang TJ, Maas R, Benjamin EJ, Schulze F, Xanthakis V, Benndorf RA, Vasan RS.","Circulation. 2009 Mar 31;119(12):1592-600. doi: 10.1161/CIRCULATIONAHA.108.838268.","Circulation.  2009","PubMed","citation","PMID:19289633 | PMCID:PMC2742491","pubmed","19289633","create date:2009/03/18 | first author:Böger RH",
"Development of a risk score for atrial fibrillation (Framingham Heart Study): a community-based cohort study.","/pubmed/19249635","Schnabel RB, Sullivan LM, Levy D, Pencina MJ, Massaro JM, D'Agostino RB Sr, Newton-Cheh C, Yamamoto JF, Magnani JW, Tadros TM, Kannel WB, Wang TJ, Ellinor PT, Wolf PA, Vasan RS, Benjamin EJ.","Lancet. 2009 Feb 28;373(9665):739-45. doi: 10.1016/S0140-6736(09)60443-8.","Lancet.  2009","PubMed","citation","PMID:19249635 | PMCID:PMC2764235","pubmed","19249635","create date:2009/03/03 | first author:Schnabel RB",
"A parallel and distributed-processing model of joint attention, social cognition and autism.","/pubmed/19358304","Mundy P, Sullivan L, Mastergeorge AM.","Autism Res. 2009 Feb;2(1):2-21. doi: 10.1002/aur.61. Review.","Autism Res.  2009","PubMed","citation","PMID:19358304 | PMCID:PMC2715157","pubmed","19358304","create date:2009/04/10 | first author:Mundy P",
"Introduction to the Population Health Intervention Research Initiative for Canada.","/pubmed/19263976","Sullivan L.","Can J Public Health. 2009 Jan-Feb;100(1):Suppl I5-7. English, French.  No abstract available. ","Can J Public Health.  2009","PubMed","citation","PMID:19263976","pubmed","19263976","create date:2009/03/07 | first author:Sullivan L",
Title,URL,Description,Details,ShortDetails,Resource,Type,Identifiers,Db,EntrezUID,Properties
"Advancing the hypothesis that geographic variations in risk factors contribute relatively little to observed geographic variations in heart disease and stroke mortality.","/pubmed/19285103","Howard G, Cushman M, Prineas RJ, Howard VJ, Moy CS, Sullivan LM, D'Agostino RB Sr, McClure LA, Pulley L, Safford MM.","Prev Med. 2009 Aug-Sep;49(2-3):129-32. doi: 10.1016/j.ypmed.2009.03.004.","Prev Med.  2009","PubMed","citation","PMID:19285103 | PMCID:PMC2778033","pubmed","19285103","create date:2009/03/17 | first author:Howard G",
"Down syndrome serum screening also identifies an increased risk for multicystic dysplastic kidney, two-vessel cord, and hydrocele.","/pubmed/19034930","Hoffman JD, Bianchi DW, Sullivan LM, Mackinnon BL, Collins J, Malone FD, Porter TF, Nyberg DA, Comstock CH, Bukowski R, Berkowitz RL, Gross SJ, Dugoff L, Craigo SD, Timor-Tritsch IE, Carr SR, Wolfe HM, D'Alton ME.","Prenat Diagn. 2008 Dec;28(13):1204-8. doi: 10.1002/pd.2082.","Prenat Diagn.  2008","PubMed","citation","PMID:19034930 | PMCID:PMC2610242","pubmed","19034930","create date:2008/11/27 | first author:Hoffman JD",
"Genotype score in addition to common risk factors for prediction of type 2 diabetes.","/pubmed/19020323","Meigs JB, Shrader P, Sullivan LM, McAteer JB, Fox CS, Dupuis J, Manning AK, Florez JC, Wilson PW, D'Agostino RB Sr, Cupples LA.","N Engl J Med. 2008 Nov 20;359(21):2208-19. doi: 10.1056/NEJMoa0804742. Erratum in: N Engl J Med. 2009 Feb 5;360(6):648. ","N Engl J Med.  2008","PubMed","citation","PMID:19020323 | PMCID:PMC2746946","pubmed","19020323","create date:2008/11/21 | first author:Meigs JB",
"Comprehensive evaluation of CDX2 in invasive cervical adenocarcinomas: immunopositivity in the absence of overt colorectal morphology.","/pubmed/18753946","Sullivan LM, Smolkin ME, Frierson HF Jr, Galgano MT.","Am J Surg Pathol. 2008 Nov;32(11):1608-12. doi: 10.1097/PAS.0b013e31816d71c4.","Am J Surg Pathol.  2008","PubMed","citation","PMID:18753946","pubmed","18753946","create date:2008/08/30 | first author:Sullivan LM",
"Effect of aging on A1C levels in individuals without diabetes: evidence from the Framingham Offspring Study and the National Health and Nutrition Examination Survey 2001-2004.","/pubmed/18628569","Pani LN, Korenda L, Meigs JB, Driver C, Chamany S, Fox CS, Sullivan L, D'Agostino RB, Nathan DM.","Diabetes Care. 2008 Oct;31(10):1991-6. doi: 10.2337/dc08-0577.","Diabetes Care.  2008","PubMed","citation","PMID:18628569 | PMCID:PMC2551641","pubmed","18628569","create date:2008/07/17 | first author:Pani LN",
"Associations of adiponectin, resistin, and tumor necrosis factor-alpha with insulin resistance.","/pubmed/18492747","Hivert MF, Sullivan LM, Fox CS, Nathan DM, D'Agostino RB Sr, Wilson PW, Meigs JB.","J Clin Endocrinol Metab. 2008 Aug;93(8):3165-72. doi: 10.1210/jc.2008-0425.","J Clin Endocrinol Metab.  2008","PubMed","citation","PMID:18492747 | PMCID:PMC2515087","pubmed","18492747","create date:2008/05/22 | first author:Hivert MF",
"Maternal thyroid hypofunction and pregnancy outcome.","/pubmed/18591312","Cleary-Goldman J, Malone FD, Lambert-Messerlian G, Sullivan L, Canick J, Porter TF, Luthy D, Gross S, Bianchi DW, D'Alton ME.","Obstet Gynecol. 2008 Jul;112(1):85-92. doi: 10.1097/AOG.0b013e3181788dd7.","Obstet Gynecol.  2008","PubMed","citation","PMID:18591312 | PMCID:PMC4949950","pubmed","18591312","create date:2008/07/02 | first author:Cleary-Goldman J",
"Repeated measures.","/pubmed/18316500","Sullivan LM.","Circulation. 2008 Mar 4;117(9):1238-43. doi: 10.1161/CIRCULATIONAHA.107.654350. Review. No abstract available. ","Circulation.  2008","PubMed","citation","PMID:18316500","pubmed","18316500","create date:2008/03/05 | first author:Sullivan LM",
"Use of alternative thresholds defining insulin resistance to predict incident type 2 diabetes mellitus and cardiovascular disease.","/pubmed/18250267","Rutter MK, Wilson PW, Sullivan LM, Fox CS, D'Agostino RB Sr, Meigs JB.","Circulation. 2008 Feb 26;117(8):1003-9. doi: 10.1161/CIRCULATIONAHA.107.727727.","Circulation.  2008","PubMed","citation","PMID:18250267 | PMCID:PMC2519012","pubmed","18250267","create date:2008/02/06 | first author:Rutter MK",
"Usefulness of the triglyceride-high-density lipoprotein versus the cholesterol-high-density lipoprotein ratio for predicting insulin resistance and cardiometabolic risk (from the Framingham Offspring Cohort).","/pubmed/18312765","Kannel WB, Vasan RS, Keyes MJ, Sullivan LM, Robins SJ.","Am J Cardiol. 2008 Feb 15;101(4):497-501. doi: 10.1016/j.amjcard.2007.09.109.","Am J Cardiol.  2008","PubMed","citation","PMID:18312765 | PMCID:PMC3753679","pubmed","18312765","create date:2008/03/04 | first author:Kannel WB",
"Teaching excellence in public health: a call to action.","/pubmed/19006984","Lee JM, Kleinbaum D, Diener-West M, Grimley DM, Hellerstedt WL, Sullivan L, Aday LA, Riegelman R.","Public Health Rep. 2008 May-Jun;123(3):405-7. No abstract available. ","Public Health Rep.  2008","PubMed","citation","PMID:19006984 | PMCID:PMC2289970","pubmed","19006984","create date:2008/11/15 | first author:Lee JM",
"LDL Particle Number and Risk of Future Cardiovascular Disease in the Framingham Offspring Study - Implications for LDL Management.","/pubmed/19657464","Cromwell WC, Otvos JD, Keyes MJ, Pencina MJ, Sullivan L, Vasan RS, Wilson PW, D'Agostino RB.","J Clin Lipidol. 2007 Dec;1(6):583-92. doi: 10.1016/j.jacl.2007.10.001.","J Clin Lipidol.  2007","PubMed","citation","PMID:19657464 | PMCID:PMC2720529","pubmed","19657464","create date:2007/12/01 | first author:Cromwell WC",
"Clinical utility of different lipid measures for prediction of coronary heart disease in men and women.","/pubmed/17699011","Ingelsson E, Schaefer EJ, Contois JH, McNamara JR, Sullivan L, Keyes MJ, Pencina MJ, Schoonmaker C, Wilson PW, D'Agostino RB, Vasan RS.","JAMA. 2007 Aug 15;298(7):776-85.","JAMA.  2007","PubMed","citation","PMID:17699011","pubmed","17699011","create date:2007/08/21 | first author:Ingelsson E",
"The contribution of birth defects to preterm birth and low birth weight.","/pubmed/17666606","Dolan SM, Gross SJ, Merkatz IR, Faber V, Sullivan LM, Malone FD, Porter TF, Nyberg DA, Comstock CH, Hankins GD, Eddleman K, Dugoff L, Craigo SD, Timor-Tritsch I, Carr SR, Wolfe HM, Bianchi DW, D'Alton ME.","Obstet Gynecol. 2007 Aug;110(2 Pt 1):318-24.","Obstet Gynecol.  2007","PubMed","citation","PMID:17666606","pubmed","17666606","create date:2007/08/02 | first author:Dolan SM",
"Soft drink consumption and risk of developing cardiometabolic risk factors and the metabolic syndrome in middle-aged adults in the community.","/pubmed/17646581","Dhingra R, Sullivan L, Jacques PF, Wang TJ, Fox CS, Meigs JB, D'Agostino RB, Gaziano JM, Vasan RS.","Circulation. 2007 Jul 31;116(5):480-8. Erratum in: Circulation. 2007 Dec 4;116(23):e557. ","Circulation.  2007","PubMed","citation","PMID:17646581","pubmed","17646581","create date:2007/07/25 | first author:Dhingra R",
"Burden and prognostic importance of subclinical cardiovascular disease in overweight and obese individuals.","/pubmed/17620505","Ingelsson E, Sullivan LM, Fox CS, Murabito JM, Benjamin EJ, Polak JF, Meigs JB, Keyes MJ, O'Donnell CJ, Wang TJ, D'Agostino RB, Wolf PA, Vasan RS.","Circulation. 2007 Jul 24;116(4):375-84.","Circulation.  2007","PubMed","citation","PMID:17620505","pubmed","17620505","create date:2007/07/11 | first author:Ingelsson E",
"The effect of low body mass index on the development of gestational hypertension and preeclampsia.","/pubmed/17674263","Belogolovkin V, Eddleman KA, Malone FD, Sullivan L, Ball RH, Nyberg DA, Comstock CH, Hankins GD, Carter S, Dugoff L, Craigo SD, Timor-Tritsch IE, Carr SR, Wolfe HM, D'Alton ME.","J Matern Fetal Neonatal Med. 2007 Jul;20(7):509-13.","J Matern Fetal Neonatal Med.  2007","PubMed","citation","PMID:17674263","pubmed","17674263","create date:2007/08/04 | first author:Belogolovkin V",
"New scanning electron microscopic method for determination of adipocyte size in humans and mice.","/pubmed/17636083","Guo W, Bigornia S, Leizerman I, Xie W, McDonnell M, Clemente K, Pirtskhalava T, Kirkland JL, Gokce N, Corkey BE, Sullivan LM, Apovian CM.","Obesity (Silver Spring). 2007 Jul;15(7):1657-65.","Obesity (Silver Spring).  2007","PubMed","citation","PMID:17636083","pubmed","17636083","create date:2007/07/20 | first author:Guo W",
"Prevalence and prognostic impact of subclinical cardiovascular disease in individuals with the metabolic syndrome and diabetes.","/pubmed/17369522","Ingelsson E, Sullivan LM, Murabito JM, Fox CS, Benjamin EJ, Polak JF, Meigs JB, Keyes MJ, O'Donnell CJ, Wang TJ, D'Agostino RB Sr, Wolf PA, Vasan RS.","Diabetes. 2007 Jun;56(6):1718-26.","Diabetes.  2007","PubMed","citation","PMID:17369522","pubmed","17369522","create date:2007/03/21 | first author:Ingelsson E",
"Prediction of incident diabetes mellitus in middle-aged adults: the Framingham Offspring Study.","/pubmed/17533210","Wilson PW, Meigs JB, Sullivan L, Fox CS, Nathan DM, D'Agostino RB Sr.","Arch Intern Med. 2007 May 28;167(10):1068-74.","Arch Intern Med.  2007","PubMed","citation","PMID:17533210","pubmed","17533210","create date:2007/05/30 | first author:Wilson PW",
"Relations of serum phosphorus and calcium levels to the incidence of cardiovascular disease in the community.","/pubmed/17502528","Dhingra R, Sullivan LM, Fox CS, Wang TJ, D'Agostino RB Sr, Gaziano JM, Vasan RS.","Arch Intern Med. 2007 May 14;167(9):879-85.","Arch Intern Med.  2007","PubMed","citation","PMID:17502528","pubmed","17502528","create date:2007/05/16 | first author:Dhingra R",
"Impact of insulin resistance on risk of type 2 diabetes and cardiovascular disease in people with metabolic syndrome.","/pubmed/17259468","Meigs JB, Rutter MK, Sullivan LM, Fox CS, D'Agostino RB Sr, Wilson PW.","Diabetes Care. 2007 May;30(5):1219-25.","Diabetes Care.  2007","PubMed","citation","PMID:17259468","pubmed","17259468","create date:2007/01/30 | first author:Meigs JB",
"Left ventricular mass, blood pressure, and lowered cognitive performance in the Framingham offspring.","/pubmed/17224472","Elias MF, Sullivan LM, Elias PK, D'Agostino RB Sr, Wolf PA, Seshadri S, Au R, Benjamin EJ, Vasan RS.","Hypertension. 2007 Mar;49(3):439-45.","Hypertension.  2007","PubMed","citation","PMID:17224472","pubmed","17224472","create date:2007/01/17 | first author:Elias MF",
"Client factors associated with length of stay in methadone treatment among heroin users who inject drugs: quantitative analysis of state-level substance abuse treatment utilization data.","/pubmed/21768929","Lundgren LM, Sullivan LM, Maina AW, Schilling RF.","J Addict Med. 2007 Mar;1(1):26-32. doi: 10.1097/ADM.0b013e318044e8fe.","J Addict Med.  2007","PubMed","citation","PMID:21768929","pubmed","21768929","create date:2007/03/01 | first author:Lundgren LM",
"Marital status, marital strain, and risk of coronary heart disease or total mortality: the Framingham Offspring Study.","/pubmed/17634565","Eaker ED, Sullivan LM, Kelly-Hayes M, D'Agostino RB Sr, Benjamin EJ.","Psychosom Med. 2007 Jul-Aug;69(6):509-13.","Psychosom Med.  2007","PubMed","citation","PMID:17634565","pubmed","17634565","create date:2007/07/20 | first author:Eaker ED",
"Social networks and inflammatory markers in the Framingham Heart Study.","/pubmed/16441967","Loucks EB, Sullivan LM, D'Agostino RB Sr, Larson MG, Berkman LF, Benjamin EJ.","J Biosoc Sci. 2006 Nov;38(6):835-42.","J Biosoc Sci.  2006","PubMed","citation","PMID:16441967","pubmed","16441967","create date:2006/01/31 | first author:Loucks EB",
"Pregnancy loss rates after midtrimester amniocentesis.","/pubmed/17077226","Eddleman KA, Malone FD, Sullivan L, Dukes K, Berkowitz RL, Kharbutli Y, Porter TF, Luthy DA, Comstock CH, Saade GR, Klugman S, Dugoff L, Craigo SD, Timor-Tritsch IE, Carr SR, Wolfe HM, D'Alton ME.","Obstet Gynecol. 2006 Nov;108(5):1067-72.","Obstet Gynecol.  2006","PubMed","citation","PMID:17077226","pubmed","17077226","create date:2006/11/02 | first author:Eddleman KA",
"Estimation from samples.","/pubmed/16880342","Sullivan LM.","Circulation. 2006 Aug 1;114(5):445-9. No abstract available. ","Circulation.  2006","PubMed","citation","PMID:16880342","pubmed","16880342","create date:2006/08/02 | first author:Sullivan LM",
"Body mass index, metabolic syndrome, and risk of type 2 diabetes or cardiovascular disease.","/pubmed/16735483","Meigs JB, Wilson PW, Fox CS, Vasan RS, Nathan DM, Sullivan LM, D'Agostino RB.","J Clin Endocrinol Metab. 2006 Aug;91(8):2906-12.","J Clin Endocrinol Metab.  2006","PubMed","citation","PMID:16735483","pubmed","16735483","create date:2006/06/01 | first author:Meigs JB",
"Psychosocial correlates of pregnant women's attitudes toward prenatal maternal serum screening and invasive diagnostic testing: beyond traditional risk status.","/pubmed/16792517","Lumley MA, Zamerowski ST, Jackson L, Dukes K, Sullivan L.","Genet Test. 2006 Summer;10(2):131-8.","Genet Test.  2006","PubMed","citation","PMID:16792517","pubmed","16792517","create date:2006/06/24 | first author:Lumley MA",
"Association of educational level with inflammatory markers in the Framingham Offspring Study.","/pubmed/16421236","Loucks EB, Sullivan LM, Hayes LJ, D'Agostino RB Sr, Larson MG, Vasan RS, Benjamin EJ, Berkman LF.","Am J Epidemiol. 2006 Apr 1;163(7):622-8.","Am J Epidemiol.  2006","PubMed","citation","PMID:16421236","pubmed","16421236","create date:2006/01/20 | first author:Loucks EB",
"How do treatment repeaters use the drug treatment system? An analysis of injection drug users in Massachusetts.","/pubmed/16490675","Lundgren LM, Sullivan L, Amodeo M.","J Subst Abuse Treat. 2006 Mar;30(2):121-8.","J Subst Abuse Treat.  2006","PubMed","citation","PMID:16490675","pubmed","16490675","create date:2006/02/24 | first author:Lundgren LM",
"Early access to prenatal care: implications for racial disparity in perinatal mortality.","/pubmed/16507934","Healy AJ, Malone FD, Sullivan LM, Porter TF, Luthy DA, Comstock CH, Saade G, Berkowitz R, Klugman S, Dugoff L, Craigo SD, Timor-Tritsch I, Carr SR, Wolfe HM, Bianchi DW, D'Alton ME; FASTER Trial Research Consortium..","Obstet Gynecol. 2006 Mar;107(3):625-31.","Obstet Gynecol.  2006","PubMed","citation","PMID:16507934","pubmed","16507934","create date:2006/03/02 | first author:Healy AJ",
"Hemostatic markers of endothelial dysfunction and risk of incident type 2 diabetes: the Framingham Offspring Study.","/pubmed/16443791","Meigs JB, O'donnell CJ, Tofler GH, Benjamin EJ, Fox CS, Lipinska I, Nathan DM, Sullivan LM, D'Agostino RB, Wilson PW.","Diabetes. 2006 Feb;55(2):530-7.","Diabetes.  2006","PubMed","citation","PMID:16443791","pubmed","16443791","create date:2006/01/31 | first author:Meigs JB",
"Metabolic syndrome compared with type 2 diabetes mellitus as a risk factor for stroke: the Framingham Offspring Study.","/pubmed/16401818","Najarian RM, Sullivan LM, Kannel WB, Wilson PW, D'Agostino RB, Wolf PA.","Arch Intern Med. 2006 Jan 9;166(1):106-11.","Arch Intern Med.  2006","PubMed","citation","PMID:16401818","pubmed","16401818","create date:2006/01/13 | first author:Najarian RM",
"Increased small low-density lipoprotein particle number: a prominent feature of the metabolic syndrome in the Framingham Heart Study.","/pubmed/16380547","Kathiresan S, Otvos JD, Sullivan LM, Keyes MJ, Schaefer EJ, Wilson PW, D'Agostino RB, Vasan RS, Robins SJ.","Circulation. 2006 Jan 3;113(1):20-9.","Circulation.  2006","PubMed","citation","PMID:16380547","pubmed","16380547","create date:2005/12/29 | first author:Kathiresan S",
"Atrial fibrillation is associated with lower cognitive performance in the Framingham offspring men.","/pubmed/17904078","Elias MF, Sullivan LM, Elias PK, Vasan RS, D'Agostino RB Sr, Seshadri S, Au R, Wolf PA, Benjamin EJ.","J Stroke Cerebrovasc Dis. 2006 Sep-Oct;15(5):214-22.","J Stroke Cerebrovasc Dis.  2006","PubMed","citation","PMID:17904078","pubmed","17904078","create date:2007/10/02 | first author:Elias MF",
"Obesity, diabetes and cognitive deficit: The Framingham Heart Study.","/pubmed/16223549","Elias MF, Elias PK, Sullivan LM, Wolf PA, D'Agostino RB.","Neurobiol Aging. 2005 Dec;26 Suppl 1:11-6.","Neurobiol Aging.  2005","PubMed","citation","PMID:16223549","pubmed","16223549","create date:2005/10/15 | first author:Elias MF",
"A comparison of ten-year cardiac risk estimates in schizophrenia patients from the CATIE study and matched controls.","/pubmed/16198088","Goff DC, Sullivan LM, McEvoy JP, Meyer JM, Nasrallah HA, Daumit GL, Lamberti S, D'Agostino RB, Stroup TS, Davis S, Lieberman JA.","Schizophr Res. 2005 Dec 1;80(1):45-53.","Schizophr Res.  2005","PubMed","citation","PMID:16198088","pubmed","16198088","create date:2005/10/04 | first author:Goff DC",
"Prevalence of the metabolic syndrome in patients with schizophrenia: baseline results from the Clinical Antipsychotic Trials of Intervention Effectiveness (CATIE) schizophrenia trial and comparison with national estimates from NHANES III.","/pubmed/16137860","McEvoy JP, Meyer JM, Goff DC, Nasrallah HA, Davis SM, Sullivan L, Meltzer HY, Hsiao J, Scott Stroup T, Lieberman JA.","Schizophr Res. 2005 Dec 1;80(1):19-32.","Schizophr Res.  2005","PubMed","citation","PMID:16137860","pubmed","16137860","create date:2005/09/03 | first author:McEvoy JP",
"Metabolic syndrome as a precursor of cardiovascular disease and type 2 diabetes mellitus.","/pubmed/16275870","Wilson PW, D'Agostino RB, Parise H, Sullivan L, Meigs JB.","Circulation. 2005 Nov 15;112(20):3066-72.","Circulation.  2005","PubMed","citation","PMID:16275870","pubmed","16275870","create date:2005/11/09 | first author:Wilson PW",
"Insulin resistance, the metabolic syndrome, and incident cardiovascular events in the Framingham Offspring Study.","/pubmed/16249452","Rutter MK, Meigs JB, Sullivan LM, D'Agostino RB Sr, Wilson PW.","Diabetes. 2005 Nov;54(11):3252-7.","Diabetes.  2005","PubMed","citation","PMID:16249452","pubmed","16249452","create date:2005/10/27 | first author:Rutter MK",
"Homocysteine and cognitive performance in the Framingham offspring study: age is important.","/pubmed/16107567","Elias MF, Sullivan LM, D'Agostino RB, Elias PK, Jacques PF, Selhub J, Seshadri S, Au R, Beiser A, Wolf PA.","Am J Epidemiol. 2005 Oct 1;162(7):644-53.","Am J Epidemiol.  2005","PubMed","citation","PMID:16107567","pubmed","16107567","create date:2005/08/19 | first author:Elias MF",
"Quad screen as a predictor of adverse pregnancy outcome.","/pubmed/16055573","Dugoff L, Hobbins JC, Malone FD, Vidaver J, Sullivan L, Canick JA, Lambert-Messerlian GM, Porter TF, Luthy DA, Comstock CH, Saade G, Eddleman K, Merkatz IR, Craigo SD, Timor-Tritsch IE, Carr SR, Wolfe HM, D'Alton ME; FASTER Trial Research Consortium..","Obstet Gynecol. 2005 Aug;106(2):260-7.","Obstet Gynecol.  2005","PubMed","citation","PMID:16055573","pubmed","16055573","create date:2005/08/02 | first author:Dugoff L",
"Relative importance of borderline and elevated levels of coronary heart disease risk factors.","/pubmed/15767617","Vasan RS, Sullivan LM, Wilson PW, Sempos CT, Sundström J, Kannel WB, Levy D, D'Agostino RB.","Ann Intern Med. 2005 Mar 15;142(6):393-402. Erratum in: Ann Intern Med. 2005 Apr 19;142(8):681. ","Ann Intern Med.  2005","PubMed","citation","PMID:15767617","pubmed","15767617","create date:2005/03/16 | first author:Vasan RS",
"Persistent elevation of cell-free fetal DNA levels in maternal plasma after selective laser coagulation of chorionic plate anastomoses in severe midgestational twin-twin transfusion syndrome.","/pubmed/15696010","Wataganara T, Gratacos E, Jani J, Becker J, Lewi L, Sullivan LM, Bianchi DW, Deprest JA.","Am J Obstet Gynecol. 2005 Feb;192(2):604-9.","Am J Obstet Gynecol.  2005","PubMed","citation","PMID:15696010","pubmed","15696010","create date:2005/02/08 | first author:Wataganara T",
"A randomized controlled trial to enhance antiretroviral therapy adherence in patients with a history of alcohol problems.","/pubmed/15751766","Samet JH, Horton NJ, Meli S, Dukes K, Tripps T, Sullivan L, Freedberg KA.","Antivir Ther. 2005;10(1):83-93.","Antivir Ther.  2005","PubMed","citation","PMID:15751766","pubmed","15751766","create date:2005/03/09 | first author:Samet JH",
"Changes of cell-free fetal DNA in maternal plasma after elective termination of pregnancy.","/pubmed/15528293","Wataganara T, Chen AY, LeShane ES, Sullivan LM, Borgatta L, Bianchi DW, Johnson KL.","Clin Chem. 2005 Jan;51(1):217-9. No abstract available. ","Clin Chem.  2005","PubMed","citation","PMID:15528293","pubmed","15528293","create date:2004/11/06 | first author:Wataganara T",
"Relations of serum uric acid to longitudinal blood pressure tracking and hypertension incidence.","/pubmed/15569852","Sundström J, Sullivan L, D'Agostino RB, Levy D, Kannel WB, Vasan RS.","Hypertension. 2005 Jan;45(1):28-33.","Hypertension.  2005","PubMed","citation","PMID:15569852","pubmed","15569852","create date:2004/12/01 | first author:Sundström J",
"Tension and anxiety and the prediction of the 10-year incidence of coronary heart disease, atrial fibrillation, and total mortality: the Framingham Offspring Study.","/pubmed/16204425","Eaker ED, Sullivan LM, Kelly-Hayes M, D'Agostino RB Sr, Benjamin EJ.","Psychosom Med. 2005 Sep-Oct;67(5):692-6.","Psychosom Med.  2005","PubMed","citation","PMID:16204425","pubmed","16204425","create date:2005/10/06 | first author:Eaker ED",
Title,URL,Description,Details,ShortDetails,Resource,Type,Identifiers,Db,EntrezUID,Properties
"Serum cholesterol and cognitive performance in the Framingham Heart Study.","/pubmed/15673620","Elias PK, Elias MF, D'Agostino RB, Sullivan LM, Wolf PA.","Psychosom Med. 2005 Jan-Feb;67(1):24-30.","Psychosom Med.  2005","PubMed","citation","PMID:15673620","pubmed","15673620","create date:2005/01/28 | first author:Elias PK",
"Carbothermal transformation of a graphitic carbon nanofiber/silica aerogel composite to a SiC/silica nanocomposite.","/pubmed/15570963","Lu W, Steigerwalt ES, Moore JT, Sullivan LM, Collins WE, Lukehart CM.","J Nanosci Nanotechnol. 2004 Sep;4(7):803-8.","J Nanosci Nanotechnol.  2004","PubMed","citation","PMID:15570963","pubmed","15570963","create date:2004/12/02 | first author:Lu W",
"Graphitic carbon nanofiber (GCNF)/polymer materials. I. GCNF/epoxy monoliths using hexanediamine linker molecules.","/pubmed/15570962","Zhong WH, Li J, Xu LR, Michel JA, Sullivan LM, Lukehart CM.","J Nanosci Nanotechnol. 2004 Sep;4(7):794-802.","J Nanosci Nanotechnol.  2004","PubMed","citation","PMID:15570962","pubmed","15570962","create date:2004/12/02 | first author:Zhong WH",
"C-reactive protein, the metabolic syndrome, and prediction of cardiovascular events in the Framingham Offspring Study.","/pubmed/15262834","Rutter MK, Meigs JB, Sullivan LM, D'Agostino RB Sr, Wilson PW.","Circulation. 2004 Jul 27;110(4):380-5.","Circulation.  2004","PubMed","citation","PMID:15262834","pubmed","15262834","create date:2004/07/21 | first author:Rutter MK",
"Concept and usefulness of cardiovascular risk profiles.","/pubmed/15215787","Kannel WB, D'Agostino RB, Sullivan L, Wilson PW.","Am Heart J. 2004 Jul;148(1):16-26.","Am Heart J.  2004","PubMed","citation","PMID:15215787","pubmed","15215787","create date:2004/06/25 | first author:Kannel WB",
"Labor induction in women with an unfavorable Bishop score: randomized controlled trial of intrauterine Foley catheter with concurrent oxytocin infusion versus Foley catheter with extra-amniotic saline infusion with concurrent oxytocin infusion.","/pubmed/15295370","Guinn DA, Davies JK, Jones RO, Sullivan L, Wolf D.","Am J Obstet Gynecol. 2004 Jul;191(1):225-9.","Am J Obstet Gynecol.  2004","PubMed","citation","PMID:15295370","pubmed","15295370","create date:2004/08/06 | first author:Guinn DA",
"Circulating cell-free fetal nucleic acid analysis may be a novel marker of fetomaternal hemorrhage after elective first-trimester termination of pregnancy.","/pubmed/15251951","Wataganara T, Leshane ES, Chen AY, Sullivan LM, Peter I, Borgatta L, Johnson KL, Bianchi DW.","Ann N Y Acad Sci. 2004 Jun;1022:129-34.","Ann N Y Acad Sci.  2004","PubMed","citation","PMID:15251951","pubmed","15251951","create date:2004/07/15 | first author:Wataganara T",
"Using metabolic syndrome traits for efficient detection of impaired glucose tolerance.","/pubmed/15161798","Meigs JB, Williams K, Sullivan LM, Hunt KJ, Haffner SM, Stern MP, González Villalpando C, Perhanidis JS, Nathan DM, D'Agostino RB Jr, D'Agostino RB Sr, Wilson PW.","Diabetes Care. 2004 Jun;27(6):1417-26.","Diabetes Care.  2004","PubMed","citation","PMID:15161798","pubmed","15161798","create date:2004/05/27 | first author:Meigs JB",
"Presentation of multivariate data for clinical use: The Framingham Study risk score functions.","/pubmed/15122742","Sullivan LM, Massaro JM, D'Agostino RB Sr.","Stat Med. 2004 May 30;23(10):1631-60. Review.","Stat Med.  2004","PubMed","citation","PMID:15122742","pubmed","15122742","create date:2004/05/04 | first author:Sullivan LM",
"Does job strain increase the risk for coronary heart disease or death in men and women? The Framingham Offspring Study.","/pubmed/15128607","Eaker ED, Sullivan LM, Kelly-Hayes M, D'Agostino RB Sr, Benjamin EJ.","Am J Epidemiol. 2004 May 15;159(10):950-8.","Am J Epidemiol.  2004","PubMed","citation","PMID:15128607","pubmed","15128607","create date:2004/05/07 | first author:Eaker ED",
"Anger and hostility predict the development of atrial fibrillation in men in the Framingham Offspring Study.","/pubmed/14993133","Eaker ED, Sullivan LM, Kelly-Hayes M, D'Agostino RB Sr, Benjamin EJ.","Circulation. 2004 Mar 16;109(10):1267-71.","Circulation.  2004","PubMed","citation","PMID:14993133","pubmed","14993133","create date:2004/03/03 | first author:Eaker ED",
"The significant effect of diabetes duration on coronary heart disease mortality: the Framingham Heart Study.","/pubmed/14988289","Fox CS, Sullivan L, D'Agostino RB Sr, Wilson PW; Framingham Heart Study..","Diabetes Care. 2004 Mar;27(3):704-8.","Diabetes Care.  2004","PubMed","citation","PMID:14988289","pubmed","14988289","create date:2004/02/28 | first author:Fox CS",
"Relations of plasma homocysteine to left ventricular structure and function: the Framingham Heart Study.","/pubmed/15039133","Sundström J, Sullivan L, Selhub J, Benjamin EJ, D'Agostino RB, Jacques PF, Rosenberg IH, Levy D, Wilson PW, Vasan RS; Framingham Heart Study..","Eur Heart J. 2004 Mar;25(6):523-30.","Eur Heart J.  2004","PubMed","citation","PMID:15039133","pubmed","15039133","create date:2004/03/25 | first author:Sundström J",
"Cell-free fetal DNA levels in maternal plasma after elective first-trimester termination of pregnancy.","/pubmed/15037414","Wataganara T, Chen AY, LeShane ES, Sullivan LM, Borgatta L, Bianchi DW, Johnson KL.","Fertil Steril. 2004 Mar;81(3):638-44.","Fertil Steril.  2004","PubMed","citation","PMID:15037414","pubmed","15037414","create date:2004/03/24 | first author:Wataganara T",
"Single versus weekly courses of antenatal corticosteroids in preterm premature rupture of membranes.","/pubmed/14754695","Lee MJ, Davies J, Guinn D, Sullivan L, Atkinson MW, McGregor S, Parilla BV, Hanlon-Lundberg K, Simpson L, Stone J, Wing D, Ogasawara K, Muraskas J.","Obstet Gynecol. 2004 Feb;103(2):274-81.","Obstet Gynecol.  2004","PubMed","citation","PMID:14754695","pubmed","14754695","create date:2004/02/03 | first author:Lee MJ",
"Framingham stroke risk profile and lowered cognitive performance.","/pubmed/14726556","Elias MF, Sullivan LM, D'Agostino RB, Elias PK, Beiser A, Au R, Seshadri S, DeCarli C, Wolf PA.","Stroke. 2004 Feb;35(2):404-9.","Stroke.  2004","PubMed","citation","PMID:14726556","pubmed","14726556","create date:2004/01/17 | first author:Elias MF",
"Managing and analysing data from a large-scale study on Framingham Offspring relating brain structure to cognitive function.","/pubmed/14716734","Massaro JM, D'Agostino RB Sr, Sullivan LM, Beiser A, DeCarli C, Au R, Elias MF, Wolf PA.","Stat Med. 2004 Jan 30;23(2):351-67.","Stat Med.  2004","PubMed","citation","PMID:14716734","pubmed","14716734","create date:2004/01/13 | first author:Massaro JM",
"New norms for a new generation: cognitive performance in the framingham offspring cohort.","/pubmed/15371099","Au R, Seshadri S, Wolf PA, Elias M, Elias P, Sullivan L, Beiser A, D'Agostino RB.","Exp Aging Res. 2004 Oct-Dec;30(4):333-58.","Exp Aging Res.  2004","PubMed","citation","PMID:15371099","pubmed","15371099","create date:2004/09/17 | first author:Au R",
"Plasma homocysteine, hypertension incidence, and blood pressure tracking: the Framingham Heart Study.","/pubmed/14597642","Sundström J, Sullivan L, D'Agostino RB, Jacques PF, Selhub J, Rosenberg IH, Wilson PW, Levy D, Vasan RS.","Hypertension. 2003 Dec;42(6):1100-5.","Hypertension.  2003","PubMed","citation","PMID:14597642","pubmed","14597642","create date:2003/11/05 | first author:Sundström J",
"Nonoccupational postexposure HIV prevention: emergency physicians' current practices, attitudes, and beliefs.","/pubmed/14581917","McCausland JB, Linden JA, Degutis LC, Ramanujam P, Sullivan LM, D'onofrio G.","Ann Emerg Med. 2003 Nov;42(5):651-6.","Ann Emerg Med.  2003","PubMed","citation","PMID:14581917","pubmed","14581917","create date:2003/10/29 | first author:McCausland JB",
"Health status among women with menstrual symptoms.","/pubmed/14670171","Barnard K, Frayne SM, Skinner KM, Sullivan LM.","J Womens Health (Larchmt). 2003 Nov;12(9):911-9.","J Womens Health (Larchmt).  2003","PubMed","citation","PMID:14670171","pubmed","14670171","create date:2003/12/13 | first author:Barnard K",
"Serum insulin-like growth factor I and risk for heart failure in elderly individuals without a previous myocardial infarction: the Framingham Heart Study.","/pubmed/14568852","Vasan RS, Sullivan LM, D'Agostino RB, Roubenoff R, Harris T, Sawyer DB, Levy D, Wilson PW.","Ann Intern Med. 2003 Oct 21;139(8):642-8.","Ann Intern Med.  2003","PubMed","citation","PMID:14568852","pubmed","14568852","create date:2003/10/22 | first author:Vasan RS",
"Discontinuation from HIV medical care: squandering treatment opportunities.","/pubmed/12739303","Samet JH, Freedberg KA, Savetsky JB, Sullivan LM, Padmanabhan L, Stein MD.","J Health Care Poor Underserved. 2003 May;14(2):244-55.","J Health Care Poor Underserved.  2003","PubMed","citation","PMID:12739303","pubmed","12739303","create date:2003/05/13 | first author:Samet JH",
"Sexual assault while in the military: violence as a predictor of cardiac risk?","/pubmed/12816405","Frayne SM, Skinner KM, Sullivan LM, Freund KM.","Violence Vict. 2003 Apr;18(2):219-25.","Violence Vict.  2003","PubMed","citation","PMID:12816405","pubmed","12816405","create date:2003/06/21 | first author:Frayne SM",
"Inflammatory markers and risk of heart failure in elderly subjects without prior myocardial infarction: the Framingham Heart Study.","/pubmed/12654604","Vasan RS, Sullivan LM, Roubenoff R, Dinarello CA, Harris T, Benjamin EJ, Sawyer DB, Levy D, Wilson PW, D'Agostino RB; Framingham Heart Study..","Circulation. 2003 Mar 25;107(11):1486-91.","Circulation.  2003","PubMed","citation","PMID:12654604","pubmed","12654604","create date:2003/03/26 | first author:Vasan RS",
"Addressing alcohol problems in primary care: a cluster randomized, controlled trial of a systems intervention. The screening and intervention in primary care (SIP) study.","/pubmed/12614089","Saitz R, Horton NJ, Sullivan LM, Moskowitz MA, Samet JH.","Ann Intern Med. 2003 Mar 4;138(5):372-82.","Ann Intern Med.  2003","PubMed","citation","PMID:12614089","pubmed","12614089","create date:2003/03/05 | first author:Saitz R",
"[Coronary risk estimation in Spain using a calibrated Framingham function].","/pubmed/12622955","Marrugat J, Solanas P, D'Agostino R, Sullivan L, Ordovas J, Cordón F, Ramos R, Sala J, Masià R, Rohlfs I, Elosua R, Kannel WB.","Rev Esp Cardiol. 2003 Mar;56(3):253-61. Spanish. ","Rev Esp Cardiol.  2003","PubMed","citation","PMID:12622955","pubmed","12622955","create date:2003/03/08 | first author:Marrugat J",
"Non-inferiority trials: design concepts and issues - the encounters of academic consultants in statistics.","/pubmed/12520555","D'Agostino RB Sr, Massaro JM, Sullivan LM.","Stat Med. 2003 Jan 30;22(2):169-86.","Stat Med.  2003","PubMed","citation","PMID:12520555","pubmed","12520555","create date:2003/01/10 | first author:D'Agostino RB Sr",
"Overweight and obesity as determinants of cardiovascular risk: the Framingham experience.","/pubmed/12196085","Wilson PW, D'Agostino RB, Sullivan L, Parise H, Kannel WB.","Arch Intern Med. 2002 Sep 9;162(16):1867-72.","Arch Intern Med.  2002","PubMed","citation","PMID:12196085","pubmed","12196085","create date:2002/08/28 | first author:Wilson PW",
"Improving emergency medicine residents' approach to patients with alcohol problems: a controlled educational trial.","/pubmed/12085073","D'Onofrio G, Nadel ES, Degutis LC, Sullivan LM, Casper K, Bernstein E, Samet JH.","Ann Emerg Med. 2002 Jul;40(1):50-62.","Ann Emerg Med.  2002","PubMed","citation","PMID:12085073","pubmed","12085073","create date:2002/06/27 | first author:D'Onofrio G",
"Professional satisfaction experienced when caring for substance-abusing patients: faculty and resident physician perspectives.","/pubmed/12047735","Saitz R, Friedmann PD, Sullivan LM, Winter MR, Lloyd-Travaglini C, Moskowitz MA, Samet JH.","J Gen Intern Med. 2002 May;17(5):373-6.","J Gen Intern Med.  2002","PubMed","citation","PMID:12047735 | PMCID:PMC1495049","pubmed","12047735","create date:2002/06/06 | first author:Saitz R",
"Using evidence-based practice to develop a protocol for postoperative surgical intensive care unit patients.","/pubmed/12359996","Grossman S, Bautista C, Sullivan L.","Dimens Crit Care Nurs. 2002 Sep-Oct;21(5):206-14.","Dimens Crit Care Nurs.  2002","PubMed","citation","PMID:12359996","pubmed","12359996","create date:2002/10/03 | first author:Grossman S",
"Training Community-Based Clinicians in Screening and Brief Intervention for Substance Abuse Problems: Translating Evidence into Practice.","/pubmed/12466645","Saitz R, Sullivan LM, Samet JH.","Subst Abus. 2000 Mar;21(1):21-31.","Subst Abus.  2000","PubMed","citation","PMID:12466645","pubmed","12466645","create date:2002/12/06 | first author:Saitz R",
