Title,URL,Description,Details,ShortDetails,Resource,Type,Identifiers,Db,EntrezUID,Properties
"A candidate transacting modulator of fetal hemoglobin gene expression in the Arab-Indian haplotype of sickle cell anemia.","/pubmed/27501013","Vathipadiekal V, Farrell JJ, Wang S, Edward HL, Shappell H, Al-Rubaish AM, Al-Muhanna F, Naserullah Z, Alsuliman A, Qutub HO, Simkin I, Farrer LA, Jiang Z, Luo HY, Huang S, Mostoslavsky G, Murphy GJ, Patra PK, Chui DH, Alsultan A, Al-Ali AK, Sebastiani P, et al.","Am J Hematol. 2016 Nov;91(11):1118-1122. doi: 10.1002/ajh.24527.","Am J Hematol.  2016","PubMed","citation","PMID:27501013","pubmed","27501013","create date:2016/10/21 | first author:Vathipadiekal V",
"Detection of Significant Groups in Hierarchical Clustering by Resampling.","/pubmed/27551289","Sebastiani P, Perls TT.","Front Genet. 2016 Aug 8;7:144. doi: 10.3389/fgene.2016.00144.","Front Genet.  2016","PubMed","citation","PMID:27551289 | PMCID:PMC4976109","pubmed","27551289","create date:2016/08/24 | first author:Sebastiani P",
"Compression of Morbidity Is Observed Across Cohorts with Exceptional Longevity.","/pubmed/27377170","Ismail K, Nussbaum L, Sebastiani P, Andersen S, Perls T, Barzilai N, Milman S.","J Am Geriatr Soc. 2016 Aug;64(8):1583-91. doi: 10.1111/jgs.14222.","J Am Geriatr Soc.  2016","PubMed","citation","PMID:27377170 | PMCID:PMC4988893","pubmed","27377170","create date:2016/07/06 | first author:Ismail K",
"Variants of ZBTB7A (LRF) and its β-globin gene cluster binding motifs in sickle cell anemia.","/pubmed/27282567","Shaikho EM, Habara AH, Alsultan A, Al-Rubaish AM, Al-Muhanna F, Naserullah Z, Alsuliman A, Qutub HO, Patra PK, Sebastiani P, Baltrusaitis K, Farrell JJ, Jiang Z, Luo HY, Chui DH, Al-Ali AK, Steinberg MH.","Blood Cells Mol Dis. 2016 Jul;59:49-51. doi: 10.1016/j.bcmd.2016.04.001. No abstract available. ","Blood Cells Mol Dis.  2016","PubMed","citation","PMID:27282567","pubmed","27282567","create date:2016/06/11 | first author:Shaikho EM",
"Homozygosity for a haplotype in the HBG2-OR51B4 region is exclusive to Arab-Indian haplotype sickle cell anemia.","/pubmed/27185208","Vathipadiekal V, Alsultan A, Baltrusaitis K, Farrell JJ, Al-Rubaish AM, Al-Muhanna F, Naserullah Z, Suliman A, Patra PK, Milton JN, Farrer LA, Chui DH, Al-Ali AK, Sebastiani P, Steinberg MH.","Am J Hematol. 2016 Jun;91(6):E308-11. doi: 10.1002/ajh.24368. No abstract available. ","Am J Hematol.  2016","PubMed","citation","PMID:27185208 | PMCID:PMC4874527","pubmed","27185208","create date:2016/05/18 | first author:Vathipadiekal V",
"Learning Bayesian Networks from Correlated Data.","/pubmed/27146517","Bae H, Monti S, Montano M, Steinberg MH, Perls TT, Sebastiani P.","Sci Rep. 2016 May 5;6:25156. doi: 10.1038/srep25156.","Sci Rep.  2016","PubMed","citation","PMID:27146517 | PMCID:PMC4857179","pubmed","27146517","create date:2016/05/06 | first author:Bae H",
"Original Research: A case-control genome-wide association study identifies genetic modifiers of fetal hemoglobin in sickle cell disease.","/pubmed/27022141","Liu L, Pertsemlidis A, Ding LH, Story MD, Steinberg MH, Sebastiani P, Hoppe C, Ballas SK, Pace BS.","Exp Biol Med (Maywood). 2016 Apr;241(7):706-18. doi: 10.1177/1535370216642047.","Exp Biol Med (Maywood).  2016","PubMed","citation","PMID:27022141","pubmed","27022141","create date:2016/03/30 | first author:Liu L",
"Increasing Sibling Relative Risk of Survival to Older and Older Ages and the Importance of Precise Definitions of ""Aging,"" ""Life Span,"" and ""Longevity"".","/pubmed/25814633","Sebastiani P, Nussbaum L, Andersen SL, Black MJ, Perls TT.","J Gerontol A Biol Sci Med Sci. 2016 Mar;71(3):340-6. doi: 10.1093/gerona/glv020.","J Gerontol A Biol Sci Med Sci.  2016","PubMed","citation","PMID:25814633 | PMCID:PMC4757962","pubmed","25814633","create date:2015/03/31 | first author:Sebastiani P",
"Novel loci and pathways significantly associated with longevity.","/pubmed/26912274","Zeng Y, Nie C, Min J, Liu X, Li M, Chen H, Xu H, Wang M, Ni T, Li Y, Yan H, Zhang JP, Song C, Chi LQ, Wang HM, Dong J, Zheng GY, Lin L, Qian F, Qi Y, Liu X, Cao H, et al.","Sci Rep. 2016 Feb 25;6:21243. doi: 10.1038/srep21243.","Sci Rep.  2016","PubMed","citation","PMID:26912274 | PMCID:PMC4766491","pubmed","26912274","create date:2016/02/26 | first author:Zeng Y",
"Familial Risk for Exceptional Longevity.","/pubmed/27041978","Sebastiani P, Andersen SL, McIntosh AI, Nussbaum L, Stevenson MD, Pierce L, Xia S, Salance K, Perls TT.","N Am Actuar J. 2016 Jan 1;20(1):57-64.","N Am Actuar J.  2016","PubMed","citation","PMID:27041978 | PMCID:PMC4812435","pubmed","27041978","create date:2016/04/05 | first author:Sebastiani P",
"Genetic polymorphism of APOB is associated with diabetes mellitus in sickle cell disease.","/pubmed/26025476","Zhang X, Zhang W, Saraf SL, Nouraie M, Han J, Gowhari M, Hassan J, Miasnikova G, Sergueeva A, Nekhai S, Kittles R, Machado RF, Garcia JG, Gladwin MT, Steinberg MH, Sebastiani P, McClain DA, Gordeuk VR.","Hum Genet. 2015 Aug;134(8):895-904. doi: 10.1007/s00439-015-1572-3.","Hum Genet.  2015","PubMed","citation","PMID:26025476 | PMCID:PMC4607040","pubmed","26025476","create date:2015/05/31 | first author:Zhang X",
"Temporal gene expression profiling of the rat knee joint capsule during immobilization-induced joint contractures.","/pubmed/26006773","Wong K, Sun F, Trudel G, Sebastiani P, Laneuville O.","BMC Musculoskelet Disord. 2015 May 26;16:125. doi: 10.1186/s12891-015-0588-0.","BMC Musculoskelet Disord.  2015","PubMed","citation","PMID:26006773 | PMCID:PMC4443538","pubmed","26006773","create date:2015/05/27 | first author:Wong K",
"Bayesian Polynomial Regression Models to Fit Multiple Genetic Models for Quantitative Traits.","/pubmed/26029316","Bae H, Perls T, Steinberg M, Sebastiani P.","Bayesian Anal. 2015 Mar;10(1):53-74.","Bayesian Anal.  2015","PubMed","citation","PMID:26029316 | PMCID:PMC4446790","pubmed","26029316","create date:2015/06/02 | first author:Bae H",
"Burden of disease variants in participants of the Long Life Family Study.","/pubmed/25664523","Stevenson M, Bae H, Schupf N, Andersen S, Zhang Q, Perls T, Sebastiani P.","Aging (Albany NY). 2015 Feb;7(2):123-32. Erratum in: Aging (Albany NY). 2015 Jun;7(6):450. ","Aging (Albany NY).  2015","PubMed","citation","PMID:25664523 | PMCID:PMC4359694","pubmed","25664523","create date:2015/02/11 | first author:Stevenson M",
"Evaluation of an ensemble of genetic models for prediction of a quantitative trait.","/pubmed/25628649","Milton JN, Steinberg MH, Sebastiani P.","Front Genet. 2015 Jan 13;5:474. doi: 10.3389/fgene.2014.00474.","Front Genet.  2015","PubMed","citation","PMID:25628649 | PMCID:PMC4292739","pubmed","25628649","create date:2015/01/30 | first author:Milton JN",
"GWAS of longevity in CHARGE consortium confirms APOE and FOXO3 candidacy.","/pubmed/25199915","Broer L, Buchman AS, Deelen J, Evans DS, Faul JD, Lunetta KL, Sebastiani P, Smith JA, Smith AV, Tanaka T, Yu L, Arnold AM, Aspelund T, Benjamin EJ, De Jager PL, Eirkisdottir G, Evans DA, Garcia ME, Hofman A, Kaplan RC, Kardia SL, Kiel DP, et al.","J Gerontol A Biol Sci Med Sci. 2015 Jan;70(1):110-8. doi: 10.1093/gerona/glu166.","J Gerontol A Biol Sci Med Sci.  2015","PubMed","citation","PMID:25199915 | PMCID:PMC4296168","pubmed","25199915","create date:2014/09/10 | first author:Broer L",
"Extended maternal age at birth of last child and women's longevity in the Long Life Family Study.","/pubmed/24977462","Sun F, Sebastiani P, Schupf N, Bae H, Andersen SL, McIntosh A, Abel H, Elo IT, Perls TT.","Menopause. 2015 Jan;22(1):26-31. doi: 10.1097/GME.0000000000000276.","Menopause.  2015","PubMed","citation","PMID:24977462 | PMCID:PMC4270889","pubmed","24977462","create date:2014/07/01 | first author:Sun F",
"An efficient technique for Bayesian modeling of family data using the BUGS software.","/pubmed/25477899","Bae HT, Perls TT, Sebastiani P.","Front Genet. 2014 Nov 18;5:390. doi: 10.3389/fgene.2014.00390.","Front Genet.  2014","PubMed","citation","PMID:25477899 | PMCID:PMC4235415","pubmed","25477899","create date:2014/12/06 | first author:Bae HT",
"The genetics of hemoglobin A2 regulation in sickle cell anemia.","/pubmed/25042611","Griffin PJ, Sebastiani P, Edward H, Baldwin CT, Gladwin MT, Gordeuk VR, Chui DH, Steinberg MH.","Am J Hematol. 2014 Nov;89(11):1019-23. doi: 10.1002/ajh.23811.","Am J Hematol.  2014","PubMed","citation","PMID:25042611 | PMCID:PMC4298130","pubmed","25042611","create date:2014/07/22 | first author:Griffin PJ",
"Prenatal buprenorphine versus methadone exposure and neonatal outcomes: systematic review and meta-analysis.","/pubmed/25150272","Brogly SB, Saia KA, Walley AY, Du HM, Sebastiani P.","Am J Epidemiol. 2014 Oct 1;180(7):673-86. doi: 10.1093/aje/kwu190. Review.","Am J Epidemiol.  2014","PubMed","citation","PMID:25150272","pubmed","25150272","create date:2014/08/26 | first author:Brogly SB",
"Hypoxic response contributes to altered gene expression and precapillary pulmonary hypertension in patients with sickle cell disease.","/pubmed/24515990","Zhang X, Zhang W, Ma SF, Desai AA, Saraf S, Miasniakova G, Sergueeva A, Ammosova T, Xu M, Nekhai S, Abbasi T, Casanova NG, Steinberg MH, Baldwin CT, Sebastiani P, Prchal JT, Kittles R, Garcia JG, Machado RF, Gordeuk VR.","Circulation. 2014 Apr 22;129(16):1650-8. doi: 10.1161/CIRCULATIONAHA.113.005296.","Circulation.  2014","PubMed","citation","PMID:24515990 | PMCID:PMC4287376","pubmed","24515990","create date:2014/02/12 | first author:Zhang X",
"Prediction of fetal hemoglobin in sickle cell anemia using an ensemble of genetic risk prediction models.","/pubmed/24585758","Milton JN, Gordeuk VR, Taylor JG 6th, Gladwin MT, Steinberg MH, Sebastiani P.","Circ Cardiovasc Genet. 2014 Apr;7(2):110-5. doi: 10.1161/CIRCGENETICS.113.000387.","Circ Cardiovasc Genet.  2014","PubMed","citation","PMID:24585758 | PMCID:PMC3994553","pubmed","24585758","create date:2014/03/04 | first author:Milton JN",
"Sickle cell disease in Saudi Arabia: the phenotype in adults with the Arab-Indian haplotype is not benign.","/pubmed/24224700","Alsultan A, Alabdulaali MK, Griffin PJ, Alsuliman AM, Ghabbour HA, Sebastiani P, Albuali WH, Al-Ali AK, Chui DH, Steinberg MH.","Br J Haematol. 2014 Feb;164(4):597-604. doi: 10.1111/bjh.12650.","Br J Haematol.  2014","PubMed","citation","PMID:24224700 | PMCID:PMC4094128","pubmed","24224700","create date:2013/11/15 | first author:Alsultan A",
"Fetal hemoglobin in sickle cell anemia: a glass half full?","/pubmed/24222332","Steinberg MH, Chui DH, Dover GJ, Sebastiani P, Alsultan A.","Blood. 2014 Jan 23;123(4):481-5. doi: 10.1182/blood-2013-09-528067.","Blood.  2014","PubMed","citation","PMID:24222332","pubmed","24222332","create date:2013/11/14 | first author:Steinberg MH",
"Relationship between poor physical function, inflammatory markers, and comorbidities in HIV-infected women on antiretroviral therapy.","/pubmed/24219874","Baranoski AS, Harris A, Michaels D, Miciek R, Storer T, Sebastiani P, Montano M.","J Womens Health (Larchmt). 2014 Jan;23(1):69-76. doi: 10.1089/jwh.2013.4367.","J Womens Health (Larchmt).  2014","PubMed","citation","PMID:24219874 | PMCID:PMC3880911","pubmed","24219874","create date:2013/11/14 | first author:Baranoski AS",
"Families Enriched for Exceptional Longevity also have Increased Health-Span: Findings from the Long Life Family Study.","/pubmed/24350207","Sebastiani P, Sun FX, Andersen SL, Lee JH, Wojczynski MK, Sanders JL, Yashin A, Newman AB, Perls TT.","Front Public Health. 2013 Sep 30;1:38. doi: 10.3389/fpubh.2013.00038.","Front Public Health.  2013","PubMed","citation","PMID:24350207 | PMCID:PMC3859985","pubmed","24350207","create date:2013/12/19 | first author:Sebastiani P",
"Meta‐analysis of genetic variants associated with human exceptional longevity.","/pubmed/24244950","Sebastiani P, Bae H, Sun FX, Andersen SL, Daw EW, Malovini A, Kojima T, Hirose N, Schupf N, Puca A, Perls TT.","Aging (Albany NY). 2013 Sep;5(9):653-61.","Aging (Albany NY).  2013","PubMed","citation","PMID:24244950 | PMCID:PMC3808698","pubmed","24244950","create date:2013/11/19 | first author:Sebastiani P",
"Personality factors in the Long Life Family Study.","/pubmed/23275497","Andersen SL, Sun JX, Sebastiani P, Huntly J, Gass JD, Feldman L, Bae H, Christiansen L, Perls TT.","J Gerontol B Psychol Sci Soc Sci. 2013 Sep;68(5):739-49. doi: 10.1093/geronb/gbs117.","J Gerontol B Psychol Sci Soc Sci.  2013","PubMed","citation","PMID:23275497 | PMCID:PMC3744045","pubmed","23275497","create date:2013/01/01 | first author:Andersen SL",
"Age validation in the long life family study through a linkage to early-life census records.","/pubmed/23704206","Elo IT, Mykyta L, Sebastiani P, Christensen K, Glynn NW, Perls T.","J Gerontol B Psychol Sci Soc Sci. 2013 Jul;68(4):580-5. doi: 10.1093/geronb/gbt033.","J Gerontol B Psychol Sci Soc Sci.  2013","PubMed","citation","PMID:23704206 | PMCID:PMC3674734","pubmed","23704206","create date:2013/05/25 | first author:Elo IT",
"Genetic studies of fetal hemoglobin in the Arab-Indian haplotype sickle cell-β(0) thalassemia.","/pubmed/23483609","Alsultan A, Ngo D, Bae H, Sebastiani P, Baldwin CT, Melista E, Suliman AM, Albuali WH, Nasserullah Z, Luo HY, Chui DH, Steinberg MH, Al-Ali AK.","Am J Hematol. 2013 Jun;88(6):531-2. doi: 10.1002/ajh.23434. No abstract available. ","Am J Hematol.  2013","PubMed","citation","PMID:23483609","pubmed","23483609","create date:2013/03/14 | first author:Alsultan A",
"Fetal hemoglobin in sickle cell anemia: genetic studies of the Arab-Indian haplotype.","/pubmed/23465615","Ngo D, Bae H, Steinberg MH, Sebastiani P, Solovieff N, Baldwin CT, Melista E, Safaya S, Farrer LA, Al-Suliman AM, Albuali WH, Al Bagshi MH, Naserullah Z, Akinsheye I, Gallagher P, Luo HY, Chui DH, Farrell JJ, Al-Ali AK, Alsultan A.","Blood Cells Mol Dis. 2013 Jun;51(1):22-6. doi: 10.1016/j.bcmd.2012.12.005.","Blood Cells Mol Dis.  2013","PubMed","citation","PMID:23465615 | PMCID:PMC3647015","pubmed","23465615","create date:2013/03/08 | first author:Ngo D",
"Genome-wide association study of personality traits in the long life family study.","/pubmed/23658558","Bae HT, Sebastiani P, Sun JX, Andersen SL, Daw EW, Terracciano A, Ferrucci L, Perls TT.","Front Genet. 2013 May 8;4:65. doi: 10.3389/fgene.2013.00065.","Front Genet.  2013","PubMed","citation","PMID:23658558 | PMCID:PMC3647245","pubmed","23658558","create date:2013/05/10 | first author:Bae HT",
"A dynamic bronchial airway gene expression signature of chronic obstructive pulmonary disease and lung function impairment.","/pubmed/23471465","Steiling K, van den Berge M, Hijazi K, Florido R, Campbell J, Liu G, Xiao J, Zhang X, Duclos G, Drizik E, Si H, Perdomo C, Dumont C, Coxson HO, Alekseyev YO, Sin D, Pare P, Hogg JC, McWilliams A, Hiemstra PS, Sterk PJ, Timens W, et al.","Am J Respir Crit Care Med. 2013 May 1;187(9):933-42. doi: 10.1164/rccm.201208-1449OC.","Am J Respir Crit Care Med.  2013","PubMed","citation","PMID:23471465 | PMCID:PMC3707363","pubmed","23471465","create date:2013/03/09 | first author:Steiling K",
"PleioGRiP: genetic risk prediction with pleiotropy.","/pubmed/23419378","Hartley SW, Sebastiani P.","Bioinformatics. 2013 Apr 15;29(8):1086-8. doi: 10.1093/bioinformatics/btt081.","Bioinformatics.  2013","PubMed","citation","PMID:23419378 | PMCID:PMC3624803","pubmed","23419378","create date:2013/02/20 | first author:Hartley SW",
"Genetic determinants of haemolysis in sickle cell anaemia.","/pubmed/23406172","Milton JN, Rooks H, Drasar E, McCabe EL, Baldwin CT, Melista E, Gordeuk VR, Nouraie M, Kato GR, Minniti C, Taylor J, Campbell A, Luchtman-Jones L, Rana S, Castro O, Zhang Y, Thein SL, Sebastiani P, Gladwin MT; Walk-PHAAST Investigators., Steinberg MH.","Br J Haematol. 2013 Apr;161(2):270-8. doi: 10.1111/bjh.12245. Erratum in: Br J Haematol. 2014 Aug;166(3):468. Kato, Gregory R [corrected to Kata, Gregory J]. ","Br J Haematol.  2013","PubMed","citation","PMID:23406172 | PMCID:PMC4129543","pubmed","23406172","create date:2013/02/15 | first author:Milton JN",
"Educating translational researchers in research informatics principles and methods: an evaluation of a model online course and plans for its dissemination.","/pubmed/24303298","Friedman R, Kudesia V, Sebastiani P, Monti S, Misquitta D, Peterson K, Whinfield J, Stoeckle R.","AMIA Jt Summits Transl Sci Proc. 2013 Mar 18;2013:59.","AMIA Jt Summits Transl Sci Proc.  2013","PubMed","citation","PMID:24303298 | PMCID:PMC3814464","pubmed","24303298","create date:2013/12/05 | first author:Friedman R",
"Single nucleotide polymorphisms associated with sporadic brain arteriovenous malformations: where do we stand?","/pubmed/22975391","Sturiale CL, Puca A, Sebastiani P, Gatto I, Albanese A, Di Rocco C, Maira G, Pola R.","Brain. 2013 Feb;136(Pt 2):665-81. doi: 10.1093/brain/aws180. Review.","Brain.  2013","PubMed","citation","PMID:22975391","pubmed","22975391","create date:2012/09/15 | first author:Sturiale CL",
"BET bromodomain inhibition as a novel strategy for reactivation of HIV-1.","/pubmed/22802445","Banerjee C, Archin N, Michaels D, Belkina AC, Denis GV, Bradner J, Sebastiani P, Margolis DM, Montano M.","J Leukoc Biol. 2012 Dec;92(6):1147-54. doi: 10.1189/jlb.0312165.","J Leukoc Biol.  2012","PubMed","citation","PMID:22802445 | PMCID:PMC3501896","pubmed","22802445","create date:2012/07/18 | first author:Banerjee C",
"The genetics of extreme longevity: lessons from the new England centenarian study.","/pubmed/23226160","Sebastiani P, Perls TT.","Front Genet. 2012 Nov 30;3:277. doi: 10.3389/fgene.2012.00277.","Front Genet.  2012","PubMed","citation","PMID:23226160 | PMCID:PMC3510428","pubmed","23226160","create date:2012/12/12 | first author:Sebastiani P",
"Bayesian methods for multivariate modeling of pleiotropic SNP associations and genetic risk prediction.","/pubmed/22973300","Hartley SW, Monti S, Liu CT, Steinberg MH, Sebastiani P.","Front Genet. 2012 Sep 11;3:176. doi: 10.3389/fgene.2012.00176.","Front Genet.  2012","PubMed","citation","PMID:22973300 | PMCID:PMC3438684","pubmed","22973300","create date:2012/09/14 | first author:Hartley SW",
"Meta-analysis of 2040 sickle cell anemia patients: BCL11A and HBS1L-MYB are the major modifiers of HbF in African Americans.","/pubmed/22936743","Bae HT, Baldwin CT, Sebastiani P, Telen MJ, Ashley-Koch A, Garrett M, Hooper WC, Bean CJ, Debaun MR, Arking DE, Bhatnagar P, Casella JF, Keefer JR, Barron-Casella E, Gordeuk V, Kato GJ, Minniti C, Taylor J, Campbell A, Luchtman-Jones L, Hoppe C, Gladwin MT, et al.","Blood. 2012 Aug 30;120(9):1961-2. doi: 10.1182/blood-2012-06-432849. No abstract available. ","Blood.  2012","PubMed","citation","PMID:22936743 | PMCID:PMC3433099","pubmed","22936743","create date:2012/09/01 | first author:Bae HT",
"Genetic modifiers of sickle cell disease.","/pubmed/22641398","Steinberg MH, Sebastiani P.","Am J Hematol. 2012 Aug;87(8):795-803. doi: 10.1002/ajh.23232. Review.","Am J Hematol.  2012","PubMed","citation","PMID:22641398 | PMCID:PMC4562292","pubmed","22641398","create date:2012/05/30 | first author:Steinberg MH",
"Premature expression of a muscle fibrosis axis in chronic HIV infection.","/pubmed/22676806","Kusko RL, Banerjee C, Long KK, Darcy A, Otis J, Sebastiani P, Melov S, Tarnopolsky M, Bhasin S, Montano M.","Skelet Muscle. 2012 Jun 7;2(1):10. doi: 10.1186/2044-5040-2-10.","Skelet Muscle.  2012","PubMed","citation","PMID:22676806 | PMCID:PMC3407733","pubmed","22676806","create date:2012/06/09 | first author:Kusko RL",
"Human longevity and common variations in the LMNA gene: a meta-analysis.","/pubmed/22340368","Conneely KN, Capell BC, Erdos MR, Sebastiani P, Solovieff N, Swift AJ, Baldwin CT, Budagov T, Barzilai N, Atzmon G, Puca AA, Perls TT, Geesaman BJ, Boehnke M, Collins FS.","Aging Cell. 2012 Jun;11(3):475-81. doi: 10.1111/j.1474-9726.2012.00808.x.","Aging Cell.  2012","PubMed","citation","PMID:22340368 | PMCID:PMC3350595","pubmed","22340368","create date:2012/02/22 | first author:Conneely KN",
"Health span approximates life span among many supercentenarians: compression of morbidity at the approximate limit of life span.","/pubmed/22219514","Andersen SL, Sebastiani P, Dworkis DA, Feldman L, Perls TT.","J Gerontol A Biol Sci Med Sci. 2012 Apr;67(4):395-405. doi: 10.1093/gerona/glr223.","J Gerontol A Biol Sci Med Sci.  2012","PubMed","citation","PMID:22219514 | PMCID:PMC3309876","pubmed","22219514","create date:2012/01/06 | first author:Andersen SL",
"Naïve Bayesian Classifier and Genetic Risk Score for Genetic Risk Prediction of a Categorical Trait: Not so Different after all!","/pubmed/22393331","Sebastiani P, Solovieff N, Sun JX.","Front Genet. 2012 Feb 29;3:26. doi: 10.3389/fgene.2012.00026.","Front Genet.  2012","PubMed","citation","PMID:22393331 | PMCID:PMC3289795","pubmed","22393331","create date:2012/03/07 | first author:Sebastiani P",
"Fetal hemoglobin in sickle cell anemia: molecular characterization of the unusually high fetal hemoglobin phenotype in African Americans.","/pubmed/22139998","Akinsheye I, Solovieff N, Ngo D, Malek A, Sebastiani P, Steinberg MH, Chui DH.","Am J Hematol. 2012 Feb;87(2):217-9. doi: 10.1002/ajh.22221.","Am J Hematol.  2012","PubMed","citation","PMID:22139998 | PMCID:PMC3302931","pubmed","22139998","create date:2011/12/06 | first author:Akinsheye I",
"Whole genome sequences of a male and female supercentenarian, ages greater than 114 years.","/pubmed/22303384","Sebastiani P, Riva A, Montano M, Pham P, Torkamani A, Scherba E, Benson G, Milton JN, Baldwin CT, Andersen S, Schork NJ, Steinberg MH, Perls TT.","Front Genet. 2012 Jan 3;2:90. doi: 10.3389/fgene.2011.00090.","Front Genet.  2012","PubMed","citation","PMID:22303384 | PMCID:PMC3262222","pubmed","22303384","create date:2012/02/04 | first author:Sebastiani P",
"A genome-wide association study of total bilirubin and cholelithiasis risk in sickle cell anemia.","/pubmed/22558097","Milton JN, Sebastiani P, Solovieff N, Hartley SW, Bhatnagar P, Arking DE, Dworkis DA, Casella JF, Barron-Casella E, Bean CJ, Hooper WC, DeBaun MR, Garrett ME, Soldano K, Telen MJ, Ashley-Koch A, Gladwin MT, Baldwin CT, Steinberg MH, Klings ES.","PLoS One. 2012;7(4):e34741. doi: 10.1371/journal.pone.0034741.","PLoS One.  2012","PubMed","citation","PMID:22558097 | PMCID:PMC3338756","pubmed","22558097","create date:2012/05/05 | first author:Milton JN",
"Genetic signatures of exceptional longevity in humans.","/pubmed/22279548","Sebastiani P, Solovieff N, Dewan AT, Walsh KM, Puca A, Hartley SW, Melista E, Andersen S, Dworkis DA, Wilk JB, Myers RH, Steinberg MH, Montano M, Baldwin CT, Hoh J, Perls TT.","PLoS One. 2012;7(1):e29848. doi: 10.1371/journal.pone.0029848.","PLoS One.  2012","PubMed","citation","PMID:22279548 | PMCID:PMC3261167","pubmed","22279548","create date:2012/01/27 | first author:Sebastiani P",
Title,URL,Description,Details,ShortDetails,Resource,Type,Identifiers,Db,EntrezUID,Properties
"Retraction.","/pubmed/21778381","Sebastiani P, Solovieff N, Puca A, Hartley SW, Melista E, Andersen S, Dworkis DA, Wilk JB, Myers RH, Steinberg MH, Montano M, Baldwin CT, Perls TT.","Science. 2011 Jul 22;333(6041):404. doi: 10.1126/science.333.6041.404-a. No abstract available. ","Science.  2011","PubMed","citation","PMID:21778381","pubmed","21778381","create date:2011/07/23 | first author:Sebastiani P",
"Fetal hemoglobin in sickle cell anemia.","/pubmed/21490337","Akinsheye I, Alsultan A, Solovieff N, Ngo D, Baldwin CT, Sebastiani P, Chui DH, Steinberg MH.","Blood. 2011 Jul 7;118(1):19-27. doi: 10.1182/blood-2011-03-325258. Review.","Blood.  2011","PubMed","citation","PMID:21490337 | PMCID:PMC3139383","pubmed","21490337","create date:2011/04/15 | first author:Akinsheye I",
"Identification of serum biomarkers for aging and anabolic response.","/pubmed/21689392","Banerjee C, Ulloor J, Dillon EL, Dahodwala Q, Franklin B, Storer T, Sebastiani P, Sheffield-Moore M, Urban RJ, Bhasin S, Montano M.","Immun Ageing. 2011 Jun 20;8(1):5. doi: 10.1186/1742-4933-8-5.","Immun Ageing.  2011","PubMed","citation","PMID:21689392 | PMCID:PMC3135554","pubmed","21689392","create date:2011/06/22 | first author:Banerjee C",
"Ancestry of African Americans with sickle cell disease.","/pubmed/21546286","Solovieff N, Hartley SW, Baldwin CT, Klings ES, Gladwin MT, Taylor JG 6th, Kato GJ, Farrer LA, Steinberg MH, Sebastiani P.","Blood Cells Mol Dis. 2011 Jun 15;47(1):41-5. doi: 10.1016/j.bcmd.2011.04.002.","Blood Cells Mol Dis.  2011","PubMed","citation","PMID:21546286 | PMCID:PMC3116635","pubmed","21546286","create date:2011/05/07 | first author:Solovieff N",
"A 3-bp deletion in the HBS1L-MYB intergenic region on chromosome 6q23 is associated with HbF expression.","/pubmed/21385855","Farrell JJ, Sherva RM, Chen ZY, Luo HY, Chu BF, Ha SY, Li CK, Lee AC, Li RC, Li CK, Yuen HL, So JC, Ma ES, Chan LC, Chan V, Sebastiani P, Farrer LA, Baldwin CT, Steinberg MH, Chui DH.","Blood. 2011 May 5;117(18):4935-45. doi: 10.1182/blood-2010-11-317081.","Blood.  2011","PubMed","citation","PMID:21385855 | PMCID:PMC3100700","pubmed","21385855","create date:2011/03/10 | first author:Farrell JJ",
"Expression of microRNA and their gene targets are dysregulated in preinvasive breast cancer.","/pubmed/21375733","Hannafon BN, Sebastiani P, de las Morenas A, Lu J, Rosenberg CL.","Breast Cancer Res. 2011 Mar 4;13(2):R24. doi: 10.1186/bcr2839.","Breast Cancer Res.  2011","PubMed","citation","PMID:21375733 | PMCID:PMC3219184","pubmed","21375733","create date:2011/03/08 | first author:Hannafon BN",
"Severe sickle cell anemia is associated with increased plasma levels of TNF-R1 and VCAM-1.","/pubmed/21264913","Dworkis DA, Klings ES, Solovieff N, Li G, Milton JN, Hartley SW, Melista E, Parente J, Sebastiani P, Steinberg MH, Baldwin CT.","Am J Hematol. 2011 Feb;86(2):220-3. doi: 10.1002/ajh.21928.","Am J Hematol.  2011","PubMed","citation","PMID:21264913 | PMCID:PMC3078643","pubmed","21264913","create date:2011/01/26 | first author:Dworkis DA",
"Health and function of participants in the Long Life Family Study: A comparison with other cohorts.","/pubmed/21258136","Newman AB, Glynn NW, Taylor CA, Sebastiani P, Perls TT, Mayeux R, Christensen K, Zmuda JM, Barral S, Lee JH, Simonsick EM, Walston JD, Yashin AI, Hadley E.","Aging (Albany NY). 2011 Jan;3(1):63-76.","Aging (Albany NY).  2011","PubMed","citation","PMID:21258136 | PMCID:PMC3047140","pubmed","21258136","create date:2011/01/25 | first author:Newman AB",
"Clustering by genetic ancestry using genome-wide SNP data.","/pubmed/21143920","Solovieff N, Hartley SW, Baldwin CT, Perls TT, Steinberg MH, Sebastiani P.","BMC Genet. 2010 Dec 9;11:108. doi: 10.1186/1471-2156-11-108.","BMC Genet.  2010","PubMed","citation","PMID:21143920 | PMCID:PMC3018397","pubmed","21143920","create date:2010/12/15 | first author:Solovieff N",
"Leg ulcers in sickle cell disease.","/pubmed/20872960","Minniti CP, Eckman J, Sebastiani P, Steinberg MH, Ballas SK.","Am J Hematol. 2010 Oct;85(10):831-3. doi: 10.1002/ajh.21838.","Am J Hematol.  2010","PubMed","citation","PMID:20872960 | PMCID:PMC2953786","pubmed","20872960","create date:2010/09/28 | first author:Minniti CP",
"Genetic signatures of exceptional longevity in humans.","/pubmed/20595579","Sebastiani P, Solovieff N, Puca A, Hartley SW, Melista E, Andersen S, Dworkis DA, Wilk JB, Myers RH, Steinberg MH, Montano M, Baldwin CT, Perls TT.","Science. 2010 Jul 1;2010. doi: 10.1126/science.1190532. Retraction in: Sebastiani P, Solovieff N, Puca A, Hartley SW, Melista E, Andersen S, Dworkis DA, Wilk JB, Myers RH, Steinberg MH, Montano M, Baldwin CT, Perls TT. Science. 2011 Jul 22;333(6041):404. ","Science.  2010","PubMed","citation","PMID:20595579","pubmed","20595579","create date:2010/07/03 | first author:Sebastiani P",
"Fetal hemoglobin in sickle cell anemia: genome-wide association studies suggest a regulatory region in the 5' olfactory receptor gene cluster.","/pubmed/20018918","Solovieff N, Milton JN, Hartley SW, Sherva R, Sebastiani P, Dworkis DA, Klings ES, Farrer LA, Garrett ME, Ashley-Koch A, Telen MJ, Fucharoen S, Ha SY, Li CK, Chui DH, Baldwin CT, Steinberg MH.","Blood. 2010 Mar 4;115(9):1815-22. doi: 10.1182/blood-2009-08-239517.","Blood.  2010","PubMed","citation","PMID:20018918 | PMCID:PMC2832816","pubmed","20018918","create date:2009/12/19 | first author:Solovieff N",
"Similarities and differences between smoking-related gene expression in nasal and bronchial epithelium.","/pubmed/19952278","Zhang X, Sebastiani P, Liu G, Schembri F, Zhang X, Dumas YM, Langer EM, Alekseyev Y, O'Connor GT, Brooks DR, Lenburg ME, Spira A.","Physiol Genomics. 2010 Mar 3;41(1):1-8. doi: 10.1152/physiolgenomics.00167.2009.","Physiol Genomics.  2010","PubMed","citation","PMID:19952278 | PMCID:PMC2841495","pubmed","19952278","create date:2009/12/03 | first author:Zhang X",
"Prediction models that include genetic data.","/pubmed/20160188","Sebastiani P, Perls TT.","Circ Cardiovasc Genet. 2010 Feb;3(1):1-2. doi: 10.1161/CIRCGENETICS.110.937862. No abstract available. ","Circ Cardiovasc Genet.  2010","PubMed","citation","PMID:20160188 | PMCID:PMC2895327","pubmed","20160188","create date:2010/02/18 | first author:Sebastiani P",
"Genetic modifiers of the severity of sickle cell anemia identified through a genome-wide association study.","/pubmed/20029952","Sebastiani P, Solovieff N, Hartley SW, Milton JN, Riva A, Dworkis DA, Melista E, Klings ES, Garrett ME, Telen MJ, Ashley-Koch A, Baldwin CT, Steinberg MH.","Am J Hematol. 2010 Jan;85(1):29-35. doi: 10.1002/ajh.21572.","Am J Hematol.  2010","PubMed","citation","PMID:20029952 | PMCID:PMC2903007","pubmed","20029952","create date:2009/12/24 | first author:Sebastiani P",
"A family longevity selection score: ranking sibships by their longevity, size, and availability for study.","/pubmed/19910380","Sebastiani P, Hadley EC, Province M, Christensen K, Rossi W, Perls TT, Ash AS.","Am J Epidemiol. 2009 Dec 15;170(12):1555-62. doi: 10.1093/aje/kwp309.","Am J Epidemiol.  2009","PubMed","citation","PMID:19910380 | PMCID:PMC2800272","pubmed","19910380","create date:2009/11/17 | first author:Sebastiani P",
"RNA editing genes associated with extreme old age in humans and with lifespan in C. elegans.","/pubmed/20011587","Sebastiani P, Montano M, Puca A, Solovieff N, Kojima T, Wang MC, Melista E, Meltzer M, Fischer SE, Andersen S, Hartley SH, Sedgewick A, Arai Y, Bergman A, Barzilai N, Terry DF, Riva A, Anselmi CV, Malovini A, Kitamoto A, Sawabe M, Arai T, et al.","PLoS One. 2009 Dec 14;4(12):e8210. doi: 10.1371/journal.pone.0008210. Erratum in: PLoS One. 2009;4(12) doi: 10.1371/annotation/387f8074-5f80-4bdd-bb0b-b36d49a16ac0. ","PLoS One.  2009","PubMed","citation","PMID:20011587 | PMCID:PMC2788130","pubmed","20011587","create date:2009/12/17 | first author:Sebastiani P",
"Early dysregulation of cell adhesion and extracellular matrix pathways in breast cancer progression.","/pubmed/19700746","Emery LA, Tripathi A, King C, Kavanah M, Mendez J, Stone MD, de las Morenas A, Sebastiani P, Rosenberg CL.","Am J Pathol. 2009 Sep;175(3):1292-302. doi: 10.2353/ajpath.2009.090115.","Am J Pathol.  2009","PubMed","citation","PMID:19700746 | PMCID:PMC2731147","pubmed","19700746","create date:2009/08/25 | first author:Emery LA",
"Genome-wide association studies and the genetic dissection of complex traits.","/pubmed/19569043","Sebastiani P, Timofeev N, Dworkis DA, Perls TT, Steinberg MH.","Am J Hematol. 2009 Aug;84(8):504-15. doi: 10.1002/ajh.21440. Review.","Am J Hematol.  2009","PubMed","citation","PMID:19569043 | PMCID:PMC2895326","pubmed","19569043","create date:2009/07/02 | first author:Sebastiani P",
"The transforming growth factor-beta pathway is a common target of drugs that prevent experimental diabetic retinopathy.","/pubmed/19401417","Gerhardinger C, Dagher Z, Sebastiani P, Park YS, Lorenzi M.","Diabetes. 2009 Jul;58(7):1659-67. doi: 10.2337/db08-1008.","Diabetes.  2009","PubMed","citation","PMID:19401417 | PMCID:PMC2699853","pubmed","19401417","create date:2009/04/30 | first author:Gerhardinger C",
"Personality traits of centenarians' offspring.","/pubmed/19392961","Givens JL, Frederick M, Silverman L, Anderson S, Senville J, Silver M, Sebastiani P, Terry DF, Costa PT, Perls TT.","J Am Geriatr Soc. 2009 Apr;57(4):683-5. doi: 10.1111/j.1532-5415.2009.02189.x.","J Am Geriatr Soc.  2009","PubMed","citation","PMID:19392961 | PMCID:PMC2895990","pubmed","19392961","create date:2009/04/28 | first author:Givens JL",
"Transcriptional analysis of fracture healing and the induction of embryonic stem cell-related genes.","/pubmed/19415118","Bais M, McLean J, Sebastiani P, Young M, Wigner N, Smith T, Kotton DN, Einhorn TA, Gerstenfeld LC.","PLoS One. 2009;4(5):e5393. doi: 10.1371/journal.pone.0005393.","PLoS One.  2009","PubMed","citation","PMID:19415118 | PMCID:PMC2673045","pubmed","19415118","create date:2009/05/06 | first author:Bais M",
"Imputation of missing genotypes: an empirical evaluation of IMPUTE.","/pubmed/19077279","Zhao Z, Timofeev N, Hartley SW, Chui DH, Fucharoen S, Perls TT, Steinberg MH, Baldwin CT, Sebastiani P.","BMC Genet. 2008 Dec 12;9:85. doi: 10.1186/1471-2156-9-85.","BMC Genet.  2008","PubMed","citation","PMID:19077279 | PMCID:PMC2636842","pubmed","19077279","create date:2008/12/17 | first author:Zhao Z",
"Association between wind speed and the occurrence of sickle cell acute painful episodes: results of a case-crossover study.","/pubmed/18729854","Nolan VG, Zhang Y, Lash T, Sebastiani P, Steinberg MH.","Br J Haematol. 2008 Nov;143(3):433-8. doi: 10.1111/j.1365-2141.2008.07354.x.","Br J Haematol.  2008","PubMed","citation","PMID:18729854 | PMCID:PMC4347894","pubmed","18729854","create date:2008/08/30 | first author:Nolan VG",
"A prediction model for lung cancer diagnosis that integrates genomic and clinical features.","/pubmed/19138936","Beane J, Sebastiani P, Whitfield TH, Steiling K, Dumas YM, Lenburg ME, Spira A.","Cancer Prev Res (Phila). 2008 Jun;1(1):56-64. doi: 10.1158/1940-6207.CAPR-08-0011.","Cancer Prev Res (Phila).  2008","PubMed","citation","PMID:19138936 | PMCID:PMC4167688","pubmed","19138936","create date:2009/01/14 | first author:Beane J",
"Evolution and challenges in the design of computational systems for triage assistance.","/pubmed/18337189","Abad-Grau MM, Ierache J, Cervino C, Sebastiani P.","J Biomed Inform. 2008 Jun;41(3):432-41. doi: 10.1016/j.jbi.2008.01.007. Review.","J Biomed Inform.  2008","PubMed","citation","PMID:18337189 | PMCID:PMC2486376","pubmed","18337189","create date:2008/03/14 | first author:Abad-Grau MM",
"Conditional clustering of temporal expression profiles.","/pubmed/18334028","Wang L, Montano M, Rarick M, Sebastiani P.","BMC Bioinformatics. 2008 Mar 11;9:147. doi: 10.1186/1471-2105-9-147.","BMC Bioinformatics.  2008","PubMed","citation","PMID:18334028 | PMCID:PMC2335301","pubmed","18334028","create date:2008/03/13 | first author:Wang L",
"Fetal hemoglobin in sickle cell anemia: Bayesian modeling of genetic associations.","/pubmed/17918249","Sebastiani P, Wang L, Nolan VG, Melista E, Ma Q, Baldwin CT, Steinberg MH.","Am J Hematol. 2008 Mar;83(3):189-95.","Am J Hematol.  2008","PubMed","citation","PMID:17918249","pubmed","17918249","create date:2007/10/06 | first author:Sebastiani P",
"Disentangling the roles of disability and morbidity in survival to exceptional old age.","/pubmed/18268168","Terry DF, Sebastiani P, Andersen SL, Perls TT.","Arch Intern Med. 2008 Feb 11;168(3):277-83. doi: 10.1001/archinternmed.2007.75.","Arch Intern Med.  2008","PubMed","citation","PMID:18268168 | PMCID:PMC2895331","pubmed","18268168","create date:2008/02/13 | first author:Terry DF",
"A hierarchical and modular approach to the discovery of robust associations in genome-wide association studies from pooled DNA samples.","/pubmed/18194558","Sebastiani P, Zhao Z, Abad-Grau MM, Riva A, Hartley SW, Sedgewick AE, Doria A, Montano M, Melista E, Terry D, Perls TT, Steinberg MH, Baldwin CT.","BMC Genet. 2008 Jan 14;9:6. doi: 10.1186/1471-2156-9-6.","BMC Genet.  2008","PubMed","citation","PMID:18194558 | PMCID:PMC2248205","pubmed","18194558","create date:2008/01/16 | first author:Sebastiani P",
"BCL11A is a major HbF quantitative trait locus in three different populations with beta-hemoglobinopathies.","/pubmed/18691915","Sedgewick AE, Timofeev N, Sebastiani P, So JC, Ma ES, Chan LC, Fucharoen G, Fucharoen S, Barbosa CG, Vardarajan BN, Farrer LA, Baldwin CT, Steinberg MH, Chui DH.","Blood Cells Mol Dis. 2008 Nov-Dec;41(3):255-8. doi: 10.1016/j.bcmd.2008.06.007.","Blood Cells Mol Dis.  2008","PubMed","citation","PMID:18691915 | PMCID:PMC4100606","pubmed","18691915","create date:2008/08/12 | first author:Sedgewick AE",
"A network model to predict the risk of death in sickle cell disease.","/pubmed/17600133","Sebastiani P, Nolan VG, Baldwin CT, Abad-Grau MM, Wang L, Adewoye AH, McMahon LC, Farrer LA, Taylor JG 6th, Kato GJ, Gladwin MT, Steinberg MH.","Blood. 2007 Oct 1;110(7):2727-35.","Blood.  2007","PubMed","citation","PMID:17600133 | PMCID:PMC1988954","pubmed","17600133","create date:2007/06/30 | first author:Sebastiani P",
"Transcriptional profiling of testosterone-regulated genes in the skeletal muscle of human immunodeficiency virus-infected men experiencing weight loss.","/pubmed/17440010","Montano M, Flanagan JN, Jiang L, Sebastiani P, Rarick M, LeBrasseur NK, Morris CA, Jasuja R, Bhasin S.","J Clin Endocrinol Metab. 2007 Jul;92(7):2793-802.","J Clin Endocrinol Metab.  2007","PubMed","citation","PMID:17440010","pubmed","17440010","create date:2007/04/19 | first author:Montano M",
"Bayesian estimates of linkage disequilibrium.","/pubmed/17592642","Sebastiani P, Abad-Grau MM.","BMC Genet. 2007 Jun 25;8:36.","BMC Genet.  2007","PubMed","citation","PMID:17592642 | PMCID:PMC1924864","pubmed","17592642","create date:2007/06/27 | first author:Sebastiani P",
"Bayesian approaches to reverse engineer cellular systems: a simulation study on nonlinear Gaussian networks.","/pubmed/17570861","Ferrazzi F, Sebastiani P, Ramoni MF, Bellazzi R.","BMC Bioinformatics. 2007 May 24;8 Suppl 5:S2.","BMC Bioinformatics.  2007","PubMed","citation","PMID:17570861 | PMCID:PMC1892090","pubmed","17570861","create date:2007/07/13 | first author:Ferrazzi F",
"Airway epithelial gene expression in the diagnostic evaluation of smokers with suspect lung cancer.","/pubmed/17334370","Spira A, Beane JE, Shah V, Steiling K, Liu G, Schembri F, Gilman S, Dumas YM, Calner P, Sebastiani P, Sridhar S, Beamis J, Lamb C, Anderson T, Gerry N, Keane J, Lenburg ME, Brody JS.","Nat Med. 2007 Mar;13(3):361-6.","Nat Med.  2007","PubMed","citation","PMID:17334370","pubmed","17334370","create date:2007/03/06 | first author:Spira A",
"Reversible and permanent effects of tobacco smoke exposure on airway epithelial gene expression.","/pubmed/17894889","Beane J, Sebastiani P, Liu G, Brody JS, Lenburg ME, Spira A.","Genome Biol. 2007;8(9):R201.","Genome Biol.  2007","PubMed","citation","PMID:17894889 | PMCID:PMC2375039","pubmed","17894889","create date:2007/09/27 | first author:Beane J",
"Building chromosome-wide LD maps.","/pubmed/16782726","Abad-Grau MM, Montes R, Sebastiani P.","Bioinformatics. 2006 Aug 15;22(16):1933-4.","Bioinformatics.  2006","PubMed","citation","PMID:16782726 | PMCID:PMC2893229","pubmed","16782726","create date:2006/06/20 | first author:Abad-Grau MM",
"A Bayesian dynamic model for influenza surveillance.","/pubmed/16645996","Sebastiani P, Mandl KD, Szolovits P, Kohane IS, Ramoni MF.","Stat Med. 2006 Jun 15;25(11):1803-16; discussion 1817-25.","Stat Med.  2006","PubMed","citation","PMID:16645996 | PMCID:PMC4128871","pubmed","16645996","create date:2006/04/29 | first author:Sebastiani P",
"Sickle cell leg ulcers: associations with haemolysis and SNPs in Klotho, TEK and genes of the TGF-beta/BMP pathway.","/pubmed/16681647","Nolan VG, Adewoye A, Baldwin C, Wang L, Ma Q, Wyszynski DF, Farrell JJ, Sebastiani P, Farrer LA, Steinberg MH.","Br J Haematol. 2006 Jun;133(5):570-8.","Br J Haematol.  2006","PubMed","citation","PMID:16681647 | PMCID:PMC1679888","pubmed","16681647","create date:2006/05/10 | first author:Nolan VG",
"Evidence for cross-regulated cytokine response in human peripheral blood mononuclear cells exposed to whole gonococcal bacteria in vitro.","/pubmed/16626926","Rarick M, McPheeters C, Bright S, Navis A, Skefos J, Sebastiani P, Montano M.","Microb Pathog. 2006 Jun;40(6):261-70.","Microb Pathog.  2006","PubMed","citation","PMID:16626926","pubmed","16626926","create date:2006/04/22 | first author:Rarick M",
"HIV-1 burden influences host response to co-infection with Neisseria gonorrhoeae in vitro.","/pubmed/16352629","Montano M, Rarick M, Sebastiani P, Brinkmann P, Skefos J, Ericksen R.","Int Immunol. 2006 Jan;18(1):125-37.","Int Immunol.  2006","PubMed","citation","PMID:16352629","pubmed","16352629","create date:2005/12/15 | first author:Montano M",
"Factors affecting automated syndromic surveillance.","/pubmed/16023563","Wang L, Ramoni MF, Mandl KD, Sebastiani P.","Artif Intell Med. 2005 Jul;34(3):269-78.","Artif Intell Med.  2005","PubMed","citation","PMID:16023563","pubmed","16023563","create date:2005/07/19 | first author:Wang L",
"Association of klotho, bone morphogenic protein 6, and annexin A2 polymorphisms with sickle cell osteonecrosis.","/pubmed/15784727","Baldwin C, Nolan VG, Wyszynski DF, Ma QL, Sebastiani P, Embury SH, Bisbee A, Farrell J, Farrer L, Steinberg MH.","Blood. 2005 Jul 1;106(1):372-5.","Blood.  2005","PubMed","citation","PMID:15784727 | PMCID:PMC1895132","pubmed","15784727","create date:2005/03/24 | first author:Baldwin C",
"Differential gene expression in pulmonary artery endothelial cells exposed to sickle cell plasma.","/pubmed/15741505","Klings ES, Safaya S, Adewoye AH, Odhiambo A, Frampton G, Lenburg M, Gerry N, Sebastiani P, Steinberg MH, Farber HW.","Physiol Genomics. 2005 May 11;21(3):293-8.","Physiol Genomics.  2005","PubMed","citation","PMID:15741505","pubmed","15741505","create date:2005/03/03 | first author:Klings ES",
"Genetic dissection and prognostic modeling of overt stroke in sickle cell anemia.","/pubmed/15778708","Sebastiani P, Ramoni MF, Nolan V, Baldwin CT, Steinberg MH.","Nat Genet. 2005 Apr;37(4):435-40.","Nat Genet.  2005","PubMed","citation","PMID:15778708 | PMCID:PMC2896308","pubmed","15778708","create date:2005/03/22 | first author:Sebastiani P",
"Robust transmission/disequilibrium test for incomplete family genotypes.","/pubmed/15611196","Sebastiani P, Abad MM, Alpargu G, Ramoni MF.","Genetics. 2004 Dec;168(4):2329-37.","Genetics.  2004","PubMed","citation","PMID:15611196 | PMCID:PMC1448738","pubmed","15611196","create date:2004/12/22 | first author:Sebastiani P",
"Implementing syndromic surveillance: a practical guide informed by the early experience.","/pubmed/14633933","Mandl KD, Overhage JM, Wagner MM, Lober WB, Sebastiani P, Mostashari F, Pavlin JA, Gesteland PH, Treadwell T, Koski E, Hutwagner L, Buckeridge DL, Aller RD, Grannis S.","J Am Med Inform Assoc. 2004 Mar-Apr;11(2):141-50.","J Am Med Inform Assoc.  2004","PubMed","citation","PMID:14633933 | PMCID:PMC353021","pubmed","14633933","create date:2003/11/25 | first author:Mandl KD",
"Minimal haplotype tagging.","/pubmed/12900503","Sebastiani P, Lazarus R, Weiss ST, Kunkel LM, Kohane IS, Ramoni MF.","Proc Natl Acad Sci U S A. 2003 Aug 19;100(17):9900-5.","Proc Natl Acad Sci U S A.  2003","PubMed","citation","PMID:12900503 | PMCID:PMC187880","pubmed","12900503","create date:2003/08/06 | first author:Sebastiani P",
"Cluster analysis of gene expression dynamics.","/pubmed/12082179","Ramoni MF, Sebastiani P, Kohane IS.","Proc Natl Acad Sci U S A. 2002 Jul 9;99(14):9121-6.","Proc Natl Acad Sci U S A.  2002","PubMed","citation","PMID:12082179 | PMCID:PMC123104","pubmed","12082179","create date:2002/06/26 | first author:Ramoni MF",
