Title,URL,Description,Details,ShortDetails,Resource,Type,Identifiers,Db,EntrezUID,Properties
"Targeted Sequencing of Genome Wide Significant Loci Associated with Bone Mineral Density (BMD) Reveals Significant Novel and Rare Variants: The Cohorts for Heart and Aging Research in Genomic Epidemiology (CHARGE) Targeted Sequencing Study.","/pubmed/27616567","Hsu YH, Li G, Liu CT, Brody JA, Karasik D, Chou WC, Demissie S, Nandakumar K, Zhou Y, Cheng CH, Gill R, Gibbs RA, Muzny D, Santibanez J, Estrada K, Rivadeneira F, Harris T, Gudnason V, Uitterlinden A, Psaty BM, Robbins JA, Adrienne Cupples L, et al.","Hum Mol Genet. 2016 Sep 11. pii: ddw289.","Hum Mol Genet.  2016","PubMed","citation","PMID:27616567","pubmed","27616567","create date:2016/09/13 | first author:Hsu YH",
"Heritability of Thoracic Spine Curvature and Genetic Correlations With Other Spine Traits: The Framingham Study.","/pubmed/27455046","Yau MS, Demissie S, Zhou Y, Anderson DE, Lorbergs AL, Kiel DP, Allaire BT, Yang L, Cupples LA, Travison TG, Bouxsein ML, Karasik D, Samelson EJ.","J Bone Miner Res. 2016 Jul 25. doi: 10.1002/jbmr.2925.","J Bone Miner Res.  2016","PubMed","citation","PMID:27455046","pubmed","27455046","create date:2016/07/28 | first author:Yau MS",
"Heritability and Genetic Correlations for Bone Microarchitecture: The Framingham Study Families.","/pubmed/27419666","Karasik D, Demissie S, Zhou Y, Lu D, Broe KE, Bouxsein ML, Cupples LA, Kiel DP.","J Bone Miner Res. 2016 Jul 15. doi: 10.1002/jbmr.2915.","J Bone Miner Res.  2016","PubMed","citation","PMID:27419666","pubmed","27419666","create date:2016/07/16 | first author:Karasik D",
"Meta-analysis of 49 549 individuals imputed with the 1000 Genomes Project reveals an exonic damaging variant in ANGPTL4 determining fasting TG levels.","/pubmed/27036123","van Leeuwen EM, Sabo A, Bis JC, Huffman JE, Manichaikul A, Smith AV, Feitosa MF, Demissie S, Joshi PK, Duan Q, Marten J, van Klinken JB, Surakka I, Nolte IM, Zhang W, Mbarek H, Li-Gao R, Trompet S, Verweij N, Evangelou E, Lyytikäinen LP, Tayo BO, et al.","J Med Genet. 2016 Jul;53(7):441-9. doi: 10.1136/jmedgenet-2015-103439.","J Med Genet.  2016","PubMed","citation","PMID:27036123 | PMCID:PMC4941146","pubmed","27036123","create date:2016/04/03 | first author:van Leeuwen EM",
"Discovery of Genetic Variation on Chromosome 5q22 Associated with Mortality in Heart Failure.","/pubmed/27149122","Smith JG, Felix JF, Morrison AC, Kalogeropoulos A, Trompet S, Wilk JB, Gidlöf O, Wang X, Morley M, Mendelson M, Joehanes R, Ligthart S, Shan X, Bis JC, Wang YA, Sjögren M, Ngwa J, Brandimarto J, Stott DJ, Aguilar D, Rice KM, Sesso HD, et al.","PLoS Genet. 2016 May 5;12(5):e1006034. doi: 10.1371/journal.pgen.1006034.","PLoS Genet.  2016","PubMed","citation","PMID:27149122 | PMCID:PMC4858216","pubmed","27149122","create date:2016/05/07 | first author:Smith JG",
"Genome-Wide Association Study for Incident Myocardial Infarction and Coronary Heart Disease in Prospective Cohort Studies: The CHARGE Consortium.","/pubmed/26950853","Dehghan A, Bis JC, White CC, Smith AV, Morrison AC, Cupples LA, Trompet S, Chasman DI, Lumley T, Völker U, Buckley BM, Ding J, Jensen MK, Folsom AR, Kritchevsky SB, Girman CJ, Ford I, Dörr M, Salomaa V, Uitterlinden AG, Eiriksdottir G, Vasan RS, et al.","PLoS One. 2016 Mar 7;11(3):e0144997. doi: 10.1371/journal.pone.0144997.","PLoS One.  2016","PubMed","citation","PMID:26950853 | PMCID:PMC4780701","pubmed","26950853","create date:2016/03/08 | first author:Dehghan A",
"Drug-Gene Interactions of Antihypertensive Medications and Risk of Incident Cardiovascular Disease: A Pharmacogenomics Study from the CHARGE Consortium.","/pubmed/26516778","Bis JC, Sitlani C, Irvin R, Avery CL, Smith AV, Sun F, Evans DS, Musani SK, Li X, Trompet S, Krijthe BP, Harris TB, Quibrera PM, Brody JA, Demissie S, Davis BR, Wiggins KL, Tranah GJ, Lange LA, Sotoodehnia N, Stott DJ, Franco OH, et al.","PLoS One. 2015 Oct 30;10(10):e0140496. doi: 10.1371/journal.pone.0140496.","PLoS One.  2015","PubMed","citation","PMID:26516778 | PMCID:PMC4627813","pubmed","26516778","create date:2015/10/31 | first author:Bis JC",
"Plasma Adiponectin, clinical factors, and patient outcomes during the acute respiratory distress syndrome.","/pubmed/25259893","Walkey AJ, Demissie S, Shah D, Romero F, Puklin L, Summer RS.","PLoS One. 2014 Sep 26;9(9):e108561. doi: 10.1371/journal.pone.0108561.","PLoS One.  2014","PubMed","citation","PMID:25259893 | PMCID:PMC4178176","pubmed","25259893","create date:2014/09/27 | first author:Walkey AJ",
"Association of low-frequency and rare coding-sequence variants with blood lipids and coronary heart disease in 56,000 whites and blacks.","/pubmed/24507774","Peloso GM, Auer PL, Bis JC, Voorman A, Morrison AC, Stitziel NO, Brody JA, Khetarpal SA, Crosby JR, Fornage M, Isaacs A, Jakobsdottir J, Feitosa MF, Davies G, Huffman JE, Manichaikul A, Davis B, Lohman K, Joon AY, Smith AV, Grove ML, Zanoni P, et al.","Am J Hum Genet. 2014 Feb 6;94(2):223-32. doi: 10.1016/j.ajhg.2014.01.009.","Am J Hum Genet.  2014","PubMed","citation","PMID:24507774 | PMCID:PMC3928662","pubmed","24507774","create date:2014/02/11 | first author:Peloso GM",
"Genetics of coronary artery calcification among African Americans, a meta-analysis.","/pubmed/23870195","Wojczynski MK, Li M, Bielak LF, Kerr KF, Reiner AP, Wong ND, Yanek LR, Qu L, White CC, Lange LA, Ferguson JF, He J, Young T, Mosley TH, Smith JA, Kral BG, Guo X, Wong Q, Ganesh SK, Heckbert SR, Griswold ME, O'Leary DH, et al.","BMC Med Genet. 2013 Jul 19;14:75. doi: 10.1186/1471-2350-14-75.","BMC Med Genet.  2013","PubMed","citation","PMID:23870195 | PMCID:PMC3733595","pubmed","23870195","create date:2013/07/23 | first author:Wojczynski MK",
"Variations of CT-based trunk muscle attenuation by age, sex, and specific muscle.","/pubmed/22904095","Anderson DE, D'Agostino JM, Bruno AG, Demissie S, Kiel DP, Bouxsein ML.","J Gerontol A Biol Sci Med Sci. 2013 Mar;68(3):317-23. doi: 10.1093/gerona/gls168.","J Gerontol A Biol Sci Med Sci.  2013","PubMed","citation","PMID:22904095 | PMCID:PMC3605905","pubmed","22904095","create date:2012/08/21 | first author:Anderson DE",
"Assessment of gene-by-sex interaction effect on bone mineral density.","/pubmed/22692763","Liu CT, Estrada K, Yerges-Armstrong LM, Amin N, Evangelou E, Li G, Minster RL, Carless MA, Kammerer CM, Oei L, Zhou Y, Alonso N, Dailiana Z, Eriksson J, García-Giralt N, Giroux S, Husted LB, Khusainova RI, Koromila T, Kung AW, Lewis JR, Masi L, et al.","J Bone Miner Res. 2012 Oct;27(10):2051-64. doi: 10.1002/jbmr.1679.","J Bone Miner Res.  2012","PubMed","citation","PMID:22692763 | PMCID:PMC3447125","pubmed","22692763","create date:2012/06/14 | first author:Liu CT",
"Plasma HDL cholesterol and risk of myocardial infarction: a mendelian randomisation study.","/pubmed/22607825","Voight BF, Peloso GM, Orho-Melander M, Frikke-Schmidt R, Barbalic M, Jensen MK, Hindy G, Hólm H, Ding EL, Johnson T, Schunkert H, Samani NJ, Clarke R, Hopewell JC, Thompson JF, Li M, Thorleifsson G, Newton-Cheh C, Musunuru K, Pirruccello JP, Saleheen D, Chen L, et al.","Lancet. 2012 Aug 11;380(9841):572-80. doi: 10.1016/S0140-6736(12)60312-2. Erratum in: Lancet. 2012 Aug 11;380(9841):564. ","Lancet.  2012","PubMed","citation","PMID:22607825 | PMCID:PMC3419820","pubmed","22607825","create date:2012/05/23 | first author:Voight BF",
"Genetic variation in TRPS1 may regulate hip geometry as well as bone mineral density.","/pubmed/22306695","Ackert-Bicknell CL, Demissie S, Tsaih SW, Beamer WG, Cupples LA, Paigen BJ, Hsu YH, Kiel DP, Karasik D.","Bone. 2012 May;50(5):1188-95. doi: 10.1016/j.bone.2012.01.011.","Bone.  2012","PubMed","citation","PMID:22306695 | PMCID:PMC3322322","pubmed","22306695","create date:2012/02/07 | first author:Ackert-Bicknell CL",
"Heritability of prevalent vertebral fracture and volumetric bone mineral density and geometry at the lumbar spine in three generations of the Framingham study.","/pubmed/22222934","Liu CT, Karasik D, Zhou Y, Hsu YH, Genant HK, Broe KE, Lang TF, Samelson EJ, Demissie S, Bouxsein ML, Cupples LA, Kiel DP.","J Bone Miner Res. 2012 Apr;27(4):954-8. doi: 10.1002/jbmr.1537.","J Bone Miner Res.  2012","PubMed","citation","PMID:22222934 | PMCID:PMC3375687","pubmed","22222934","create date:2012/01/10 | first author:Liu CT",
"QCT measures of bone strength at the thoracic and lumbar spine: the Framingham Study.","/pubmed/22143959","Samelson EJ, Christiansen BA, Demissie S, Broe KE, Louie-Gao Q, Cupples LA, Roberts BJ, Manoharam R, D'Agostino J, Lang T, Kiel DP, Bouxsein ML.","J Bone Miner Res. 2012 Mar;27(3):654-63. doi: 10.1002/jbmr.1482.","J Bone Miner Res.  2012","PubMed","citation","PMID:22143959 | PMCID:PMC3728822","pubmed","22143959","create date:2011/12/07 | first author:Samelson EJ",
"A Polymorphism in a gene encoding Perilipin 4 is associated with height but not with bone measures in individuals from the Framingham Osteoporosis Study.","/pubmed/22210160","Cusano NE, Kiel DP, Demissie S, Karasik D, Adrienne Cupples L, Corella D, Gao Q, Richardson K, Yiannakouris N, Ordovas JM.","Calcif Tissue Int. 2012 Feb;90(2):96-107. doi: 10.1007/s00223-011-9552-7.","Calcif Tissue Int.  2012","PubMed","citation","PMID:22210160 | PMCID:PMC3628693","pubmed","22210160","create date:2012/01/03 | first author:Cusano NE",
"Genome-wide association of an integrated osteoporosis-related phenotype: is there evidence for pleiotropic genes?","/pubmed/22072498","Karasik D, Cheung CL, Zhou Y, Cupples LA, Kiel DP, Demissie S.","J Bone Miner Res. 2012 Feb;27(2):319-30. doi: 10.1002/jbmr.563.","J Bone Miner Res.  2012","PubMed","citation","PMID:22072498 | PMCID:PMC3290743","pubmed","22072498","create date:2011/11/11 | first author:Karasik D",
"Novel loci for adiponectin levels and their influence on type 2 diabetes and metabolic traits: a multi-ethnic meta-analysis of 45,891 individuals.","/pubmed/22479202","Dastani Z, Hivert MF, Timpson N, Perry JR, Yuan X, Scott RA, Henneman P, Heid IM, Kizer JR, Lyytikäinen LP, Fuchsberger C, Tanaka T, Morris AP, Small K, Isaacs A, Beekman M, Coassin S, Lohman K, Qi L, Kanoni S, Pankow JS, Uh HW, et al.","PLoS Genet. 2012;8(3):e1002607. doi: 10.1371/journal.pgen.1002607.","PLoS Genet.  2012","PubMed","citation","PMID:22479202 | PMCID:PMC3315470","pubmed","22479202","create date:2012/04/06 | first author:Dastani Z",
"Mining the LIPG allelic spectrum reveals the contribution of rare and common regulatory variants to HDL cholesterol.","/pubmed/22174694","Khetarpal SA, Edmondson AC, Raghavan A, Neeli H, Jin W, Badellino KO, Demissie S, Manning AK, DerOhannessian SL, Wolfe ML, Cupples LA, Li M, Kathiresan S, Rader DJ.","PLoS Genet. 2011 Dec;7(12):e1002393. doi: 10.1371/journal.pgen.1002393.","PLoS Genet.  2011","PubMed","citation","PMID:22174694 | PMCID:PMC3234219","pubmed","22174694","create date:2011/12/17 | first author:Khetarpal SA",
"Bias due to two-stage residual-outcome regression analysis in genetic association studies.","/pubmed/21769934","Demissie S, Cupples LA.","Genet Epidemiol. 2011 Nov;35(7):592-6. doi: 10.1002/gepi.20607.","Genet Epidemiol.  2011","PubMed","citation","PMID:21769934 | PMCID:PMC3201714","pubmed","21769934","create date:2011/07/20 | first author:Demissie S",
"Meta-analysis of genome-wide association studies from the CHARGE consortium identifies common variants associated with carotid intima media thickness and plaque.","/pubmed/21909108","Bis JC, Kavousi M, Franceschini N, Isaacs A, Abecasis GR, Schminke U, Post WS, Smith AV, Cupples LA, Markus HS, Schmidt R, Huffman JE, Lehtimäki T, Baumert J, Münzel T, Heckbert SR, Dehghan A, North K, Oostra B, Bevan S, Stoegerer EM, Hayward C, et al.","Nat Genet. 2011 Sep 11;43(10):940-7. doi: 10.1038/ng.920.","Nat Genet.  2011","PubMed","citation","PMID:21909108 | PMCID:PMC3257519","pubmed","21909108","create date:2011/09/13 | first author:Bis JC",
"A genome-wide association study identifies LIPA as a susceptibility gene for coronary artery disease.","/pubmed/21606135","Wild PS, Zeller T, Schillert A, Szymczak S, Sinning CR, Deiseroth A, Schnabel RB, Lubos E, Keller T, Eleftheriadis MS, Bickel C, Rupprecht HJ, Wilde S, Rossmann H, Diemert P, Cupples LA, Perret C, Erdmann J, Stark K, Kleber ME, Epstein SE, Voight BF, et al.","Circ Cardiovasc Genet. 2011 Aug 1;4(4):403-12. doi: 10.1161/CIRCGENETICS.110.958728.","Circ Cardiovasc Genet.  2011","PubMed","citation","PMID:21606135 | PMCID:PMC3157552","pubmed","21606135","create date:2011/05/25 | first author:Wild PS",
"Identification of homogeneous genetic architecture of multiple genetically correlated traits by block clustering of genome-wide associations.","/pubmed/21611967","Gupta M, Cheung CL, Hsu YH, Demissie S, Cupples LA, Kiel DP, Karasik D.","J Bone Miner Res. 2011 Jun;26(6):1261-71. doi: 10.1002/jbmr.333.","J Bone Miner Res.  2011","PubMed","citation","PMID:21611967 | PMCID:PMC3312758","pubmed","21611967","create date:2011/05/26 | first author:Gupta M",
"The PLIN4 variant rs8887 modulates obesity related phenotypes in humans through creation of a novel miR-522 seed site.","/pubmed/21533135","Richardson K, Louie-Gao Q, Arnett DK, Parnell LD, Lai CQ, Davalos A, Fox CS, Demissie S, Cupples LA, Fernandez-Hernando C, Ordovas JM.","PLoS One. 2011 Apr 20;6(4):e17944. doi: 10.1371/journal.pone.0017944.","PLoS One.  2011","PubMed","citation","PMID:21533135 | PMCID:PMC3080366","pubmed","21533135","create date:2011/05/03 | first author:Richardson K",
"Large-scale association analysis identifies 13 new susceptibility loci for coronary artery disease.","/pubmed/21378990","Schunkert H, König IR, Kathiresan S, Reilly MP, Assimes TL, Holm H, Preuss M, Stewart AF, Barbalic M, Gieger C, Absher D, Aherrahrou Z, Allayee H, Altshuler D, Anand SS, Andersen K, Anderson JL, Ardissino D, Ball SG, Balmforth AJ, Barnes TA, Becker DM, et al.","Nat Genet. 2011 Mar 6;43(4):333-8. doi: 10.1038/ng.784.","Nat Genet.  2011","PubMed","citation","PMID:21378990 | PMCID:PMC3119261","pubmed","21378990","create date:2011/03/08 | first author:Schunkert H",
"Common genetic variation in multiple metabolic pathways influences susceptibility to low HDL-cholesterol and coronary heart disease.","/pubmed/20855565","Peloso GM, Demissie S, Collins D, Mirel DB, Gabriel SB, Cupples LA, Robins SJ, Schaefer EJ, Brousseau ME.","J Lipid Res. 2010 Dec;51(12):3524-32. doi: 10.1194/jlr.P008268.","J Lipid Res.  2010","PubMed","citation","PMID:20855565 | PMCID:PMC2975725","pubmed","20855565","create date:2010/09/22 | first author:Peloso GM",
"Epidural analgesia and risks of cesarean and operative vaginal deliveries in nulliparous and multiparous women.","/pubmed/19760498","Nguyen US, Rothman KJ, Demissie S, Jackson DJ, Lang JM, Ecker JL.","Matern Child Health J. 2010 Sep;14(5):705-12. doi: 10.1007/s10995-009-0515-9.","Matern Child Health J.  2010","PubMed","citation","PMID:19760498","pubmed","19760498","create date:2009/09/18 | first author:Nguyen US",
"Biological, clinical and population relevance of 95 loci for blood lipids.","/pubmed/20686565","Teslovich TM, Musunuru K, Smith AV, Edmondson AC, Stylianou IM, Koseki M, Pirruccello JP, Ripatti S, Chasman DI, Willer CJ, Johansen CT, Fouchier SW, Isaacs A, Peloso GM, Barbalic M, Ricketts SL, Bis JC, Aulchenko YS, Thorleifsson G, Feitosa MF, Chambers J, Orho-Melander M, et al.","Nature. 2010 Aug 5;466(7307):707-13. doi: 10.1038/nature09270.","Nature.  2010","PubMed","citation","PMID:20686565 | PMCID:PMC3039276","pubmed","20686565","create date:2010/08/06 | first author:Teslovich TM",
"Genome-wide pleiotropy of osteoporosis-related phenotypes: the Framingham Study.","/pubmed/20200953","Karasik D, Hsu YH, Zhou Y, Cupples LA, Kiel DP, Demissie S.","J Bone Miner Res. 2010 Jul;25(7):1555-63. doi: 10.1002/jbmr.38.","J Bone Miner Res.  2010","PubMed","citation","PMID:20200953 | PMCID:PMC3153998","pubmed","20200953","create date:2010/03/05 | first author:Karasik D",
"Hip geometry variation is associated with bone mineralization pathway gene variants: The Framingham Study.","/pubmed/19888898","Cheung CL, Livshits G, Zhou Y, Meigs JB, McAteer JB, Florez JC, Cupples LA, Demissie S, Kiel DP, Karasik D.","J Bone Miner Res. 2010 Jul;25(7):1564-71. doi: 10.1359/jbmr.091102.","J Bone Miner Res.  2010","PubMed","citation","PMID:19888898 | PMCID:PMC3312740","pubmed","19888898","create date:2009/11/06 | first author:Cheung CL",
"An integration of genome-wide association study and gene expression profiling to prioritize the discovery of novel susceptibility Loci for osteoporosis-related traits.","/pubmed/20548944","Hsu YH, Zillikens MC, Wilson SG, Farber CR, Demissie S, Soranzo N, Bianchi EN, Grundberg E, Liang L, Richards JB, Estrada K, Zhou Y, van Nas A, Moffatt MF, Zhai G, Hofman A, van Meurs JB, Pols HA, Price RI, Nilsson O, Pastinen T, Cupples LA, et al.","PLoS Genet. 2010 Jun 10;6(6):e1000977. doi: 10.1371/journal.pgen.1000977.","PLoS Genet.  2010","PubMed","citation","PMID:20548944 | PMCID:PMC2883588","pubmed","20548944","create date:2010/06/16 | first author:Hsu YH",
"Association of genome-wide variation with the risk of incident heart failure in adults of European and African ancestry: a prospective meta-analysis from the cohorts for heart and aging research in genomic epidemiology (CHARGE) consortium.","/pubmed/20445134","Smith NL, Felix JF, Morrison AC, Demissie S, Glazer NL, Loehr LR, Cupples LA, Dehghan A, Lumley T, Rosamond WD, Lieb W, Rivadeneira F, Bis JC, Folsom AR, Benjamin E, Aulchenko YS, Haritunians T, Couper D, Murabito J, Wang YA, Stricker BH, Gottdiener JS, et al.","Circ Cardiovasc Genet. 2010 Jun;3(3):256-66. doi: 10.1161/CIRCGENETICS.109.895763.","Circ Cardiovasc Genet.  2010","PubMed","citation","PMID:20445134 | PMCID:PMC3025695","pubmed","20445134","create date:2010/05/07 | first author:Smith NL",
"Genomic variation associated with mortality among adults of European and African ancestry with heart failure: the cohorts for heart and aging research in genomic epidemiology consortium.","/pubmed/20400778","Morrison AC, Felix JF, Cupples LA, Glazer NL, Loehr LR, Dehghan A, Demissie S, Bis JC, Rosamond WD, Aulchenko YS, Wang YA, Haritunians T, Folsom AR, Rivadeneira F, Benjamin EJ, Lumley T, Couper D, Stricker BH, O'Donnell CJ, Rice KM, Chang PP, Hofman A, et al.","Circ Cardiovasc Genet. 2010 Jun;3(3):248-55. doi: 10.1161/CIRCGENETICS.109.895995.","Circ Cardiovasc Genet.  2010","PubMed","citation","PMID:20400778 | PMCID:PMC3033765","pubmed","20400778","create date:2010/04/20 | first author:Morrison AC",
"Allostatic load is associated with chronic conditions in the Boston Puerto Rican Health Study.","/pubmed/20381934","Mattei J, Demissie S, Falcon LM, Ordovas JM, Tucker K.","Soc Sci Med. 2010 Jun;70(12):1988-96. doi: 10.1016/j.socscimed.2010.02.024.","Soc Sci Med.  2010","PubMed","citation","PMID:20381934 | PMCID:PMC2907654","pubmed","20381934","create date:2010/04/13 | first author:Mattei J",
"Refined QTLs of osteoporosis-related traits by linkage analysis with genome-wide SNPs: Framingham SHARe.","/pubmed/20064633","Karasik D, Dupuis J, Cho K, Cupples LA, Zhou Y, Kiel DP, Demissie S.","Bone. 2010 Apr;46(4):1114-21. doi: 10.1016/j.bone.2010.01.001.","Bone.  2010","PubMed","citation","PMID:20064633 | PMCID:PMC2842472","pubmed","20064633","create date:2010/01/13 | first author:Karasik D",
"Association of JAG1 with bone mineral density and osteoporotic fractures: a genome-wide association study and follow-up replication studies.","/pubmed/20096396","Kung AW, Xiao SM, Cherny S, Li GH, Gao Y, Tso G, Lau KS, Luk KD, Liu JM, Cui B, Zhang MJ, Zhang ZL, He JW, Yue H, Xia WB, Luo LM, He SL, Kiel DP, Karasik D, Hsu YH, Cupples LA, Demissie S, et al.","Am J Hum Genet. 2010 Feb 12;86(2):229-39. doi: 10.1016/j.ajhg.2009.12.014.","Am J Hum Genet.  2010","PubMed","citation","PMID:20096396 | PMCID:PMC2820171","pubmed","20096396","create date:2010/01/26 | first author:Kung AW",
"Validity of self-reported rheumatoid arthritis in a large cohort: results from the Black Women's Health Study.","/pubmed/20191523","Formica MK, McAlindon TE, Lash TL, Demissie S, Rosenberg L.","Arthritis Care Res (Hoboken). 2010 Feb;62(2):235-41. doi: 10.1002/acr.20073.","Arthritis Care Res (Hoboken).  2010","PubMed","citation","PMID:20191523 | PMCID:PMC2832927","pubmed","20191523","create date:2010/03/02 | first author:Formica MK",
"Apolipoprotein A5 polymorphisms interact with total dietary fat intake in association with markers of metabolic syndrome in Puerto Rican older adults.","/pubmed/19828688","Mattei J, Demissie S, Tucker KL, Ordovas JM.","J Nutr. 2009 Dec;139(12):2301-8. doi: 10.3945/jn.109.109900.","J Nutr.  2009","PubMed","citation","PMID:19828688 | PMCID:PMC2777477","pubmed","19828688","create date:2009/10/16 | first author:Mattei J",
"The relationship of estrogen receptor-alpha and -beta genes with osteoarthritis of the hand.","/pubmed/19884274","Wise BL, Demissie S, Cupples LA, Felson DT, Yang M, Shearman AM, Aliabadi P, Hunter DJ.","J Rheumatol. 2009 Dec;36(12):2772-9. doi: 10.3899/jrheum.081208.","J Rheumatol.  2009","PubMed","citation","PMID:19884274 | PMCID:PMC3641579","pubmed","19884274","create date:2009/11/04 | first author:Wise BL",
"APOA2, dietary fat, and body mass index: replication of a gene-diet interaction in 3 independent populations.","/pubmed/19901143","Corella D, Peloso G, Arnett DK, Demissie S, Cupples LA, Tucker K, Lai CQ, Parnell LD, Coltell O, Lee YC, Ordovas JM.","Arch Intern Med. 2009 Nov 9;169(20):1897-906. doi: 10.1001/archinternmed.2009.343.","Arch Intern Med.  2009","PubMed","citation","PMID:19901143 | PMCID:PMC2874956","pubmed","19901143","create date:2009/11/11 | first author:Corella D",
"Twenty bone-mineral-density loci identified by large-scale meta-analysis of genome-wide association studies.","/pubmed/19801982","Rivadeneira F, Styrkársdottir U, Estrada K, Halldórsson BV, Hsu YH, Richards JB, Zillikens MC, Kavvoura FK, Amin N, Aulchenko YS, Cupples LA, Deloukas P, Demissie S, Grundberg E, Hofman A, Kong A, Karasik D, van Meurs JB, Oostra B, Pastinen T, Pols HA, Sigurdsson G, et al.","Nat Genet. 2009 Nov;41(11):1199-206. doi: 10.1038/ng.446.","Nat Genet.  2009","PubMed","citation","PMID:19801982 | PMCID:PMC2783489","pubmed","19801982","create date:2009/10/06 | first author:Rivadeneira F",
"Collaborative meta-analysis: associations of 150 candidate genes with osteoporosis and osteoporotic fracture.","/pubmed/19841454","Richards JB, Kavvoura FK, Rivadeneira F, Styrkársdóttir U, Estrada K, Halldórsson BV, Hsu YH, Zillikens MC, Wilson SG, Mullin BH, Amin N, Aulchenko YS, Cupples LA, Deloukas P, Demissie S, Hofman A, Kong A, Karasik D, van Meurs JB, Oostra BA, Pols HA, Sigurdsson G, et al.","Ann Intern Med. 2009 Oct 20;151(8):528-37.","Ann Intern Med.  2009","PubMed","citation","PMID:19841454 | PMCID:PMC2842981","pubmed","19841454","create date:2009/10/21 | first author:Richards JB",
"Association of leukocyte telomere length with echocardiographic left ventricular mass: the Framingham heart study.","/pubmed/19752323","Vasan RS, Demissie S, Kimura M, Cupples LA, White C, Gardner JP, Cao X, Levy D, Benjamin EJ, Aviv A.","Circulation. 2009 Sep 29;120(13):1195-202. doi: 10.1161/CIRCULATIONAHA.109.853895.","Circulation.  2009","PubMed","citation","PMID:19752323 | PMCID:PMC2857693","pubmed","19752323","create date:2009/09/16 | first author:Vasan RS",
"Disparities in allele frequencies and population differentiation for 101 disease-associated single nucleotide polymorphisms between Puerto Ricans and non-Hispanic whites.","/pubmed/19682384","Mattei J, Parnell LD, Lai CQ, Garcia-Bailo B, Adiconis X, Shen J, Arnett D, Demissie S, Tucker KL, Ordovas JM.","BMC Genet. 2009 Aug 14;10:45. doi: 10.1186/1471-2156-10-45.","BMC Genet.  2009","PubMed","citation","PMID:19682384 | PMCID:PMC2734553","pubmed","19682384","create date:2009/08/18 | first author:Mattei J",
"Bivariate genome-wide linkage analysis of femoral bone traits and leg lean mass: Framingham study.","/pubmed/19063671","Karasik D, Zhou Y, Cupples LA, Hannan MT, Kiel DP, Demissie S.","J Bone Miner Res. 2009 Apr;24(4):710-8. doi: 10.1359/jbmr.081222.","J Bone Miner Res.  2009","PubMed","citation","PMID:19063671 | PMCID:PMC2659513","pubmed","19063671","create date:2008/12/10 | first author:Karasik D",
"Loss-of-function variants in endothelial lipase are a cause of elevated HDL cholesterol in humans.","/pubmed/19287092","Edmondson AC, Brown RJ, Kathiresan S, Cupples LA, Demissie S, Manning AK, Jensen MK, Rimm EB, Wang J, Rodrigues A, Bamba V, Khetarpal SA, Wolfe ML, Derohannessian S, Li M, Reilly MP, Aberle J, Evans D, Hegele RA, Rader DJ.","J Clin Invest. 2009 Apr;119(4):1042-50. doi: 10.1172/JCI37176.","J Clin Invest.  2009","PubMed","citation","PMID:19287092 | PMCID:PMC2662558","pubmed","19287092","create date:2009/03/17 | first author:Edmondson AC",
"Transfers among women intending a birth center delivery in the San Diego birth center study.","/pubmed/19249655","Nguyen US, Rothman KJ, Demissie S, Jackson DJ, Lang JM, Ecker JL.","J Midwifery Womens Health. 2009 Mar-Apr;54(2):104-10. doi: 10.1016/j.jmwh.2008.11.002.","J Midwifery Womens Health.  2009","PubMed","citation","PMID:19249655","pubmed","19249655","create date:2009/03/03 | first author:Nguyen US",
"Common variants at 30 loci contribute to polygenic dyslipidemia.","/pubmed/19060906","Kathiresan S, Willer CJ, Peloso GM, Demissie S, Musunuru K, Schadt EE, Kaplan L, Bennett D, Li Y, Tanaka T, Voight BF, Bonnycastle LL, Jackson AU, Crawford G, Surti A, Guiducci C, Burtt NP, Parish S, Clarke R, Zelenika D, Kubalanza KA, Morken MA, et al.","Nat Genet. 2009 Jan;41(1):56-65. doi: 10.1038/ng.291.","Nat Genet.  2009","PubMed","citation","PMID:19060906 | PMCID:PMC2881676","pubmed","19060906","create date:2008/12/09 | first author:Kathiresan S",
"PPARG by dietary fat interaction influences bone mass in mice and humans.","/pubmed/18707223","Ackert-Bicknell CL, Demissie S, Marín de Evsikova C, Hsu YH, DeMambro VE, Karasik D, Cupples LA, Ordovas JM, Tucker KL, Cho K, Canalis E, Paigen B, Churchill GA, Forejt J, Beamer WG, Ferrari S, Bouxsein ML, Kiel DP, Rosen CJ.","J Bone Miner Res. 2008 Sep;23(9):1398-408. doi: 10.1359/jbmr.080419.","J Bone Miner Res.  2008","PubMed","citation","PMID:18707223 | PMCID:PMC2683155","pubmed","18707223","create date:2008/08/19 | first author:Ackert-Bicknell CL",
Title,URL,Description,Details,ShortDetails,Resource,Type,Identifiers,Db,EntrezUID,Properties
"Leukocyte telomere length and carotid artery intimal medial thickness: the Framingham Heart Study.","/pubmed/18388332","O'Donnell CJ, Demissie S, Kimura M, Levy D, Gardner JP, White C, D'Agostino RB, Wolf PA, Polak J, Cupples LA, Aviv A.","Arterioscler Thromb Vasc Biol. 2008 Jun;28(6):1165-71. doi: 10.1161/ATVBAHA.107.154849.","Arterioscler Thromb Vasc Biol.  2008","PubMed","citation","PMID:18388332 | PMCID:PMC3042248","pubmed","18388332","create date:2008/04/05 | first author:O'Donnell CJ",
"Increased plasma osteoprotegerin concentrations are associated with indices of bone strength of the hip.","/pubmed/18303076","Samelson EJ, Broe KE, Demissie S, Beck TJ, Karasik D, Kathiresan S, Kiel DP.","J Clin Endocrinol Metab. 2008 May;93(5):1789-95. doi: 10.1210/jc.2007-2492.","J Clin Endocrinol Metab.  2008","PubMed","citation","PMID:18303076 | PMCID:PMC2386280","pubmed","18303076","create date:2008/02/28 | first author:Samelson EJ",
"Association of leukocyte telomere length with circulating biomarkers of the renin-angiotensin-aldosterone system: the Framingham Heart Study.","/pubmed/18268147","Vasan RS, Demissie S, Kimura M, Cupples LA, Rifai N, White C, Wang TJ, Gardner JP, Cao X, Benjamin EJ, Levy D, Aviv A.","Circulation. 2008 Mar 4;117(9):1138-44. doi: 10.1161/CIRCULATIONAHA.107.731794.","Circulation.  2008","PubMed","citation","PMID:18268147 | PMCID:PMC3142671","pubmed","18268147","create date:2008/02/13 | first author:Vasan RS",
"Plasma levels of HDL subpopulations and remnant lipoproteins predict the extent of angiographically-defined coronary artery disease in postmenopausal women.","/pubmed/18174456","Lamon-Fava S, Herrington DM, Reboussin DM, Sherman M, Horvath KV, Cupples LA, White C, Demissie S, Schaefer EJ, Asztalos BF.","Arterioscler Thromb Vasc Biol. 2008 Mar;28(3):575-9. doi: 10.1161/ATVBAHA.107.157123.","Arterioscler Thromb Vasc Biol.  2008","PubMed","citation","PMID:18174456","pubmed","18174456","create date:2008/01/05 | first author:Lamon-Fava S",
"Offspring's leukocyte telomere length, paternal age, and telomere elongation in sperm.","/pubmed/18282113","Kimura M, Cherkas LF, Kato BS, Demissie S, Hjelmborg JB, Brimacombe M, Cupples A, Hunkin JL, Gardner JP, Lu X, Cao X, Sastrasinh M, Province MA, Hunt SC, Christensen K, Levy D, Spector TD, Aviv A.","PLoS Genet. 2008 Feb;4(2):e37. doi: 10.1371/journal.pgen.0040037.","PLoS Genet.  2008","PubMed","citation","PMID:18282113 | PMCID:PMC2242810","pubmed","18282113","create date:2008/02/20 | first author:Kimura M",
"A genome wide linkage scan of metacarpal size and geometry in the Framingham Study.","/pubmed/18449921","Karasik D, Shimabuku NA, Zhou Y, Zhang Y, Cupples LA, Kiel DP, Demissie S.","Am J Hum Biol. 2008 Nov-Dec;20(6):663-70. doi: 10.1002/ajhb.20791.","Am J Hum Biol.  2008","PubMed","citation","PMID:18449921 | PMCID:PMC2574919","pubmed","18449921","create date:2008/05/02 | first author:Karasik D",
"Genome-wide association study for subclinical atherosclerosis in major arterial territories in the NHLBI's Framingham Heart Study.","/pubmed/17903303","O'Donnell CJ, Cupples LA, D'Agostino RB, Fox CS, Hoffmann U, Hwang SJ, Ingellson E, Liu C, Murabito JM, Polak JF, Wolf PA, Demissie S.","BMC Med Genet. 2007 Sep 19;8 Suppl 1:S4.","BMC Med Genet.  2007","PubMed","citation","PMID:17903303 | PMCID:PMC1995605","pubmed","17903303","create date:2007/10/16 | first author:O'Donnell CJ",
"A genome-wide association study for blood lipid phenotypes in the Framingham Heart Study.","/pubmed/17903299","Kathiresan S, Manning AK, Demissie S, D'Agostino RB, Surti A, Guiducci C, Gianniny L, Burtt NP, Melander O, Orho-Melander M, Arnett DK, Peloso GM, Ordovas JM, Cupples LA.","BMC Med Genet. 2007 Sep 19;8 Suppl 1:S17.","BMC Med Genet.  2007","PubMed","citation","PMID:17903299 | PMCID:PMC1995614","pubmed","17903299","create date:2007/10/16 | first author:Kathiresan S",
"Genome-wide association with bone mass and geometry in the Framingham Heart Study.","/pubmed/17903296","Kiel DP, Demissie S, Dupuis J, Lunetta KL, Murabito JM, Karasik D.","BMC Med Genet. 2007 Sep 19;8 Suppl 1:S14.","BMC Med Genet.  2007","PubMed","citation","PMID:17903296 | PMCID:PMC1995606","pubmed","17903296","create date:2007/10/16 | first author:Kiel DP",
"Smoking and myocardial infarction case-fatality: hospital and population approach.","/pubmed/17667648","Elosua R, Vega G, Rohlfs I, Aldasoro E, Navarro C, Cabades A, Demissie S, Segura A, Fiol M, Moreno-Iribas C, Echanove I, Tormo MJ, Arteagoitia JM, Sala J, Marrugat J; IBERICA investigators..","Eur J Cardiovasc Prev Rehabil. 2007 Aug;14(4):561-7.","Eur J Cardiovasc Prev Rehabil.  2007","PubMed","citation","PMID:17667648","pubmed","17667648","create date:2007/08/02 | first author:Elosua R",
"Age-related changes in echocardiographic measurements: association with variation in the estrogen receptor-alpha gene.","/pubmed/17372038","Peter I, Huggins GS, Shearman AM, Pollak A, Schmid CH, Cupples LA, Demissie S, Patten RD, Karas RH, Housman DE, Mendelsohn ME, Vasan RS, Benjamin EJ.","Hypertension. 2007 May;49(5):1000-6.","Hypertension.  2007","PubMed","citation","PMID:17372038","pubmed","17372038","create date:2007/03/21 | first author:Peter I",
"APOA5 gene variation modulates the effects of dietary fat intake on body mass index and obesity risk in the Framingham Heart Study.","/pubmed/17211608","Corella D, Lai CQ, Demissie S, Cupples LA, Manning AK, Tucker KL, Ordovas JM.","J Mol Med (Berl). 2007 Feb;85(2):119-28.","J Mol Med (Berl).  2007","PubMed","citation","PMID:17211608","pubmed","17211608","create date:2007/01/11 | first author:Corella D",
"The Framingham Heart Study 100K SNP genome-wide association study resource: overview of 17 phenotype working group reports.","/pubmed/17903291","Cupples LA, Arruda HT, Benjamin EJ, D'Agostino RB Sr, Demissie S, DeStefano AL, Dupuis J, Falls KM, Fox CS, Gottlieb DJ, Govindaraju DR, Guo CY, Heard-Costa NL, Hwang SJ, Kathiresan S, Kiel DP, Laramie JM, Larson MG, Levy D, Liu CY, Lunetta KL, Mailman MD, et al.","BMC Med Genet. 2007;8 Suppl 1:S1.","BMC Med Genet.  2007","PubMed","citation","PMID:17903291 | PMCID:PMC1995613","pubmed","17903291","create date:2007/10/02 | first author:Cupples LA",
"LpA-I, LpA-I:A-II HDL and CHD-risk: The Framingham Offspring Study and the Veterans Affairs HDL Intervention Trial.","/pubmed/16298372","Asztalos BF, Demissie S, Cupples LA, Collins D, Cox CE, Horvath KV, Bloomfield HE, Robins SJ, Schaefer EJ.","Atherosclerosis. 2006 Sep;188(1):59-67.","Atherosclerosis.  2006","PubMed","citation","PMID:16298372","pubmed","16298372","create date:2005/11/22 | first author:Asztalos BF",
"Dietary intake of n-6 fatty acids modulates effect of apolipoprotein A5 gene on plasma fasting triglycerides, remnant lipoprotein concentrations, and lipoprotein particle size: the Framingham Heart Study.","/pubmed/16636175","Lai CQ, Corella D, Demissie S, Cupples LA, Adiconis X, Zhu Y, Parnell LD, Tucker KL, Ordovas JM.","Circulation. 2006 May 2;113(17):2062-70.","Circulation.  2006","PubMed","citation","PMID:16636175","pubmed","16636175","create date:2006/04/26 | first author:Lai CQ",
"Variants at the APOA5 locus, association with carotid atherosclerosis, and modification by obesity: the Framingham Study.","/pubmed/16474174","Elosua R, Ordovas JM, Cupples LA, Lai CQ, Demissie S, Fox CS, Polak JF, Wolf PA, D'Agostino RB Sr, O'Donnell CJ.","J Lipid Res. 2006 May;47(5):990-6.","J Lipid Res.  2006","PubMed","citation","PMID:16474174","pubmed","16474174","create date:2006/02/14 | first author:Elosua R",
"Estrogen receptor alpha gene variation is associated with risk of myocardial infarction in more than seven thousand men from five cohorts.","/pubmed/16484614","Shearman AM, Cooper JA, Kotwinski PJ, Miller GJ, Humphries SE, Ardlie KG, Jordan B, Irenze K, Lunetta KL, Schuit SC, Uitterlinden AG, Pols HA, Demissie S, Cupples LA, Mendelsohn ME, Levy D, Housman DE.","Circ Res. 2006 Mar 17;98(5):590-2.","Circ Res.  2006","PubMed","citation","PMID:16484614","pubmed","16484614","create date:2006/02/18 | first author:Shearman AM",
"Estrogen receptor-alpha variants are associated with lipoprotein size distribution and particle levels in women: the Framingham Heart Study.","/pubmed/16005459","Demissie S, Cupples LA, Shearman AM, Gruenthal KM, Peter I, Schmid CH, Karas RH, Housman DE, Mendelsohn ME, Ordovas JM.","Atherosclerosis. 2006 Mar;185(1):210-8.","Atherosclerosis.  2006","PubMed","citation","PMID:16005459","pubmed","16005459","create date:2005/07/12 | first author:Demissie S",
"Power and type I error rate of false discovery rate approaches in genome-wide association studies.","/pubmed/16451593","Yang Q, Cui J, Chazaro I, Cupples LA, Demissie S.","BMC Genet. 2005 Dec 30;6 Suppl 1:S134.","BMC Genet.  2005","PubMed","citation","PMID:16451593 | PMCID:PMC1866802","pubmed","16451593","create date:2006/02/03 | first author:Yang Q",
"Variation in estrogen-related genes and cross-sectional and longitudinal blood pressure in the Framingham Heart Study.","/pubmed/16269961","Peter I, Shearman AM, Zucker DR, Schmid CH, Demissie S, Cupples LA, Larson MG, Vasan RS, D'Agostino RB, Karas RH, Mendelsohn ME, Housman DE, Levy D.","J Hypertens. 2005 Dec;23(12):2193-200.","J Hypertens.  2005","PubMed","citation","PMID:16269961","pubmed","16269961","create date:2005/11/05 | first author:Peter I",
"Association of estrogen receptor beta gene polymorphisms with left ventricular mass and wall thickness in women.","/pubmed/16280269","Peter I, Shearman AM, Vasan RS, Zucker DR, Schmid CH, Demissie S, Cupples LA, Kuvin JT, Karas RH, Mendelsohn ME, Housman DE, Benjamin EJ.","Am J Hypertens. 2005 Nov;18(11):1388-95.","Am J Hypertens.  2005","PubMed","citation","PMID:16280269","pubmed","16280269","create date:2005/11/11 | first author:Peter I",
"Value of high-density lipoprotein (HDL) subpopulations in predicting recurrent cardiovascular events in the Veterans Affairs HDL Intervention Trial.","/pubmed/16123324","Asztalos BF, Collins D, Cupples LA, Demissie S, Horvath KV, Bloomfield HE, Robins SJ, Schaefer EJ.","Arterioscler Thromb Vasc Biol. 2005 Oct;25(10):2185-91.","Arterioscler Thromb Vasc Biol.  2005","PubMed","citation","PMID:16123324","pubmed","16123324","create date:2005/08/27 | first author:Asztalos BF",
"Tobacco smoking, estrogen receptor alpha gene variation and small low density lipoprotein level.","/pubmed/16014638","Shearman AM, Demissie S, Cupples LA, Peter I, Schmid CH, Ordovas JM, Mendelsohn ME, Housman DE.","Hum Mol Genet. 2005 Aug 15;14(16):2405-13.","Hum Mol Genet.  2005","PubMed","citation","PMID:16014638","pubmed","16014638","create date:2005/07/15 | first author:Shearman AM",
"Disentangling the genetic determinants of human aging: biological age as an alternative to the use of survival measures.","/pubmed/15972604","Karasik D, Demissie S, Cupples LA, Kiel DP.","J Gerontol A Biol Sci Med Sci. 2005 May;60(5):574-87. Review.","J Gerontol A Biol Sci Med Sci.  2005","PubMed","citation","PMID:15972604 | PMCID:PMC1361266","pubmed","15972604","create date:2005/06/24 | first author:Karasik D",
"Polyunsaturated fatty acids interact with the PPARA-L162V polymorphism to affect plasma triglyceride and apolipoprotein C-III concentrations in the Framingham Heart Study.","/pubmed/15735069","Tai ES, Corella D, Demissie S, Cupples LA, Coltell O, Schaefer EJ, Tucker KL, Ordovas JM; Framingham heart study..","J Nutr. 2005 Mar;135(3):397-403.","J Nutr.  2005","PubMed","citation","PMID:15735069","pubmed","15735069","create date:2005/03/01 | first author:Tai ES",
"Functional variant of CYP4A11 20-hydroxyeicosatetraenoic acid synthase is associated with essential hypertension.","/pubmed/15611369","Gainer JV, Bellamine A, Dawson EP, Womble KE, Grant SW, Wang Y, Cupples LA, Guo CY, Demissie S, O'Donnell CJ, Brown NJ, Waterman MR, Capdevila JH.","Circulation. 2005 Jan 4;111(1):63-9.","Circulation.  2005","PubMed","citation","PMID:15611369","pubmed","15611369","create date:2004/12/22 | first author:Gainer JV",
"High-density lipoprotein subpopulation profile and coronary heart disease prevalence in male participants of the Framingham Offspring Study.","/pubmed/15388521","Asztalos BF, Cupples LA, Demissie S, Horvath KV, Cox CE, Batista MC, Schaefer EJ.","Arterioscler Thromb Vasc Biol. 2004 Nov;24(11):2181-7.","Arterioscler Thromb Vasc Biol.  2004","PubMed","citation","PMID:15388521","pubmed","15388521","create date:2004/09/25 | first author:Asztalos BF",
"Influence of the APOA5 locus on plasma triglyceride, lipoprotein subclasses, and CVD risk in the Framingham Heart Study.","/pubmed/15342688","Lai CQ, Demissie S, Cupples LA, Zhu Y, Adiconis X, Parnell LD, Corella D, Ordovas JM.","J Lipid Res. 2004 Nov;45(11):2096-105.","J Lipid Res.  2004","PubMed","citation","PMID:15342688","pubmed","15342688","create date:2004/09/03 | first author:Lai CQ",
"Polymorphisms in the gene encoding lipoprotein lipase in men with low HDL-C and coronary heart disease: the Veterans Affairs HDL Intervention Trial.","/pubmed/15292370","Brousseau ME, Goldkamp AL, Collins D, Demissie S, Connolly AC, Cupples LA, Ordovas JM, Bloomfield HE, Robins SJ, Schaefer EJ.","J Lipid Res. 2004 Oct;45(10):1885-91.","J Lipid Res.  2004","PubMed","citation","PMID:15292370","pubmed","15292370","create date:2004/08/05 | first author:Brousseau ME",
"Estrogen receptor beta polymorphisms are associated with bone mass in women and men: the Framingham Study.","/pubmed/15068501","Shearman AM, Karasik D, Gruenthal KM, Demissie S, Cupples LA, Housman DE, Kiel DP.","J Bone Miner Res. 2004 May;19(5):773-81.","J Bone Miner Res.  2004","PubMed","citation","PMID:15068501","pubmed","15068501","create date:2004/04/08 | first author:Shearman AM",
"Genetic analyses of longitudinal phenotype data: a comparison of univariate methods and a multivariate approach.","/pubmed/14975097","Yang Q, Chazaro I, Cui J, Guo CY, Demissie S, Larson M, Atwood LD, Cupples LA, DeStefano AL.","BMC Genet. 2003 Dec 31;4 Suppl 1:S29.","BMC Genet.  2003","PubMed","citation","PMID:14975097 | PMCID:PMC1866464","pubmed","14975097","create date:2004/02/21 | first author:Yang Q",
"Description of the Framingham Heart Study data for Genetic Analysis Workshop 13.","/pubmed/14975070","Cupples LA, Yang Q, Demissie S, Copenhafer D, Levy D; Framingham Heart Study Investigators..","BMC Genet. 2003 Dec 31;4 Suppl 1:S2. No abstract available. ","BMC Genet.  2003","PubMed","citation","PMID:14975070 | PMCID:PMC1866454","pubmed","14975070","create date:2004/02/21 | first author:Cupples LA",
"Obesity modulates the association among APOE genotype, insulin, and glucose in men.","/pubmed/14694215","Elosua R, Demissie S, Cupples LA, Meigs JB, Wilson PW, Schaefer EJ, Corella D, Ordovas JM.","Obes Res. 2003 Dec;11(12):1502-8.","Obes Res.  2003","PubMed","citation","PMID:14694215","pubmed","14694215","create date:2003/12/25 | first author:Elosua R",
"Association between estrogen receptor alpha gene variation and cardiovascular disease.","/pubmed/14600184","Shearman AM, Cupples LA, Demissie S, Peter I, Schmid CH, Karas RH, Mendelsohn ME, Housman DE, Levy D.","JAMA. 2003 Nov 5;290(17):2263-70. Erratum in: JAMA. 2004 Jan 14;291(2):186. ","JAMA.  2003","PubMed","citation","PMID:14600184","pubmed","14600184","create date:2003/11/06 | first author:Shearman AM",
"Polymorphisms in the insulin-degrading enzyme gene are associated with type 2 diabetes in men from the NHLBI Framingham Heart Study.","/pubmed/12765971","Karamohamed S, Demissie S, Volcjak J, Liu C, Heard-Costa N, Liu J, Shoemaker CM, Panhuysen CI, Meigs JB, Wilson P, Atwood LD, Cupples LA, Herbert A; NHLBI Framingham Heart Study..","Diabetes. 2003 Jun;52(6):1562-7.","Diabetes.  2003","PubMed","citation","PMID:12765971","pubmed","12765971","create date:2003/05/27 | first author:Karamohamed S",
"Genetic variation at the scavenger receptor class B type I gene locus determines plasma lipoprotein concentrations and particle size and interacts with type 2 diabetes: the framingham study.","/pubmed/12788901","Osgood D, Corella D, Demissie S, Cupples LA, Wilson PW, Meigs JB, Schaefer EJ, Coltell O, Ordovas JM.","J Clin Endocrinol Metab. 2003 Jun;88(6):2869-79.","J Clin Endocrinol Metab.  2003","PubMed","citation","PMID:12788901","pubmed","12788901","create date:2003/06/06 | first author:Osgood D",
"Bias due to missing exposure data using complete-case analysis in the proportional hazards regression model.","/pubmed/12590413","Demissie S, LaValley MP, Horton NJ, Glynn RJ, Cupples LA.","Stat Med. 2003 Feb 28;22(4):545-57.","Stat Med.  2003","PubMed","citation","PMID:12590413","pubmed","12590413","create date:2003/02/19 | first author:Demissie S",
"Differences between African Americans and whites in their perceptions of Alzheimer disease.","/pubmed/12621316","Roberts JS, Connell CM, Cisewski D, Hipps YG, Demissie S, Green RC.","Alzheimer Dis Assoc Disord. 2003 Jan-Mar;17(1):19-26.","Alzheimer Dis Assoc Disord.  2003","PubMed","citation","PMID:12621316","pubmed","12621316","create date:2003/03/07 | first author:Roberts JS",
"Dietary fat intake determines the effect of a common polymorphism in the hepatic lipase gene promoter on high-density lipoprotein metabolism: evidence of a strong dose effect in this gene-nutrient interaction in the Framingham Study.","/pubmed/12403660","Ordovas JM, Corella D, Demissie S, Cupples LA, Couture P, Coltell O, Wilson PW, Schaefer EJ, Tucker KL.","Circulation. 2002 Oct 29;106(18):2315-21.","Circulation.  2002","PubMed","citation","PMID:12403660","pubmed","12403660","create date:2002/10/31 | first author:Ordovas JM",
"Polyunsaturated fatty acids modulate the effects of the APOA1 G-A polymorphism on HDL-cholesterol concentrations in a sex-specific manner: the Framingham Study.","/pubmed/11756058","Ordovas JM, Corella D, Cupples LA, Demissie S, Kelleher A, Coltell O, Wilson PW, Schaefer EJ, Tucker K.","Am J Clin Nutr. 2002 Jan;75(1):38-46.","Am J Clin Nutr.  2002","PubMed","citation","PMID:11756058","pubmed","11756058","create date:2002/01/05 | first author:Ordovas JM",
"Absence of linkage or association for osteoarthritis with the vitamin D receptor/type II collagen locus: the Framingham Osteoarthritis Study.","/pubmed/11824954","Baldwin CT, Cupples LA, Joost O, Demissie S, Chaisson C, Mcalindon T, Myers RH, Felson D.","J Rheumatol. 2002 Jan;29(1):161-5.","J Rheumatol.  2002","PubMed","citation","PMID:11824954","pubmed","11824954","create date:2002/02/05 | first author:Baldwin CT",
