Title,URL,Description,Details,ShortDetails,Resource,Type,Identifiers,Db,EntrezUID,Properties
"Alcohol Involvement in Homicide Victimization in the United States.","/pubmed/27676334","Naimi TS, Xuan Z, Cooper SE, Coleman SM, Hadland SE, Swahn MH, Heeren TC.","Alcohol Clin Exp Res. 2016 Sep 27. doi: 10.1111/acer.13230.","Alcohol Clin Exp Res.  2016","PubMed","citation","PMID:27676334","pubmed","27676334","create date:2016/09/28 | first author:Naimi TS",
"Salivary caffeine concentrations are comparable to plasma concentrations in preterm infants receiving extended caffeine therapy.","/pubmed/27145974","Dobson NR, Liu X, Rhein LM, Darnall RA, Corwin MJ, McEntire BL, Ward RM, James LP, Sherwin CM, Heeren TC, Hunt CE.","Br J Clin Pharmacol. 2016 Sep;82(3):754-61. doi: 10.1111/bcp.13001.","Br J Clin Pharmacol.  2016","PubMed","citation","PMID:27145974","pubmed","27145974","create date:2016/05/06 | first author:Dobson NR",
"Trust in Sources of Advice about Infant Care Practices: The SAFE Study.","/pubmed/27129949","Hwang SS, Rybin DV, Heeren TC, Colson ER, Corwin MJ.","Matern Child Health J. 2016 Sep;20(9):1956-64. doi: 10.1007/s10995-016-2011-3.","Matern Child Health J.  2016","PubMed","citation","PMID:27129949","pubmed","27129949","create date:2016/05/01 | first author:Hwang SS",
"Infant Sleep Location and Breastfeeding Practices in the United States, 2011-2014.","/pubmed/26851615","Smith LA, Geller NL, Kellams AL, Colson ER, Rybin DV, Heeren T, Corwin MJ.","Acad Pediatr. 2016 Aug;16(6):540-9. doi: 10.1016/j.acap.2016.01.021.","Acad Pediatr.  2016","PubMed","citation","PMID:26851615","pubmed","26851615","create date:2016/02/07 | first author:Smith LA",
"Longitudinal and Reciprocal Relationships Between Depression and Disability in Older Women Caregivers and Noncaregivers.","/pubmed/26035874","Bacon KL, Heeren T, Keysor JJ, Stuver SO, Cauley JA, Fredman L.","Gerontologist. 2016 Aug;56(4):723-32. doi: 10.1093/geront/gnu157.","Gerontologist.  2016","PubMed","citation","PMID:26035874 | PMCID:PMC4944533","pubmed","26035874","create date:2015/06/03 | first author:Bacon KL",
"Postdischarge Feeding Interactions and Neurodevelopmental Outcome at 1-Year Corrected Gestational Age.","/pubmed/27178622","Parker MG, Rybin DV, Heeren TC, Thoyre SM, Corwin MJ.","J Pediatr. 2016 Jul;174:104-10. doi: 10.1016/j.jpeds.2016.03.074.","J Pediatr.  2016","PubMed","citation","PMID:27178622","pubmed","27178622","create date:2016/05/15 | first author:Parker MG",
"Girls and Boys Born before 28 Weeks Gestation: Risks of Cognitive, Behavioral, and Neurologic Outcomes at Age 10 Years.","/pubmed/27004675","Kuban KC, Joseph RM, O'Shea TM, Allred EN, Heeren T, Douglass L, Stafstrom CE, Jara H, Frazier JA, Hirtz D, Leviton A; Extremely Low Gestational Age Newborn (ELGAN) Study Investigators..","J Pediatr. 2016 Jun;173:69-75.e1. doi: 10.1016/j.jpeds.2016.02.048.","J Pediatr.  2016","PubMed","citation","PMID:27004675 | PMCID:PMC4884461","pubmed","27004675","create date:2016/03/24 | first author:Kuban KC",
"Childhood Adversity and Adult Reports of Food Insecurity Among Households With Children.","/pubmed/26596189","Sun J, Knowles M, Patel F, Frank DA, Heeren TC, Chilton M.","Am J Prev Med. 2016 May;50(5):561-72. doi: 10.1016/j.amepre.2015.09.024.","Am J Prev Med.  2016","PubMed","citation","PMID:26596189","pubmed","26596189","create date:2015/11/26 | first author:Sun J",
"Risk Stratification and Shared Decision Making for Colorectal Cancer Screening: A Randomized Controlled Trial.","/pubmed/26785715","Schroy PC 3rd, Duhovic E, Chen CA, Heeren TC, Lopez W, Apodaca DL, Wong JB.","Med Decis Making. 2016 May;36(4):526-35. doi: 10.1177/0272989X15625622.","Med Decis Making.  2016","PubMed","citation","PMID:26785715 | PMCID:PMC4818180","pubmed","26785715","create date:2016/01/21 | first author:Schroy PC 3rd",
"Children with Special Health Care Needs, Supplemental Security Income, and Food Insecurity.","/pubmed/26836641","Rose-Jacobs R, Fiore JG, de Cuba SE, Black M, Cutts DB, Coleman SM, Heeren T, Chilton M, Casey P, Cook J, Frank DA.","J Dev Behav Pediatr. 2016 Feb-Mar;37(2):140-7. doi: 10.1097/DBP.0000000000000260.","J Dev Behav Pediatr.  2016","PubMed","citation","PMID:26836641","pubmed","26836641","create date:2016/02/03 | first author:Rose-Jacobs R",
"A Novel Parent Questionnaire for the Detection of Seizures in Children.","/pubmed/26552646","Douglass LM, Kuban K, Tarquinio D, Schraga L, Jonas R, Heeren T, DeBassio WA, Stafstrom CE, Heinrick RJ, Ferguson C, Blumberg L, Wong V.","Pediatr Neurol. 2016 Jan;54:64-69.e1. doi: 10.1016/j.pediatrneurol.2015.09.016.","Pediatr Neurol.  2016","PubMed","citation","PMID:26552646","pubmed","26552646","create date:2015/11/11 | first author:Douglass LM",
"Clinical Liver Disease Progression Among Hepatitis C-Infected Drug Users With CD4 Cell Count Less Than 200 Cells/mm(3) Is More Pronounced Among Women Than Men.","/pubmed/26955643","Baranoski AS, Cotton D, Heeren T, Nunes D, Kubiak RW, Horsburgh CR Jr.","Open Forum Infect Dis. 2015 Dec 31;3(1):ofv214. doi: 10.1093/ofid/ofv214.","Open Forum Infect Dis.  2015","PubMed","citation","PMID:26955643 | PMCID:PMC4777902","pubmed","26955643","create date:2016/03/10 | first author:Baranoski AS",
"The Health Effects of Masculine Self-Esteem Following Treatment for Localized Prostate Cancer Among Gay Men.","/pubmed/26698658","Allensworth-Davies D, Talcott JA, Heeren T, de Vries B, Blank TO, Clark JA.","LGBT Health. 2015 Dec 24.","LGBT Health.  2015","PubMed","citation","PMID:26698658 | PMCID:PMC4770849","pubmed","26698658","create date:2015/12/25 | first author:Allensworth-Davies D",
"Parental monitoring and family relations: associations with drinking patterns among male and female Mexican students.","/pubmed/26256470","Strunin L, Rosa Díaz-Martínez L, Díaz-Martínez A, Heeren T, Winter M, Kuranz S, Hernández-Ávila CA, Fernández-Varela H, Solís-Torres C.","Addict Behav. 2015 Dec;51:143-51. doi: 10.1016/j.addbeh.2015.07.025.","Addict Behav.  2015","PubMed","citation","PMID:26256470 | PMCID:PMC4558234","pubmed","26256470","create date:2015/08/11 | first author:Strunin L",
"Alcohol Policies and Alcoholic Cirrhosis Mortality in the United States.","/pubmed/26469950","Hadland SE, Xuan Z, Blanchette JG, Heeren TC, Swahn MH, Naimi TS.","Prev Chronic Dis. 2015 Oct 15;12:E177. doi: 10.5888/pcd12.150200.","Prev Chronic Dis.  2015","PubMed","citation","PMID:26469950 | PMCID:PMC4611859","pubmed","26469950","create date:2015/10/16 | first author:Hadland SE",
"Risk assessment and clinical decision making for colorectal cancer screening.","/pubmed/23905546","Schroy PC 3rd, Caron SE, Sherman BJ, Heeren TC, Battaglia TA.","Health Expect. 2015 Oct;18(5):1327-38. doi: 10.1111/hex.12110.","Health Expect.  2015","PubMed","citation","PMID:23905546 | PMCID:PMC4213312","pubmed","23905546","create date:2013/08/03 | first author:Schroy PC 3rd",
"Maternal Report of Advice Received for Infant Care.","/pubmed/26216322","Eisenberg SR, Bair-Merritt MH, Colson ER, Heeren TC, Geller NL, Corwin MJ.","Pediatrics. 2015 Aug;136(2):e315-22. doi: 10.1542/peds.2015-0551.","Pediatrics.  2015","PubMed","citation","PMID:26216322 | PMCID:PMC4516946","pubmed","26216322","create date:2015/07/29 | first author:Eisenberg SR",
"Youth Drinking in the United States: Relationships With Alcohol Policies and Adult Drinking.","/pubmed/26034246","Xuan Z, Blanchette JG, Nelson TF, Nguyen TH, Hadland SE, Oussayef NL, Heeren TC, Naimi TS.","Pediatrics. 2015 Jul;136(1):18-27. doi: 10.1542/peds.2015-0537.","Pediatrics.  2015","PubMed","citation","PMID:26034246 | PMCID:PMC4485013","pubmed","26034246","create date:2015/06/03 | first author:Xuan Z",
"Homelessness during pregnancy: a unique, time-dependent risk factor of birth outcomes.","/pubmed/25404405","Cutts DB, Coleman S, Black MM, Chilton MM, Cook JT, de Cuba SE, Heeren TC, Meyers A, Sandel M, Casey PH, Frank DA.","Matern Child Health J. 2015 Jun;19(6):1276-83. doi: 10.1007/s10995-014-1633-6.","Matern Child Health J.  2015","PubMed","citation","PMID:25404405","pubmed","25404405","create date:2014/11/19 | first author:Cutts DB",
"Prenatal substance exposure: What predicts behavioral resilience by early adolescence?","/pubmed/26076097","Liebschutz JM, Crooks D, Rose-Jacobs R, Cabral HJ, Heeren TC, Gerteis J, Appugliese DP, Heymann OD, Lange AV, Frank DA.","Psychol Addict Behav. 2015 Jun;29(2):329-37. doi: 10.1037/adb0000082.","Psychol Addict Behav.  2015","PubMed","citation","PMID:26076097 | PMCID:PMC4593628","pubmed","26076097","create date:2015/06/16 | first author:Liebschutz JM",
"Impact of patient and navigator race and language concordance on care after cancer screening abnormalities.","/pubmed/25565151","Charlot M, Santana MC, Chen CA, Bak S, Heeren TC, Battaglia TA, Egan AP, Kalish R, Freund KM.","Cancer. 2015 May 1;121(9):1477-83. doi: 10.1002/cncr.29221.","Cancer.  2015","PubMed","citation","PMID:25565151 | PMCID:PMC4409461","pubmed","25565151","create date:2015/01/08 | first author:Charlot M",
"The alcohol policy environment and policy subgroups as predictors of binge drinking measures among US adults.","/pubmed/25122017","Xuan Z, Blanchette J, Nelson TF, Heeren T, Oussayef N, Naimi TS.","Am J Public Health. 2015 Apr;105(4):816-22. doi: 10.2105/AJPH.2014.302112.","Am J Public Health.  2015","PubMed","citation","PMID:25122017 | PMCID:PMC4358175","pubmed","25122017","create date:2014/08/15 | first author:Xuan Z",
"The relationship between alcohol taxes and binge drinking: evaluating new tax measures incorporating multiple tax and beverage types.","/pubmed/25428795","Xuan Z, Chaloupka FJ, Blanchette JG, Nguyen TH, Heeren TC, Nelson TF, Naimi TS.","Addiction. 2015 Mar;110(3):441-50. doi: 10.1111/add.12818.","Addiction.  2015","PubMed","citation","PMID:25428795 | PMCID:PMC4441276","pubmed","25428795","create date:2014/11/28 | first author:Xuan Z",
"Drinking patterns and victimization among male and female students in Mexico.","/pubmed/25534933","Strunin L, Díaz-Martínez LR, Díaz-Martínez A, Heeren T, Winter M, Kuranz S, Hernández-Ávila CA, Fernández-Varela H, Solís-Torres C.","Alcohol Alcohol. 2015 Mar;50(2):226-35. doi: 10.1093/alcalc/agu092.","Alcohol Alcohol.  2015","PubMed","citation","PMID:25534933 | PMCID:PMC4327343","pubmed","25534933","create date:2014/12/24 | first author:Strunin L",
"Patterns of change in implementation of state alcohol control policies in the United States, 1999-2011.","/pubmed/25138287","Nelson TF, Xuan Z, Blanchette JG, Heeren TC, Naimi TS.","Addiction. 2015 Jan;110(1):59-68. doi: 10.1111/add.12706.","Addiction.  2015","PubMed","citation","PMID:25138287 | PMCID:PMC4527310","pubmed","25138287","create date:2014/08/21 | first author:Nelson TF",
"Alcohol policies and impaired driving in the United States: Effects of driving- vs. drinking-oriented policies.","/pubmed/26925185","Xuan Z, Blanchette JG, Nelson TF, Heeren TC, Nguyen TH, Naimi TS.","Int J Alcohol Drug Res. 2015;4(2):119-130.","Int J Alcohol Drug Res.  2015","PubMed","citation","PMID:26925185 | PMCID:PMC4768812","pubmed","26925185","create date:2016/03/01 | first author:Xuan Z",
"Multiple barriers delay care among women with abnormal cancer screening despite patient navigation.","/pubmed/25513858","Ramachandran A, Freund KM, Bak SM, Heeren TC, Chen CA, Battaglia TA.","J Womens Health (Larchmt). 2015 Jan;24(1):30-6. doi: 10.1089/jwh.2014.4869.","J Womens Health (Larchmt).  2015","PubMed","citation","PMID:25513858 | PMCID:PMC4361220","pubmed","25513858","create date:2014/12/17 | first author:Ramachandran A",
"Comparison of two theory-based, fully automated telephone interventions designed to maintain dietary change in healthy adults: study protocol of a three-arm randomized controlled trial.","/pubmed/25387065","Wright JA, Quintiliani LM, Turner-McGrievy GM, Migneault JP, Heeren T, Friedman RH.","JMIR Res Protoc. 2014 Nov 10;3(4):e62. doi: 10.2196/resprot.3367.","JMIR Res Protoc.  2014","PubMed","citation","PMID:25387065 | PMCID:PMC4260007","pubmed","25387065","create date:2014/11/12 | first author:Wright JA",
"The influence of prevalent cohort bias in the association between periodontal disease progression and incident coronary heart disease.","/pubmed/25169680","Heaton B, Applebaum KM, Rothman KJ, Brooks DR, Heeren T, Dietrich T, Garcia RI.","Ann Epidemiol. 2014 Oct;24(10):741-6. doi: 10.1016/j.annepidem.2014.07.006.","Ann Epidemiol.  2014","PubMed","citation","PMID:25169680","pubmed","25169680","create date:2014/08/30 | first author:Heaton B",
"Problematic substance use in urban adolescents: role of intrauterine exposures to cocaine and marijuana and post-natal environment.","/pubmed/24999059","Frank DA, Kuranz S, Appugliese D, Cabral H, Chen C, Crooks D, Heeren T, Liebschutz J, Richardson M, Rose-Jacobs R.","Drug Alcohol Depend. 2014 Sep 1;142:181-90. doi: 10.1016/j.drugalcdep.2014.06.014.","Drug Alcohol Depend.  2014","PubMed","citation","PMID:24999059 | PMCID:PMC4180288","pubmed","24999059","create date:2014/07/08 | first author:Frank DA",
"The association of interpersonal trauma with somatic symptom severity in a primary care population with chronic pain: exploring the role of gender and the mental health sequelae of trauma.","/pubmed/25149029","McCall-Hosenfeld JS, Winter M, Heeren T, Liebschutz JM.","J Psychosom Res. 2014 Sep;77(3):196-204. doi: 10.1016/j.jpsychores.2014.07.011.","J Psychosom Res.  2014","PubMed","citation","PMID:25149029 | PMCID:PMC4143800","pubmed","25149029","create date:2014/08/26 | first author:McCall-Hosenfeld JS",
"Positive affect is associated with fewer sleep problems in older caregivers but not noncaregivers.","/pubmed/23676301","Fredman L, Gordon SA, Heeren T, Stuver SO.","Gerontologist. 2014 Aug;54(4):559-69. doi: 10.1093/geront/gnt040.","Gerontologist.  2014","PubMed","citation","PMID:23676301 | PMCID:PMC4110452","pubmed","23676301","create date:2013/05/17 | first author:Fredman L",
"Depressive symptoms among dementia caregivers: role of mediating factors.","/pubmed/23567432","Givens JL, Mezzacappa C, Heeren T, Yaffe K, Fredman L.","Am J Geriatr Psychiatry. 2014 May;22(5):481-8. doi: 10.1016/j.jagp.2012.08.010.","Am J Geriatr Psychiatry.  2014","PubMed","citation","PMID:23567432 | PMCID:PMC3710308","pubmed","23567432","create date:2013/04/10 | first author:Givens JL",
"Effect of a home-based exercise program on functional recovery following rehabilitation after hip fracture: a randomized clinical trial.","/pubmed/24549550","Latham NK, Harris BA, Bean JF, Heeren T, Goodyear C, Zawacki S, Heislein DM, Mustafa J, Pardasaney P, Giorgetti M, Holt N, Goehring L, Jette AM.","JAMA. 2014 Feb 19;311(7):700-8. doi: 10.1001/jama.2014.469.","JAMA.  2014","PubMed","citation","PMID:24549550 | PMCID:PMC4454368","pubmed","24549550","create date:2014/02/20 | first author:Latham NK",
"A new scale of the U.S. alcohol policy environment and its relationship to binge drinking.","/pubmed/24355666","Naimi TS, Blanchette J, Nelson TF, Nguyen T, Oussayef N, Heeren TC, Gruenewald P, Mosher J, Xuan Z.","Am J Prev Med. 2014 Jan;46(1):10-6. doi: 10.1016/j.amepre.2013.07.015.","Am J Prev Med.  2014","PubMed","citation","PMID:24355666 | PMCID:PMC3878154","pubmed","24355666","create date:2013/12/21 | first author:Naimi TS",
"Validity of a Web-based educational program to disseminate a standardized bowel preparation rating scale.","/pubmed/24463841","Calderwood AH, Logan JR, Zurfluh M, Lieberman DA, Jacobson BC, Heeren TC, Schroy PC 3rd.","J Clin Gastroenterol. 2014 Nov-Dec;48(10):856-61. doi: 10.1097/MCG.0000000000000028.","J Clin Gastroenterol.  2014","PubMed","citation","PMID:24463841 | PMCID:PMC4108578","pubmed","24463841","create date:2014/01/28 | first author:Calderwood AH",
"Social service barriers delay care among women with abnormal cancer screening.","/pubmed/24197626","Primeau SW, Freund KM, Ramachandran A, Bak SM, Heeren T, Chen CA, Morton S, Battaglia TA.","J Gen Intern Med. 2014 Jan;29(1):169-75. doi: 10.1007/s11606-013-2615-x.","J Gen Intern Med.  2014","PubMed","citation","PMID:24197626 | PMCID:PMC3889949","pubmed","24197626","create date:2013/11/08 | first author:Primeau SW",
"Level of intrauterine cocaine exposure and neuropsychological test scores in preadolescence: subtle effects on auditory attention and narrative memory.","/pubmed/24978115","Beeghly M, Rose-Jacobs R, Martin BM, Cabral HJ, Heeren TC, Frank DA.","Neurotoxicol Teratol. 2014 Sep-Oct;45:1-17. doi: 10.1016/j.ntt.2014.06.007.","Neurotoxicol Teratol.  2014","PubMed","citation","PMID:24978115 | PMCID:PMC4197063","pubmed","24978115","create date:2014/07/01 | first author:Beeghly M",
"Trends and factors associated with infant bed sharing, 1993-2010: the National Infant Sleep Position Study.","/pubmed/24080961","Colson ER, Willinger M, Rybin D, Heeren T, Smith LA, Lister G, Corwin MJ.","JAMA Pediatr. 2013 Nov;167(11):1032-7. doi: 10.1001/jamapediatrics.2013.2560.","JAMA Pediatr.  2013","PubMed","citation","PMID:24080961 | PMCID:PMC3903787","pubmed","24080961","create date:2013/10/02 | first author:Colson ER",
"Parental monitoring and alcohol use among Mexican students.","/pubmed/23846177","Strunin L, Díaz Martínez A, Díaz-Martínez LR, Heeren T, Kuranz S, Winter M, Hernández-Ávila CA, Fernández-Varela H, Solís-Torres C.","Addict Behav. 2013 Oct;38(10):2601-6. doi: 10.1016/j.addbeh.2013.06.011.","Addict Behav.  2013","PubMed","citation","PMID:23846177 | PMCID:PMC3756822","pubmed","23846177","create date:2013/07/13 | first author:Strunin L",
"Tax policy, adult binge drinking, and youth alcohol consumption in the United States.","/pubmed/23711219","Xuan Z, Nelson TF, Heeren T, Blanchette J, Nelson DE, Gruenewald P, Naimi TS.","Alcohol Clin Exp Res. 2013 Oct;37(10):1713-9. doi: 10.1111/acer.12152.","Alcohol Clin Exp Res.  2013","PubMed","citation","PMID:23711219 | PMCID:PMC3795905","pubmed","23711219","create date:2013/05/29 | first author:Xuan Z",
"Is pyloric gland metaplasia in ileal pouch biopsies a marker for Crohn's disease?","/pubmed/23543088","Agarwal S, Stucchi AF, Dendrinos K, Cerda S, O'Brien MJ, Becker JM, Heeren T, Farraye FA.","Dig Dis Sci. 2013 Oct;58(10):2918-25. doi: 10.1007/s10620-013-2655-4.","Dig Dis Sci.  2013","PubMed","citation","PMID:23543088","pubmed","23543088","create date:2013/04/02 | first author:Agarwal S",
"Prevalence of advanced colorectal neoplasia in white and black patients undergoing screening colonoscopy in a safety-net hospital.","/pubmed/23817700","Schroy PC 3rd, Coe A, Chen CA, O'Brien MJ, Heeren TC.","Ann Intern Med. 2013 Jul 2;159(1):13-20. doi: 10.7326/0003-4819-159-1-201307020-00004.","Ann Intern Med.  2013","PubMed","citation","PMID:23817700 | PMCID:PMC4218749","pubmed","23817700","create date:2013/07/03 | first author:Schroy PC 3rd",
"Brand-specific consumption of alcohol among underage youth in the United States.","/pubmed/23398328","Siegel M, DeJong W, Naimi TS, Fortunato EK, Albers AB, Heeren T, Rosenbloom DL, Ross C, Ostroff J, Rodkin S, King C, Borzekowski DL, Rimal RN, Padon AA, Eck RH, Jernigan DH.","Alcohol Clin Exp Res. 2013 Jul;37(7):1195-203. doi: 10.1111/acer.12084.","Alcohol Clin Exp Res.  2013","PubMed","citation","PMID:23398328 | PMCID:PMC3655157","pubmed","23398328","create date:2013/02/13 | first author:Siegel M",
"Do neighborhoods make people active, or do people make active neighborhoods? Evidence from a planned community in Austin, Texas.","/pubmed/23786909","Calise TV, Heeren T, DeJong W, Dumith SC, Kohl HW 3rd.","Prev Chronic Dis. 2013 Jun 20;10:E102. doi: 10.5888/pcd10.120119.","Prev Chronic Dis.  2013","PubMed","citation","PMID:23786909 | PMCID:PMC3690827","pubmed","23786909","create date:2013/06/22 | first author:Calise TV",
"Health of children classified as underweight by CDC reference but normal by WHO standard.","/pubmed/23690515","Meyers A, Joyce K, Coleman SM, Cook JT, Cutts D, Ettinger de Cuba S, Heeren TC, Rose-Jacobs R, Black MM, Casey PH, Chilton M, Sandel M, Frank DA; Children’s HealthWatch..","Pediatrics. 2013 Jun;131(6):e1780-7. doi: 10.1542/peds.2012-2382.","Pediatrics.  2013","PubMed","citation","PMID:23690515","pubmed","23690515","create date:2013/05/22 | first author:Meyers A",
"Methodology may exaggerate a beneficial effect of drinking with parents.","/pubmed/23384384","Blanchette J, Heeren T.","J Stud Alcohol Drugs. 2013 Mar;74(2):353. No abstract available. ","J Stud Alcohol Drugs.  2013","PubMed","citation","PMID:23384384","pubmed","23384384","create date:2013/02/07 | first author:Blanchette J",
"Are food insecurity's health impacts underestimated in the U.S. population? Marginal food security also predicts adverse health outcomes in young U.S. children and mothers.","/pubmed/23319123","Cook JT, Black M, Chilton M, Cutts D, Ettinger de Cuba S, Heeren TC, Rose-Jacobs R, Sandel M, Casey PH, Coleman S, Weiss I, Frank DA.","Adv Nutr. 2013 Jan 1;4(1):51-61. doi: 10.3945/an.112.003228. Review.","Adv Nutr.  2013","PubMed","citation","PMID:23319123 | PMCID:PMC3648739","pubmed","23319123","create date:2013/01/16 | first author:Cook JT",
"Predictors of active injection drug use in a cohort of patients infected with hepatitis C virus.","/pubmed/23153145","Reed C, Bliss C, Stuver SO, Heeren T, Tumilty S, Horsburgh CR Jr, Samet JH, Cotton DJ.","Am J Public Health. 2013 Jan;103(1):105-11. doi: 10.2105/AJPH.2012.300819.","Am J Public Health.  2013","PubMed","citation","PMID:23153145 | PMCID:PMC3518356","pubmed","23153145","create date:2012/11/17 | first author:Reed C",
"Aid-assisted decision making and colorectal cancer screening: a randomized controlled trial.","/pubmed/23159252","Schroy PC 3rd, Emmons KM, Peters E, Glick JT, Robinson PA, Lydotes MA, Mylvaganam SR, Coe AM, Chen CA, Chaisson CE, Pignone MP, Prout MN, Davidson PK, Heeren TC.","Am J Prev Med. 2012 Dec;43(6):573-83. doi: 10.1016/j.amepre.2012.08.018.","Am J Prev Med.  2012","PubMed","citation","PMID:23159252 | PMCID:PMC3966107","pubmed","23159252","create date:2012/11/20 | first author:Schroy PC 3rd",
Title,URL,Description,Details,ShortDetails,Resource,Type,Identifiers,Db,EntrezUID,Properties
"Job strain and incident metabolic syndrome over 5 years of follow-up: the coronary artery risk development in young adults study.","/pubmed/23171915","Edwards EM, Stuver SO, Heeren TC, Fredman L.","J Occup Environ Med. 2012 Dec;54(12):1447-52. doi: 10.1097/JOM.0b013e3182783f27.","J Occup Environ Med.  2012","PubMed","citation","PMID:23171915","pubmed","23171915","create date:2012/11/23 | first author:Edwards EM",
"Breastmilk iodine concentrations following acute dietary iodine intake.","/pubmed/23050787","Leung AM, Braverman LE, He X, Heeren T, Pearce EN.","Thyroid. 2012 Nov;22(11):1176-80. doi: 10.1089/thy.2012.0294.","Thyroid.  2012","PubMed","citation","PMID:23050787 | PMCID:PMC3487113","pubmed","23050787","create date:2012/10/12 | first author:Leung AM",
"Boston Patient Navigation Research Program: the impact of navigation on time to diagnostic resolution after abnormal cancer screening.","/pubmed/23045539","Battaglia TA, Bak SM, Heeren T, Chen CA, Kalish R, Tringale S, Taylor JO, Lottero B, Egan AP, Thakrar N, Freund KM.","Cancer Epidemiol Biomarkers Prev. 2012 Oct;21(10):1645-54. doi: 10.1158/1055-9965.EPI-12-0532.","Cancer Epidemiol Biomarkers Prev.  2012","PubMed","citation","PMID:23045539 | PMCID:PMC3472624","pubmed","23045539","create date:2012/10/10 | first author:Battaglia TA",
"Neuropsychological outcomes of mild traumatic brain injury, post-traumatic stress disorder and depression in Iraq-deployed US Army soldiers.","/pubmed/22743844","Vasterling JJ, Brailey K, Proctor SP, Kane R, Heeren T, Franz M.","Br J Psychiatry. 2012 Sep;201(3):186-92. doi: 10.1192/bjp.bp.111.096461.","Br J Psychiatry.  2012","PubMed","citation","PMID:22743844","pubmed","22743844","create date:2012/06/30 | first author:Vasterling JJ",
"The Your Disease Risk Index for colorectal cancer is an inaccurate risk stratification tool for advanced colorectal neoplasia at screening colonoscopy.","/pubmed/22689913","Schroy PC 3rd, Coe AM, Mylvaganam SR, Ahn LB, Lydotes MA, Robinson PA, Davis JT, Chen CA, Ashba J, Atkinson ML, Colditz GA, Heeren TC.","Cancer Prev Res (Phila). 2012 Aug;5(8):1044-52. doi: 10.1158/1940-6207.CAPR-12-0014.","Cancer Prev Res (Phila).  2012","PubMed","citation","PMID:22689913 | PMCID:PMC3632311","pubmed","22689913","create date:2012/06/13 | first author:Schroy PC 3rd",
"The impact of a brief motivational intervention on unprotected sex and sex while high among drug-positive emergency department patients who receive STI/HIV VC/T and drug treatment referral as standard of care.","/pubmed/22261830","Bernstein E, Ashong D, Heeren T, Winter M, Bliss C, Madico G, Bernstein J.","AIDS Behav. 2012 Jul;16(5):1203-16. doi: 10.1007/s10461-012-0134-0.","AIDS Behav.  2012","PubMed","citation","PMID:22261830","pubmed","22261830","create date:2012/01/21 | first author:Bernstein E",
"Relationship between sleep position and risk of extreme cardiorespiratory events.","/pubmed/22364822","Lister G, Rybin DV, Colton T, Heeren TC, Hunt CE, Colson ER, Willinger M, Corwin MJ; Collaborative Home Infant Monitoring Evaluation Study Group..","J Pediatr. 2012 Jul;161(1):22-5.e1. doi: 10.1016/j.jpeds.2012.01.035.","J Pediatr.  2012","PubMed","citation","PMID:22364822 | PMCID:PMC3607104","pubmed","22364822","create date:2012/03/01 | first author:Lister G",
"WIC participation and attenuation of stress-related child health risks of household food insecurity and caregiver depressive symptoms.","/pubmed/22566545","Black MM, Quigg AM, Cook J, Casey PH, Cutts DB, Chilton M, Meyers A, Ettinger de Cuba S, Heeren T, Coleman S, Rose-Jacobs R, Frank DA.","Arch Pediatr Adolesc Med. 2012 May;166(5):444-51. doi: 10.1001/archpediatrics.2012.1.","Arch Pediatr Adolesc Med.  2012","PubMed","citation","PMID:22566545","pubmed","22566545","create date:2012/05/09 | first author:Black MM",
"Long-term follow-up after voluntary human immunodeficiency virus/sexually transmitted infection counseling, point-of-service testing, and referral to substance abuse treatment from the emergency department.","/pubmed/22506942","Bernstein E, Heeren T, Winter M, Ashong D, Bliss C, Madico G, Ayalew B, Bernstein J.","Acad Emerg Med. 2012 Apr;19(4):386-95. doi: 10.1111/j.1553-2712.2012.01314.x.","Acad Emerg Med.  2012","PubMed","citation","PMID:22506942","pubmed","22506942","create date:2012/04/18 | first author:Bernstein E",
"A culturally adapted telecommunication system to improve physical activity, diet quality, and medication adherence among hypertensive African-Americans: a randomized controlled trial.","/pubmed/22246660","Migneault JP, Dedier JJ, Wright JA, Heeren T, Campbell MK, Morisky DE, Rudd P, Friedman RH.","Ann Behav Med. 2012 Feb;43(1):62-73. doi: 10.1007/s12160-011-9319-4.","Ann Behav Med.  2012","PubMed","citation","PMID:22246660","pubmed","22246660","create date:2012/01/17 | first author:Migneault JP",
"Hangover sensitivity after controlled alcohol administration as predictor of post-college drinking.","/pubmed/21859168","Rohsenow DJ, Howland J, Winter M, Bliss CA, Littlefield CA, Heeren TC, Calise TV.","J Abnorm Psychol. 2012 Feb;121(1):270-5. doi: 10.1037/a0024706.","J Abnorm Psychol.  2012","PubMed","citation","PMID:21859168 | PMCID:PMC4043292","pubmed","21859168","create date:2011/08/24 | first author:Rohsenow DJ",
"Young adults at risk for excess alcohol consumption are often not asked or counseled about drinking alcohol.","/pubmed/21935753","Hingson RW, Heeren T, Edwards EM, Saitz R.","J Gen Intern Med. 2012 Feb;27(2):179-84. doi: 10.1007/s11606-011-1851-1.","J Gen Intern Med.  2012","PubMed","citation","PMID:21935753 | PMCID:PMC3270224","pubmed","21935753","create date:2011/09/22 | first author:Hingson RW",
"Alcohol brand preferences of underage youth: results from a pilot survey among a national sample.","/pubmed/22014249","Siegel M, DeJong W, Naimi TS, Heeren T, Rosenbloom DL, Ross C, Ostroff J, Jernigan DH.","Subst Abus. 2011 Oct;32(4):191-201. doi: 10.1080/08897077.2011.601250.","Subst Abus.  2011","PubMed","citation","PMID:22014249 | PMCID:PMC3202336","pubmed","22014249","create date:2011/10/22 | first author:Siegel M",
"US Housing insecurity and the health of very young children.","/pubmed/21680929","Cutts DB, Meyers AF, Black MM, Casey PH, Chilton M, Cook JT, Geppert J, Ettinger de Cuba S, Heeren T, Coleman S, Rose-Jacobs R, Frank DA.","Am J Public Health. 2011 Aug;101(8):1508-14. doi: 10.2105/AJPH.2011.300139.","Am J Public Health.  2011","PubMed","citation","PMID:21680929 | PMCID:PMC3134514","pubmed","21680929","create date:2011/06/18 | first author:Cutts DB",
"Drinking style and dating violence in a sample of urban, alcohol-using youth.","/pubmed/21683037","Rothman EF, Stuart GL, Greenbaum PE, Heeren T, Bowen DJ, Vinci R, Baughman AL, Bernstein J.","J Stud Alcohol Drugs. 2011 Jul;72(4):555-66.","J Stud Alcohol Drugs.  2011","PubMed","citation","PMID:21683037 | PMCID:PMC3125879","pubmed","21683037","create date:2011/06/21 | first author:Rothman EF",
"Performance of a risk index for advanced proximal colorectal neoplasia among a racially/ethnically diverse patient population (risk index for advanced proximal neoplasia).","/pubmed/21326221","Levitzky BE, Brown CC, Heeren TC, Schroy PC 3rd.","Am J Gastroenterol. 2011 Jun;106(6):1099-106. doi: 10.1038/ajg.2011.20.","Am J Gastroenterol.  2011","PubMed","citation","PMID:21326221","pubmed","21326221","create date:2011/02/18 | first author:Levitzky BE",
"Incidence and predictors of acute kidney injury in an urban cohort of subjects with HIV and hepatitis C virus coinfection.","/pubmed/21309706","Garg S, Hoenig M, Edwards EM, Bliss C, Heeren T, Tumilty S, Walley AY, Koziel MJ, Skolnik PR, Horsburgh CR, Cotton D.","AIDS Patient Care STDS. 2011 Mar;25(3):135-41. doi: 10.1089/apc.2010.0104.","AIDS Patient Care STDS.  2011","PubMed","citation","PMID:21309706 | PMCID:PMC3101898","pubmed","21309706","create date:2011/02/12 | first author:Garg S",
"The acute effects of caffeinated versus non-caffeinated alcoholic beverage on driving performance and attention/reaction time.","/pubmed/21134017","Howland J, Rohsenow DJ, Arnedt JT, Bliss CA, Hunt SK, Calise TV, Heeren T, Winter M, Littlefield C, Gottlieb DJ.","Addiction. 2011 Feb;106(2):335-41. doi: 10.1111/j.1360-0443.2010.03219.x.","Addiction.  2011","PubMed","citation","PMID:21134017","pubmed","21134017","create date:2010/12/08 | first author:Howland J",
"Workplace telecommunications technology to identify mental health disorders and facilitate self-help or professional referrals.","/pubmed/21192751","Farzanfar R, Locke SE, Heeren TC, Stevens A, Vachon L, Thi Nguyen MK, Friedman RH.","Am J Health Promot. 2011 Jan-Feb;25(3):207-16. doi: 10.4278/ajhp.100118-QUAN-14.","Am J Health Promot.  2011","PubMed","citation","PMID:21192751","pubmed","21192751","create date:2011/01/05 | first author:Farzanfar R",
"Patient and Provider Preferences for Colorectal Cancer Screening: How Does CT Colonography Compare to Other Modalities?","/pubmed/25237287","Calderwood AH, Wasan SK, Heeren TC, Schroy PC 3rd.","Int J Canc Prev. 2011;4(4):307-338.","Int J Canc Prev.  2011","PubMed","citation","PMID:25237287 | PMCID:PMC4165440","pubmed","25237287","create date:2011/01/01 | first author:Calderwood AH",
"The impact of a novel computer-based decision aid on shared decision making for colorectal cancer screening: a randomized trial.","/pubmed/20484090","Schroy PC 3rd, Emmons K, Peters E, Glick JT, Robinson PA, Lydotes MA, Mylvanaman S, Evans S, Chaisson C, Pignone M, Prout M, Davidson P, Heeren TC.","Med Decis Making. 2011 Jan-Feb;31(1):93-107. doi: 10.1177/0272989X10369007.","Med Decis Making.  2011","PubMed","citation","PMID:20484090 | PMCID:PMC4165390","pubmed","20484090","create date:2010/05/21 | first author:Schroy PC 3rd",
"Early adolescent executive functioning, intrauterine exposures and own drug use.","/pubmed/21371553","Rose-Jacobs R, Soenksen S, Appugliese DP, Cabral HJ, Richardson MA, Beeghly M, Heeren TC, Frank DA.","Neurotoxicol Teratol. 2011 May-Jun;33(3):379-92. doi: 10.1016/j.ntt.2011.02.013.","Neurotoxicol Teratol.  2011","PubMed","citation","PMID:21371553 | PMCID:PMC3145371","pubmed","21371553","create date:2011/03/05 | first author:Rose-Jacobs R",
"Adolescent initiation of licit and illicit substance use: Impact of intrauterine exposures and post-natal exposure to violence.","/pubmed/20600847","Frank DA, Rose-Jacobs R, Crooks D, Cabral HJ, Gerteis J, Hacker KA, Martin B, Weinstein ZB, Heeren T.","Neurotoxicol Teratol. 2011 Jan-Feb;33(1):100-9. doi: 10.1016/j.ntt.2010.06.002.","Neurotoxicol Teratol.  2011","PubMed","citation","PMID:20600847 | PMCID:PMC3000885","pubmed","20600847","create date:2010/07/06 | first author:Frank DA",
"Hospital patients' perceptions during treatment and early discontinuation of serotonin selective reuptake inhibitor antidepressants.","/pubmed/21105288","Woolley SB, Fredman L, Goethe JW, Lincoln AK, Heeren T.","J Clin Psychopharmacol. 2010 Dec;30(6):716-9.","J Clin Psychopharmacol.  2010","PubMed","citation","PMID:21105288","pubmed","21105288","create date:2010/11/26 | first author:Woolley SB",
"Mechanisms of change in control group drinking in clinical trials of brief alcohol intervention: implications for bias toward the null.","/pubmed/20887573","Bernstein JA, Bernstein E, Heeren TC.","Drug Alcohol Rev. 2010 Sep;29(5):498-507. doi: 10.1111/j.1465-3362.2010.00174.x. Review.","Drug Alcohol Rev.  2010","PubMed","citation","PMID:20887573","pubmed","20887573","create date:2010/10/05 | first author:Bernstein JA",
"Hangover Predicts Residual Alcohol Effects on Psychomotor Vigilance the Morning After Intoxication.","/pubmed/21643431","Howland J, Rohsenow DJ, Bliss CA, Almeida AB, Calise TV, Heeren T, Winter M.","J Addict Res Ther. 2010 Aug 23;1(101). pii: 1000101.","J Addict Res Ther.  2010","PubMed","citation","PMID:21643431 | PMCID:PMC3105242","pubmed","21643431","create date:2011/06/07 | first author:Howland J",
"A brief motivational interview in a pediatric emergency department, plus 10-day telephone follow-up, increases attempts to quit drinking among youth and young adults who screen positive for problematic drinking.","/pubmed/20670329","Bernstein J, Heeren T, Edward E, Dorfman D, Bliss C, Winter M, Bernstein E.","Acad Emerg Med. 2010 Aug;17(8):890-902. doi: 10.1111/j.1553-2712.2010.00818.x.","Acad Emerg Med.  2010","PubMed","citation","PMID:20670329 | PMCID:PMC2913305","pubmed","20670329","create date:2010/07/31 | first author:Bernstein J",
"Development and validity of a 2-item screen to identify families at risk for food insecurity.","/pubmed/20595453","Hager ER, Quigg AM, Black MM, Coleman SM, Heeren T, Rose-Jacobs R, Cook JT, de Cuba SA, Casey PH, Chilton M, Cutts DB, Meyers AF, Frank DA.","Pediatrics. 2010 Jul;126(1):e26-32. doi: 10.1542/peds.2009-3146.","Pediatrics.  2010","PubMed","citation","PMID:20595453","pubmed","20595453","create date:2010/07/03 | first author:Hager ER",
"Noninvasive markers of liver fibrosis are highly predictive of liver-related death in a cohort of HCV-infected individuals with and without HIV infection.","/pubmed/20179698","Nunes D, Fleming C, Offner G, Craven D, Fix O, Heeren T, Koziel MJ, Graham C, Tumilty S, Skolnik P, Stuver S, Horsburgh CR Jr, Cotton D.","Am J Gastroenterol. 2010 Jun;105(6):1346-53. doi: 10.1038/ajg.2009.746.","Am J Gastroenterol.  2010","PubMed","citation","PMID:20179698","pubmed","20179698","create date:2010/02/25 | first author:Nunes D",
"Cumulative hardship and wellness of low-income, young children: multisite surveillance study.","/pubmed/20385641","Frank DA, Casey PH, Black MM, Rose-Jacobs R, Chilton M, Cutts D, March E, Heeren T, Coleman S, de Cuba SE, Cook JT.","Pediatrics. 2010 May;125(5):e1115-23. doi: 10.1542/peds.2009-1078.","Pediatrics.  2010","PubMed","citation","PMID:20385641","pubmed","20385641","create date:2010/04/14 | first author:Frank DA",
"The effects of binge drinking on college students' next-day academic test-taking performance and mood state.","/pubmed/20403018","Howland J, Rohsenow DJ, Greece JA, Littlefield CA, Almeida A, Heeren T, Winter M, Bliss CA, Hunt S, Hermos J.","Addiction. 2010 Apr;105(4):655-65. doi: 10.1111/j.1360-0443.2009.02880.x.","Addiction.  2010","PubMed","citation","PMID:20403018 | PMCID:PMC2859622","pubmed","20403018","create date:2010/04/21 | first author:Howland J",
"Influence of prior advice and beliefs of mothers on infant sleep position.","/pubmed/20368490","Von Kohorn I, Corwin MJ, Rybin DV, Heeren TC, Lister G, Colson ER.","Arch Pediatr Adolesc Med. 2010 Apr;164(4):363-9. doi: 10.1001/archpediatrics.2010.26.","Arch Pediatr Adolesc Med.  2010","PubMed","citation","PMID:20368490 | PMCID:PMC2901910","pubmed","20368490","create date:2010/04/07 | first author:Von Kohorn I",
"Performance of mixed effects models in the analysis of mediated longitudinal data.","/pubmed/20170503","Blood EA, Cabral H, Heeren T, Cheng DM.","BMC Med Res Methodol. 2010 Feb 19;10:16. doi: 10.1186/1471-2288-10-16.","BMC Med Res Methodol.  2010","PubMed","citation","PMID:20170503 | PMCID:PMC2842282","pubmed","20170503","create date:2010/02/23 | first author:Blood EA",
"PTSD symptom increases in Iraq-deployed soldiers: comparison with nondeployed soldiers and associations with baseline symptoms, deployment experiences, and postdeployment stress.","/pubmed/20135698","Vasterling JJ, Proctor SP, Friedman MJ, Hoge CW, Heeren T, King LA, King DW.","J Trauma Stress. 2010 Feb;23(1):41-51. doi: 10.1002/jts.20487.","J Trauma Stress.  2010","PubMed","citation","PMID:20135698","pubmed","20135698","create date:2010/02/06 | first author:Vasterling JJ",
"A cost-effectiveness analysis of subject recruitment strategies in the HIPAA era: results from a colorectal cancer screening adherence trial.","/pubmed/19933718","Schroy PC 3rd, Glick JT, Robinson P, Lydotes MA, Heeren TC, Prout M, Davidson P, Wong JB.","Clin Trials. 2009 Dec;6(6):597-609. doi: 10.1177/1740774509346703.","Clin Trials.  2009","PubMed","citation","PMID:19933718","pubmed","19933718","create date:2009/11/26 | first author:Schroy PC 3rd",
"Social status, gender and alcohol-related problems: the black young adult experience.","/pubmed/19462265","Godette DC, Edwards E, Ford CL, Strunin L, Heeren T, Kawachi I.","Ethn Health. 2009 Oct;14(5):479-96. doi: 10.1080/13557850902923281.","Ethn Health.  2009","PubMed","citation","PMID:19462265","pubmed","19462265","create date:2009/05/23 | first author:Godette DC",
"Prospective assessment of neuropsychological functioning and mood in US Army National Guard personnel deployed as peacekeepers.","/pubmed/19730757","Proctor SP, Heaton KJ, Dos Santos KD, Rosenman ES, Heeren T.","Scand J Work Environ Health. 2009 Oct;35(5):349-60.","Scand J Work Environ Health.  2009","PubMed","citation","PMID:19730757","pubmed","19730757","create date:2009/09/05 | first author:Proctor SP",
"Association of time since deployment, combat intensity, and posttraumatic stress symptoms with neuropsychological outcomes following Iraq war deployment.","/pubmed/19736356","Marx BP, Brailey K, Proctor SP, Macdonald HZ, Graefe AC, Amoroso P, Heeren T, Vasterling JJ.","Arch Gen Psychiatry. 2009 Sep;66(9):996-1004. doi: 10.1001/archgenpsychiatry.2009.109.","Arch Gen Psychiatry.  2009","PubMed","citation","PMID:19736356","pubmed","19736356","create date:2009/09/09 | first author:Marx BP",
"Age of drinking onset and injuries, motor vehicle crashes, and physical fights after drinking and when not drinking.","/pubmed/19298330","Hingson RW, Edwards EM, Heeren T, Rosenbloom D.","Alcohol Clin Exp Res. 2009 May;33(5):783-90. doi: 10.1111/j.1530-0277.2009.00896.x.","Alcohol Clin Exp Res.  2009","PubMed","citation","PMID:19298330 | PMCID:PMC3383090","pubmed","19298330","create date:2009/03/21 | first author:Hingson RW",
"Child abuse and neglect: relations to adolescent binge drinking in the national longitudinal study of Adolescent Health (AddHealth) Study.","/pubmed/19028418","Shin SH, Edwards EM, Heeren T.","Addict Behav. 2009 Mar;34(3):277-80. doi: 10.1016/j.addbeh.2008.10.023.","Addict Behav.  2009","PubMed","citation","PMID:19028418 | PMCID:PMC2656346","pubmed","19028418","create date:2008/11/26 | first author:Shin SH",
"Food insecurity and risk of poor health among US-born children of immigrants.","/pubmed/19106417","Chilton M, Black MM, Berkowitz C, Casey PH, Cook J, Cutts D, Jacobs RR, Heeren T, de Cuba SE, Coleman S, Meyers A, Frank DA.","Am J Public Health. 2009 Mar;99(3):556-62. doi: 10.2105/AJPH.2008.144394.","Am J Public Health.  2009","PubMed","citation","PMID:19106417 | PMCID:PMC2661461","pubmed","19106417","create date:2008/12/25 | first author:Chilton M",
"Relationship between Multiple Forms of Maltreatment by a Parent or Guardian and Adolescent Alcohol Use.","/pubmed/19340641","Shin SH, Edwards E, Heeren T, Amodeo M.","Am J Addict. 2009 May-Jun;18(3):226-34. doi: 10.1080/10550490902786959.","Am J Addict.  2009","PubMed","citation","PMID:19340641","pubmed","19340641","create date:2009/04/03 | first author:Shin SH",
"Intrauterine cocaine exposure and executive functioning in middle childhood.","/pubmed/19146950","Rose-Jacobs R, Waber D, Beeghly M, Cabral H, Appugleise D, Heeren T, Marani J, Frank DA.","Neurotoxicol Teratol. 2009 May-Jun;31(3):159-68. doi: 10.1016/j.ntt.2008.12.002.","Neurotoxicol Teratol.  2009","PubMed","citation","PMID:19146950 | PMCID:PMC2774774","pubmed","19146950","create date:2009/01/17 | first author:Rose-Jacobs R",
"Headache complaints and the risk of suicidal thoughts or behaviors.","/pubmed/19008733","Woolley SB, Fredman L, Goethe JW, Lincoln AK, Heeren T.","J Nerv Ment Dis. 2008 Nov;196(11):822-8. doi: 10.1097/NMD.0b013e31818b4e4f.","J Nerv Ment Dis.  2008","PubMed","citation","PMID:19008733","pubmed","19008733","create date:2008/11/15 | first author:Woolley SB",
"A brief indicator of household energy security: associations with food security, child health, and child development in US infants and toddlers.","/pubmed/18829785","Cook JT, Frank DA, Casey PH, Rose-Jacobs R, Black MM, Chilton M, Ettinger de Cuba S, Appugliese D, Coleman S, Heeren T, Berkowitz C, Cutts DB.","Pediatrics. 2008 Oct;122(4):e867-75. doi: 10.1542/peds.2008-0286.","Pediatrics.  2008","PubMed","citation","PMID:18829785","pubmed","18829785","create date:2008/10/03 | first author:Cook JT",
"Adverse childhood experiences predict earlier age of drinking onset: results from a representative US sample of current or former drinkers.","/pubmed/18676515","Rothman EF, Edwards EM, Heeren T, Hingson RW.","Pediatrics. 2008 Aug;122(2):e298-304. doi: 10.1542/peds.2007-3412.","Pediatrics.  2008","PubMed","citation","PMID:18676515","pubmed","18676515","create date:2008/08/05 | first author:Rothman EF",
"An effective educational strategy for improving knowledge, risk perception, and risk communication among colorectal adenoma patients.","/pubmed/18574393","Schroy PC 3rd, Glick JT, Wilson S, Robinson PA, Heeren TC.","J Clin Gastroenterol. 2008 Jul;42(6):708-14. doi: 10.1097/MCG.0b013e3180500318.","J Clin Gastroenterol.  2008","PubMed","citation","PMID:18574393","pubmed","18574393","create date:2008/06/25 | first author:Schroy PC 3rd",
"Evaluation of the Webler-Brown model for estimating tetrachloroethylene exposure from vinyl-lined asbestos-cement pipes.","/pubmed/18518975","Spence LA, Aschengrau A, Gallagher LE, Webster TF, Heeren TC, Ozonoff DM.","Environ Health. 2008 Jun 2;7:24. doi: 10.1186/1476-069X-7-24.","Environ Health.  2008","PubMed","citation","PMID:18518975 | PMCID:PMC2432054","pubmed","18518975","create date:2008/06/04 | first author:Spence LA",
"Synergistic effects of child abuse and intimate partner violence on depressive symptoms in women.","/pubmed/18207563","Fogarty CT, Fredman L, Heeren TC, Liebschutz J.","Prev Med. 2008 May;46(5):463-9. doi: 10.1016/j.ypmed.2007.12.009.","Prev Med.  2008","PubMed","citation","PMID:18207563","pubmed","18207563","create date:2008/01/22 | first author:Fogarty CT",
"Early Age-of-onset Drinking Predicts Prescription Drug Misuse Among Teenagers and Young Adults: Results from a National Survey.","/pubmed/21768969","Hermos JA, Winter MR, Heeren TC, Hingson RW.","J Addict Med. 2008 Mar;2(1):22-30. doi: 10.1097/ADM.0b013e3181565e14.","J Addict Med.  2008","PubMed","citation","PMID:21768969","pubmed","21768969","create date:2008/03/01 | first author:Hermos JA",
Title,URL,Description,Details,ShortDetails,Resource,Type,Identifiers,Db,EntrezUID,Properties
"Age at drinking onset, alcohol dependence, and their relation to drug use and dependence, driving under the influence of drugs, and motor-vehicle crash involvement because of drugs.","/pubmed/18299759","Hingson RW, Heeren T, Edwards EM.","J Stud Alcohol Drugs. 2008 Mar;69(2):192-201.","J Stud Alcohol Drugs.  2008","PubMed","citation","PMID:18299759","pubmed","18299759","create date:2008/02/27 | first author:Hingson RW",
"A comparison of results from an alcohol survey of a prerecruited Internet panel and the National Epidemiologic Survey on Alcohol and Related Conditions.","/pubmed/18162076","Heeren T, Edwards EM, Dennis JM, Rodkin S, Hingson RW, Rosenbloom DL.","Alcohol Clin Exp Res. 2008 Feb;32(2):222-9.","Alcohol Clin Exp Res.  2008","PubMed","citation","PMID:18162076","pubmed","18162076","create date:2007/12/29 | first author:Heeren T",
"Household food insecurity: associations with at-risk infant and toddler development.","/pubmed/18166558","Rose-Jacobs R, Black MM, Casey PH, Cook JT, Cutts DB, Chilton M, Heeren T, Levenson SM, Meyers AF, Frank DA.","Pediatrics. 2008 Jan;121(1):65-72. doi: 10.1542/peds.2006-3717.","Pediatrics.  2008","PubMed","citation","PMID:18166558","pubmed","18166558","create date:2008/01/02 | first author:Rose-Jacobs R",
"Country of origin, age of drinking onset, and drinking patterns among Mexican American young adults.","/pubmed/17624686","Strunin L, Edwards EM, Godette DC, Heeren T.","Drug Alcohol Depend. 2007 Dec 1;91(2-3):134-40.","Drug Alcohol Depend.  2007","PubMed","citation","PMID:17624686 | PMCID:PMC2674766","pubmed","17624686","create date:2007/07/13 | first author:Strunin L",
"Breastfeeding and health outcomes among citizen infants of immigrant mothers.","/pubmed/18060893","Neault NB, Frank DA, Merewood A, Philipp B, Levenson S, Cook JT, Meyers AF, Casey PH, Cutts DB, Black MM, Heeren T, Berkowitz C; Children's Sentinel Nutrition Assessment Program Study Group..","J Am Diet Assoc. 2007 Dec;107(12):2077-86.","J Am Diet Assoc.  2007","PubMed","citation","PMID:18060893","pubmed","18060893","create date:2007/12/07 | first author:Neault NB",
"Screening preferences of patients at familial risk of colorectal cancer.","/pubmed/17404844","Schroy Iii PC, Glick JT, Robinson PA, Heeren T.","Dig Dis Sci. 2007 Oct;52(10):2788-95.","Dig Dis Sci.  2007","PubMed","citation","PMID:17404844","pubmed","17404844","create date:2007/04/04 | first author:Schroy Iii PC",
"Assessing the safety of anthrax immunization in US Army aircrew members via physical examination.","/pubmed/18000413","Downing J, Greig TW, Quattlebaum MD, Valentin M, Heeren TC, Grabenstein JD.","J Occup Environ Med. 2007 Oct;49(10):1079-85.","J Occup Environ Med.  2007","PubMed","citation","PMID:18000413","pubmed","18000413","create date:2007/11/15 | first author:Downing J",
"Variability in the diagnosis and management of adenoma-like and non-adenoma-like dysplasia-associated lesions or masses in inflammatory bowel disease: an Internet-based study.","/pubmed/17640638","Farraye FA, Waye JD, Moscandrew M, Heeren TC, Odze RD.","Gastrointest Endosc. 2007 Sep;66(3):519-29.","Gastrointest Endosc.  2007","PubMed","citation","PMID:17640638","pubmed","17640638","create date:2007/07/21 | first author:Farraye FA",
"Patient preferences for colorectal cancer screening: how does stool DNA testing fare?","/pubmed/17620034","Schroy PC 3rd, Lal S, Glick JT, Robinson PA, Zamor P, Heeren TC.","Am J Manag Care. 2007 Jul;13(7):393-400.","Am J Manag Care.  2007","PubMed","citation","PMID:17620034","pubmed","17620034","create date:2007/07/11 | first author:Schroy PC 3rd",
"Pre-natal exposures to cocaine and alcohol and physical growth patterns to age 8 years.","/pubmed/17412558","Lumeng JC, Cabral HJ, Gannon K, Heeren T, Frank DA.","Neurotoxicol Teratol. 2007 Jul-Aug;29(4):446-57.","Neurotoxicol Teratol.  2007","PubMed","citation","PMID:17412558 | PMCID:PMC2227319","pubmed","17412558","create date:2007/04/07 | first author:Lumeng JC",
"Heat or eat: the Low Income Home Energy Assistance Program and nutritional and health risks among children less than 3 years of age.","/pubmed/17079530","Frank DA, Neault NB, Skalicky A, Cook JT, Wilson JD, Levenson S, Meyers AF, Heeren T, Cutts DB, Casey PH, Black MM, Berkowitz C.","Pediatrics. 2006 Nov;118(5):e1293-302.","Pediatrics.  2006","PubMed","citation","PMID:17079530","pubmed","17079530","create date:2006/11/03 | first author:Frank DA",
"Age of alcohol-dependence onset: associations with severity of dependence and seeking treatment.","/pubmed/16950966","Hingson RW, Heeren T, Winter MR.","Pediatrics. 2006 Sep;118(3):e755-63.","Pediatrics.  2006","PubMed","citation","PMID:16950966","pubmed","16950966","create date:2006/09/05 | first author:Hingson RW",
"A randomized trial to improve early detection and prevention practices among siblings of melanoma patients.","/pubmed/16832795","Geller AC, Emmons KM, Brooks DR, Powers C, Zhang Z, Koh HK, Heeren T, Sober AJ, Li F, Gilchrest BA.","Cancer. 2006 Aug 15;107(4):806-14.","Cancer.  2006","PubMed","citation","PMID:16832795","pubmed","16832795","create date:2006/07/13 | first author:Geller AC",
"Neuropsychological outcomes of army personnel following deployment to the Iraq war.","/pubmed/16882958","Vasterling JJ, Proctor SP, Amoroso P, Kane R, Heeren T, White RF.","JAMA. 2006 Aug 2;296(5):519-29.","JAMA.  2006","PubMed","citation","PMID:16882958","pubmed","16882958","create date:2006/08/03 | first author:Vasterling JJ",
"Age at drinking onset and alcohol dependence: age at onset, duration, and severity.","/pubmed/16818840","Hingson RW, Heeren T, Winter MR.","Arch Pediatr Adolesc Med. 2006 Jul;160(7):739-46.","Arch Pediatr Adolesc Med.  2006","PubMed","citation","PMID:16818840","pubmed","16818840","create date:2006/07/05 | first author:Hingson RW",
"Endothelial function in HIV-infected persons.","/pubmed/16586393","Solages A, Vita JA, Thornton DJ, Murray J, Heeren T, Craven DE, Horsburgh CR Jr.","Clin Infect Dis. 2006 May 1;42(9):1325-32.","Clin Infect Dis.  2006","PubMed","citation","PMID:16586393 | PMCID:PMC2737346","pubmed","16586393","create date:2006/04/06 | first author:Solages A",
"Effectiveness of Centers for Disease Control and Prevention recommendations for outcomes of acute otitis media.","/pubmed/16585294","Bauchner H, Marchant CD, Bisbee A, Heeren T, Wang B, McCabe M, Pelton S; Boston-Based Pediatric Research Group..","Pediatrics. 2006 Apr;117(4):1009-17.","Pediatrics.  2006","PubMed","citation","PMID:16585294","pubmed","16585294","create date:2006/04/06 | first author:Bauchner H",
"Predictors of disclosure of continued cocaine use.","/pubmed/15908136","Tassiopoulos K, Bernstein J, Heeren T, Levenson S, Hingson R, Bernstein E.","Addict Behav. 2006 Jan;31(1):80-9.","Addict Behav.  2006","PubMed","citation","PMID:15908136","pubmed","15908136","create date:2005/05/24 | first author:Tassiopoulos K",
"Racial and ethnic differences in health and health care: lessons from an inner-city patient population actively using heroin and cocaine.","/pubmed/16635973","Bernstein J, Bernstein E, Shepard DS, Valentine A, Heeren T, Winter M, Levenson S, Beaston-Blaakman A, Tassiopoulos K, Hingson R.","J Ethn Subst Abuse. 2006;5(2):35-50.","J Ethn Subst Abuse.  2006","PubMed","citation","PMID:16635973","pubmed","16635973","create date:2006/04/26 | first author:Bernstein J",
"HIV infection does not affect the performance of noninvasive markers of fibrosis for the diagnosis of hepatitis C virus-related liver disease.","/pubmed/16284529","Nunes D, Fleming C, Offner G, O'Brien M, Tumilty S, Fix O, Heeren T, Koziel M, Graham C, Craven DE, Stuver S, Horsburgh CR Jr.","J Acquir Immune Defic Syndr. 2005 Dec 15;40(5):538-44.","J Acquir Immune Defic Syndr.  2005","PubMed","citation","PMID:16284529","pubmed","16284529","create date:2005/11/15 | first author:Nunes D",
"Flexible sigmoidoscopy for colorectal cancer screening in the elderly.","/pubmed/16240230","Pabby A, Suneja A, Heeren T, Farraye FA.","Dig Dis Sci. 2005 Nov;50(11):2147-52.","Dig Dis Sci.  2005","PubMed","citation","PMID:16240230","pubmed","16240230","create date:2005/10/22 | first author:Pabby A",
"Histopathologic effects of cidofovir on cartilage.","/pubmed/16274789","Spiegel JH, Andrus JG, Stefanato CM, Heeren T.","Otolaryngol Head Neck Surg. 2005 Nov;133(5):666-71.","Otolaryngol Head Neck Surg.  2005","PubMed","citation","PMID:16274789","pubmed","16274789","create date:2005/11/09 | first author:Spiegel JH",
"Subsidized housing and children's nutritional status: data from a multisite surveillance study.","/pubmed/15939854","Meyers A, Cutts D, Frank DA, Levenson S, Skalicky A, Heeren T, Cook J, Berkowitz C, Black M, Casey P, Zaldivar N.","Arch Pediatr Adolesc Med. 2005 Jun;159(6):551-6.","Arch Pediatr Adolesc Med.  2005","PubMed","citation","PMID:15939854","pubmed","15939854","create date:2005/06/09 | first author:Meyers A",
"Deficiencies in knowledge and familial risk communication among colorectal adenoma patients.","/pubmed/15758623","Schroy PC 3rd, Lal SK, Wilson S, Heeren T, Farraye FA.","J Clin Gastroenterol. 2005 Apr;39(4):298-302.","J Clin Gastroenterol.  2005","PubMed","citation","PMID:15758623","pubmed","15758623","create date:2005/03/11 | first author:Schroy PC 3rd",
"A novel educational strategy to enhance internal medicine residents' familial colorectal cancer knowledge and risk assessment skills.","/pubmed/15743368","Schroy PC 3rd, Glick JT, Geller AC, Jackson A, Heeren T, Prout M.","Am J Gastroenterol. 2005 Mar;100(3):677-84. Erratum in: Am J Gastroenterol. 2006 Jan;101(1):209. ","Am J Gastroenterol.  2005","PubMed","citation","PMID:15743368","pubmed","15743368","create date:2005/03/04 | first author:Schroy PC 3rd",
"Patient perceptions of stool-based DNA testing for colorectal cancer screening.","/pubmed/15710277","Schroy PC 3rd, Heeren TC.","Am J Prev Med. 2005 Feb;28(2):208-14.","Am J Prev Med.  2005","PubMed","citation","PMID:15710277","pubmed","15710277","create date:2005/02/16 | first author:Schroy PC 3rd",
"Brief motivational intervention at a clinic visit reduces cocaine and heroin use.","/pubmed/15607841","Bernstein J, Bernstein E, Tassiopoulos K, Heeren T, Levenson S, Hingson R.","Drug Alcohol Depend. 2005 Jan 7;77(1):49-59.","Drug Alcohol Depend.  2005","PubMed","citation","PMID:15607841","pubmed","15607841","create date:2004/12/21 | first author:Bernstein J",
"Magnitude of alcohol-related mortality and morbidity among U.S. college students ages 18-24: changes from 1998 to 2001.","/pubmed/15760289","Hingson R, Heeren T, Winter M, Wechsler H.","Annu Rev Public Health. 2005;26:259-79. Review.","Annu Rev Public Health.  2005","PubMed","citation","PMID:15760289","pubmed","15760289","create date:2005/03/12 | first author:Hingson R",
"Racial and ethnic diversity among a heroin and cocaine using population: treatment system utilization.","/pubmed/16368656","Bernstein E, Bernstein J, Tassiopoulos K, Valentine A, Heeren T, Levenson S, Hingson R.","J Addict Dis. 2005;24(4):43-63.","J Addict Dis.  2005","PubMed","citation","PMID:16368656 | PMCID:PMC1761118","pubmed","16368656","create date:2005/12/22 | first author:Bernstein E",
"Education modifies the effect of alcohol on memory impairment: the third national health and nutrition examination survey.","/pubmed/15459511","Zhang Y, Heeren T, Curtis Ellison R.","Neuroepidemiology. 2005;24(1-2):63-9.","Neuroepidemiology.  2005","PubMed","citation","PMID:15459511","pubmed","15459511","create date:2004/10/02 | first author:Zhang Y",
"Breast cancer survival of American Indian/Alaska Native women, 1973-1996.","/pubmed/16167507","Wampler NS, Lash TL, Silliman RA, Heeren TC.","Soz Praventivmed. 2005;50(4):230-7.","Soz Praventivmed.  2005","PubMed","citation","PMID:16167507","pubmed","16167507","create date:2005/09/20 | first author:Wampler NS",
"The views of U.S. medical school deans toward academic primary care.","/pubmed/15504779","Friedman RH, Wahi-Gururaj S, Alpert J, Bauchner H, Culpepper L, Heeren T, Singer A.","Acad Med. 2004 Nov;79(11):1095-102.","Acad Med.  2004","PubMed","citation","PMID:15504779","pubmed","15504779","create date:2004/10/27 | first author:Friedman RH",
"Sleep-disordered breathing symptoms are associated with poorer cognitive function in 5-year-old children.","/pubmed/15480367","Gottlieb DJ, Chase C, Vezina RM, Heeren TC, Corwin MJ, Auerbach SH, Weese-Mayer DE, Lesko SM.","J Pediatr. 2004 Oct;145(4):458-64.","J Pediatr.  2004","PubMed","citation","PMID:15480367","pubmed","15480367","create date:2004/10/14 | first author:Gottlieb DJ",
"Changing patterns of sun protection between the first and second summers for very young children.","/pubmed/15313807","Benjes LS, Brooks DR, Zhang Z, Livstone L, Sayers L, Powers C, Miller DR, Heeren T, Geller AC.","Arch Dermatol. 2004 Aug;140(8):925-30.","Arch Dermatol.  2004","PubMed","citation","PMID:15313807","pubmed","15313807","create date:2004/08/18 | first author:Benjes LS",
"Screening flexible sigmoidoscopy using an upper endoscope is better tolerated by women.","/pubmed/15180728","Farraye FA, Horton K, Hersey H, Trnka Y, Heeren T, Provenzale D.","Am J Gastroenterol. 2004 Jun;99(6):1074-80.","Am J Gastroenterol.  2004","PubMed","citation","PMID:15180728","pubmed","15180728","create date:2004/06/08 | first author:Farraye FA",
"Hair testing and self-report of cocaine use by heroin users.","/pubmed/15078233","Tassiopoulos K, Bernstein J, Heeren T, Levenson S, Hingson R, Bernstein E.","Addiction. 2004 May;99(5):590-7.","Addiction.  2004","PubMed","citation","PMID:15078233","pubmed","15078233","create date:2004/04/14 | first author:Tassiopoulos K",
"A national survey of flexible sigmoidoscopy training in primary care graduate and postgraduate education programs.","/pubmed/15128345","Lal SK, Barrison A, Heeren T, Schroy PC 3rd.","Am J Gastroenterol. 2004 May;99(5):830-6.","Am J Gastroenterol.  2004","PubMed","citation","PMID:15128345","pubmed","15128345","create date:2004/05/07 | first author:Lal SK",
"Health-related quality of life of patients with HIV disease: impact of hepatitis C coinfection.","/pubmed/14765352","Fleming CA, Christiansen D, Nunes D, Heeren T, Thornton D, Horsburgh CR Jr, Koziel MJ, Graham C, Craven DE.","Clin Infect Dis. 2004 Feb 15;38(4):572-8.","Clin Infect Dis.  2004","PubMed","citation","PMID:14765352","pubmed","14765352","create date:2004/02/07 | first author:Fleming CA",
"Symptoms of sleep-disordered breathing in 5-year-old children are associated with sleepiness and problem behaviors.","/pubmed/14523179","Gottlieb DJ, Vezina RM, Chase C, Lesko SM, Heeren TC, Weese-Mayer DE, Auerbach SH, Corwin MJ.","Pediatrics. 2003 Oct;112(4):870-7.","Pediatrics.  2003","PubMed","citation","PMID:14523179","pubmed","14523179","create date:2003/10/03 | first author:Gottlieb DJ",
"Colorectal cancer screening and familial risk: a survey of internal medicine residents' knowledge and practice patterns.","/pubmed/12818289","Barrison AF, Smith C, Oviedo J, Heeren T, Schroy PC 3rd.","Am J Gastroenterol. 2003 Jun;98(6):1410-6.","Am J Gastroenterol.  2003","PubMed","citation","PMID:12818289","pubmed","12818289","create date:2003/06/24 | first author:Barrison AF",
"The reliability of passively collected AIDS surveillance data in Massachusetts.","/pubmed/12559668","Gallagher KM, Jara M, Demaria A Jr, Seage GR, Heeren T.","Ann Epidemiol. 2003 Feb;13(2):100-4.","Ann Epidemiol.  2003","PubMed","citation","PMID:12559668","pubmed","12559668","create date:2003/02/01 | first author:Gallagher KM",
"Age of first intoxication, heavy drinking, driving after drinking and risk of unintentional injury among U.S. college students.","/pubmed/12608480","Hingson R, Heeren T, Zakocs R, Winter M, Wechsler H.","J Stud Alcohol. 2003 Jan;64(1):23-31.","J Stud Alcohol.  2003","PubMed","citation","PMID:12608480","pubmed","12608480","create date:2003/03/01 | first author:Hingson R",
"Secular changes in sleep position during infancy: 1995-1998.","/pubmed/12509554","Corwin MJ, Lesko SM, Heeren T, Vezina RM, Hunt CE, Mandell F, McClain M, Mitchell AA.","Pediatrics. 2003 Jan;111(1):52-60.","Pediatrics.  2003","PubMed","citation","PMID:12509554","pubmed","12509554","create date:2003/01/02 | first author:Corwin MJ",
"Early age of first drunkenness as a factor in college students' unplanned and unprotected sex attributable to drinking.","/pubmed/12509551","Hingson R, Heeren T, Winter MR, Wechsler H.","Pediatrics. 2003 Jan;111(1):34-41.","Pediatrics.  2003","PubMed","citation","PMID:12509551","pubmed","12509551","create date:2003/01/02 | first author:Hingson R",
"Level of prenatal cocaine exposure and scores on the Bayley Scales of Infant Development: modifying effects of caregiver, early intervention, and birth weight.","/pubmed/12456912","Frank DA, Jacobs RR, Beeghly M, Augustyn M, Bellinger D, Cabral H, Heeren T.","Pediatrics. 2002 Dec;110(6):1143-52.","Pediatrics.  2002","PubMed","citation","PMID:12456912 | PMCID:PMC2366173","pubmed","12456912","create date:2002/11/29 | first author:Frank DA",
"Is one selective serotonin reuptake inhibitor better than another?","/pubmed/11960527","Culpepper L, Heeren T.","JAMA. 2002 Apr 17;287(15):1936; author reply 1937-8. No abstract available. ","JAMA.  2002","PubMed","citation","PMID:11960527","pubmed","11960527","create date:2002/04/19 | first author:Culpepper L",
"Magnitude of alcohol-related mortality and morbidity among U.S. college students ages 18-24.","/pubmed/12033690","Hingson RW, Heeren T, Zakocs RC, Kopstein A, Wechsler H.","J Stud Alcohol. 2002 Mar;63(2):136-44.","J Stud Alcohol.  2002","PubMed","citation","PMID:12033690","pubmed","12033690","create date:2002/05/30 | first author:Hingson RW",
"Communication in health professional-lay encounters: how often does each party know what the other wants to discuss?","/pubmed/11654229","Wertz DC, Sorenson JR, Heeren TC.","Inf Behav. 1987;2:329-42. No abstract available. ","Inf Behav.  1987","PubMed","citation","PMID:11654229","pubmed","11654229","create date:1987/01/01 | first author:Wertz DC",
